image_id,country,denomination,series,year,mint,side,image_path,source,license
img_000001,USA,Penny,Lincoln Cent,,,Obverse,"coins/Lincoln Cents, 1909-Date/Lincoln Cent 37633_219 Obverse.jpg",https://www.kaggle.com/datasets/sergiosaharovskiy/uscoins,CC0: Public Domain
img_000002,USA,Penny,Lincoln Cent,,,Reverse,"coins/Lincoln Cents, 1909-Date/Lincoln Cent 320686_6 Reverse.jpg",https://www.kaggle.com/datasets/sergiosaharovskiy/uscoins,CC0: Public Domain
img_000003,USA,Penny,Lincoln Cent,,,Reverse,"coins/Lincoln Cents, 1909-Date/Lincoln Cent 107258_64 Reverse.jpg",https://www.kaggle.com/datasets/sergiosaharovskiy/uscoins,CC0: Public Domain
img_000004,USA,Penny,Lincoln Cent,,,Reverse,"coins/Lincoln Cents, 1909-Date/Lincoln Cent 37633_222 Reverse.jpg",https://www.kaggle.com/datasets/sergiosaharovskiy/uscoins,CC0: Public Domain
img_000005,USA,Penny,Lincoln Cent,,,Obverse,"coins/Lincoln Cents, 1909-Date/Lincoln Cent 41463_18 Obverse.jpg",https://www.kaggle.com/datasets/sergiosaharovskiy/uscoins,CC0: Public Domain
img_000006,USA,Penny,Lincoln Cent,,,Obverse,"coins/Lincoln Cents, 1909-Date/Lincoln Cent 2445_117 Obverse.jpg",https://www.kaggle.com/datasets/sergiosaharovskiy/uscoins,CC0: Public Domain
img_000007,USA,Penny,Lincoln Cent,,,Obverse,"coins/Lincoln Cents, 1909-Date/Lincoln Cent 41463_71 Obverse.jpg",https://www.kaggle.com/datasets/sergiosaharovskiy/uscoins,CC0: Public Domain
img_000008,USA,Penny,Lincoln Cent,,,Obverse,"coins/Lincoln Cents, 1909-Date/Lincoln Cent 2445_173 Obverse.jpg",https://www.kaggle.com/datasets/sergiosaharovskiy/uscoins,CC0: Public Domain
img_000009,USA,Penny,Lincoln Cent,,,Obverse,"coins/Lincoln Cents, 1909-Date/Lincoln Cent 69935_13 Obverse.jpg",https://www.kaggle.com/datasets/sergiosaharovskiy/uscoins,CC0: Public Domain
img_000010,USA,Penny,Lincoln Cent,,,Reverse,"coins/Lincoln Cents, 1909-Date/Lincoln Cent 2445_322 Reverse.jpg",https://www.kaggle.com/datasets/sergiosaharovskiy/uscoins,CC0: Public Domain
img_000011,USA,Penny,Lincoln Cent,,,Reverse,"coins/Lincoln Cents, 1909-Date/Lincoln Cent 107258_96 Reverse.jpg",https://www.kaggle.com/datasets/sergiosaharovskiy/uscoins,CC0: Public Domain
img_000012,USA,Penny,Lincoln Cent,,,Obverse,"coins/Lincoln Cents, 1909-Date/Lincoln Cent 320686_59 Obverse.jpg",https://www.kaggle.com/datasets/sergiosaharovskiy/uscoins,CC0: Public Domain
img_000013,USA,Penny,Lincoln Cent,,,Obverse,"coins/Lincoln Cents, 1909-Date/Lincoln Cent 69935_97 Obverse.jpg",https://www.kaggle.com/datasets/sergiosaharovskiy/uscoins,CC0: Public Domain
img_000014,USA,Penny,Lincoln Cent,,,Reverse,"coins/Lincoln Cents, 1909-Date/Lincoln Cent 47672_234 Reverse.jpg",https://www.kaggle.com/datasets/sergiosaharovskiy/uscoins,CC0: Public Domain
img_000015,USA,Penny,Lincoln Cent,,,Obverse,"coins/Lincoln Cents, 1909-Date/Lincoln Cent 41463_65 Obverse.jpg",https://www.kaggle.com/datasets/sergiosaharovskiy/uscoins,CC0: Public Domain
img_000016,USA,Penny,Lincoln Cent,,,Obverse,"coins/Lincoln Cents, 1909-Date/Lincoln Cent 47672_185 Obverse.jpg",https://www.kaggle.com/datasets/sergiosaharovskiy/uscoins,CC0: Public Domain
img_000017,USA,Penny,Lincoln Cent,,,Obverse,"coins/Lincoln Cents, 1909-Date/Lincoln Cent 2445_9 Obverse.jpg",https://www.kaggle.com/datasets/sergiosaharovskiy/uscoins,CC0: Public Domain
img_000018,USA,Penny,Lincoln Cent,,,Obverse,"coins/Lincoln Cents, 1909-Date/Lincoln Cent 2445_10 Obverse.jpg",https://www.kaggle.com/datasets/sergiosaharovskiy/uscoins,CC0: Public Domain
img_000019,USA,Penny,Lincoln Cent,,,Reverse,"coins/Lincoln Cents, 1909-Date/Lincoln Cent 41463_6 Reverse.jpg",https://www.kaggle.com/datasets/sergiosaharovskiy/uscoins,CC0: Public Domain
img_000020,USA,Penny,Lincoln Cent,,,Reverse,"coins/Lincoln Cents, 1909-Date/Lincoln Cent 320686_29 Reverse.jpg",https://www.kaggle.com/datasets/sergiosaharovskiy/uscoins,CC0: Public Domain
img_000021,USA,Penny,Lincoln Cent,,,Reverse,"coins/Lincoln Cents, 1909-Date/Lincoln Cent 107258_15 Reverse.jpg",https://www.kaggle.com/datasets/sergiosaharovskiy/uscoins,CC0: Public Domain
img_000022,USA,Penny,Lincoln Cent,,,Reverse,"coins/Lincoln Cents, 1909-Date/Lincoln Cent 2445_50 Reverse.jpg",https://www.kaggle.com/datasets/sergiosaharovskiy/uscoins,CC0: Public Domain
img_000023,USA,Penny,Lincoln Cent,,,Obverse,"coins/Lincoln Cents, 1909-Date/Lincoln Cent 41463_24 Obverse.jpg",https://www.kaggle.com/datasets/sergiosaharovskiy/uscoins,CC0: Public Domain
img_000024,USA,Penny,Lincoln Cent,,,Obverse,"coins/Lincoln Cents, 1909-Date/Lincoln Cent 2445_52 Obverse.jpg",https://www.kaggle.com/datasets/sergiosaharovskiy/uscoins,CC0: Public Domain
img_000025,USA,Penny,Lincoln Cent,,,Obverse,"coins/Lincoln Cents, 1909-Date/Lincoln Cent 41463_67 Obverse.jpg",https://www.kaggle.com/datasets/sergiosaharovskiy/uscoins,CC0: Public Domain
img_000026,USA,Penny,Lincoln Cent,,,Obverse,"coins/Lincoln Cents, 1909-Date/Lincoln Cent 2445_152 Obverse.jpg",https://www.kaggle.com/datasets/sergiosaharovskiy/uscoins,CC0: Public Domain
img_000027,USA,Penny,Lincoln Cent,,,Reverse,"coins/Lincoln Cents, 1909-Date/Lincoln Cent 2445_34 Reverse.jpg",https://www.kaggle.com/datasets/sergiosaharovskiy/uscoins,CC0: Public Domain
img_000028,USA,Penny,Lincoln Cent,,,Obverse,"coins/Lincoln Cents, 1909-Date/Lincoln Cent 41463_36 Obverse.jpg",https://www.kaggle.com/datasets/sergiosaharovskiy/uscoins,CC0: Public Domain
img_000029,USA,Penny,Lincoln Cent,,,Obverse,"coins/Lincoln Cents, 1909-Date/Lincoln Cent 320686_138 Obverse.jpg",https://www.kaggle.com/datasets/sergiosaharovskiy/uscoins,CC0: Public Domain
img_000030,USA,Penny,Lincoln Cent,,,Reverse,"coins/Lincoln Cents, 1909-Date/Lincoln Cent 37633_54 Reverse.jpg",https://www.kaggle.com/datasets/sergiosaharovskiy/uscoins,CC0: Public Domain
img_000031,USA,Penny,Lincoln Cent,,,Reverse,"coins/Lincoln Cents, 1909-Date/Lincoln Cent 69935_105 Reverse.jpg",https://www.kaggle.com/datasets/sergiosaharovskiy/uscoins,CC0: Public Domain
img_000032,USA,Penny,Lincoln Cent,,,Obverse,"coins/Lincoln Cents, 1909-Date/Lincoln Cent 37633_126 Obverse.jpg",https://www.kaggle.com/datasets/sergiosaharovskiy/uscoins,CC0: Public Domain
img_000033,USA,Penny,Lincoln Cent,,,Reverse,"coins/Lincoln Cents, 1909-Date/Lincoln Cent 2445_47 Reverse.jpg",https://www.kaggle.com/datasets/sergiosaharovskiy/uscoins,CC0: Public Domain
img_000034,USA,Penny,Lincoln Cent,,,Obverse,"coins/Lincoln Cents, 1909-Date/Lincoln Cent 2445_78 Obverse.jpg",https://www.kaggle.com/datasets/sergiosaharovskiy/uscoins,CC0: Public Domain
img_000035,USA,Penny,Lincoln Cent,,,Obverse,"coins/Lincoln Cents, 1909-Date/Lincoln Cent 37633_10 Obverse.jpg",https://www.kaggle.com/datasets/sergiosaharovskiy/uscoins,CC0: Public Domain
img_000036,USA,Penny,Lincoln Cent,,,Reverse,"coins/Lincoln Cents, 1909-Date/Lincoln Cent 2445_326 Reverse.jpg",https://www.kaggle.com/datasets/sergiosaharovskiy/uscoins,CC0: Public Domain
img_000037,USA,Penny,Lincoln Cent,,,Obverse,"coins/Lincoln Cents, 1909-Date/Lincoln Cent 47672_151 Obverse.jpg",https://www.kaggle.com/datasets/sergiosaharovskiy/uscoins,CC0: Public Domain
img_000038,USA,Penny,Lincoln Cent,,,Obverse,"coins/Lincoln Cents, 1909-Date/Lincoln Cent 37633_69 Obverse.jpg",https://www.kaggle.com/datasets/sergiosaharovskiy/uscoins,CC0: Public Domain
img_000039,USA,Penny,Lincoln Cent,,,Obverse,"coins/Lincoln Cents, 1909-Date/Lincoln Cent 69935_94 Obverse.jpg",https://www.kaggle.com/datasets/sergiosaharovskiy/uscoins,CC0: Public Domain
img_000040,USA,Penny,Lincoln Cent,,,Reverse,"coins/Lincoln Cents, 1909-Date/Lincoln Cent 47672_204 Reverse.jpg",https://www.kaggle.com/datasets/sergiosaharovskiy/uscoins,CC0: Public Domain
img_000041,USA,Penny,Lincoln Cent,,,Obverse,"coins/Lincoln Cents, 1909-Date/Lincoln Cent 47672_218 Obverse.jpg",https://www.kaggle.com/datasets/sergiosaharovskiy/uscoins,CC0: Public Domain
img_000042,USA,Penny,Lincoln Cent,,,Reverse,"coins/Lincoln Cents, 1909-Date/Lincoln Cent 320686_122 Reverse.jpg",https://www.kaggle.com/datasets/sergiosaharovskiy/uscoins,CC0: Public Domain
img_000043,USA,Penny,Lincoln Cent,,,Obverse,"coins/Lincoln Cents, 1909-Date/Lincoln Cent 2445_371 Obverse.jpg",https://www.kaggle.com/datasets/sergiosaharovskiy/uscoins,CC0: Public Domain
img_000044,USA,Penny,Lincoln Cent,,,Reverse,"coins/Lincoln Cents, 1909-Date/Lincoln Cent 37633_102 Reverse.jpg",https://www.kaggle.com/datasets/sergiosaharovskiy/uscoins,CC0: Public Domain
img_000045,USA,Penny,Lincoln Cent,,,Obverse,"coins/Lincoln Cents, 1909-Date/Lincoln Cent 37633_192 Obverse.jpg",https://www.kaggle.com/datasets/sergiosaharovskiy/uscoins,CC0: Public Domain
img_000046,USA,Penny,Lincoln Cent,,,Obverse,"coins/Lincoln Cents, 1909-Date/Lincoln Cent 69935_18 Obverse.jpg",https://www.kaggle.com/datasets/sergiosaharovskiy/uscoins,CC0: Public Domain
img_000047,USA,Penny,Lincoln Cent,,,Reverse,"coins/Lincoln Cents, 1909-Date/Lincoln Cent 37633_48 Reverse.jpg",https://www.kaggle.com/datasets/sergiosaharovskiy/uscoins,CC0: Public Domain
img_000048,USA,Penny,Lincoln Cent,,,Obverse,"coins/Lincoln Cents, 1909-Date/Lincoln Cent 2445_412 Obverse.jpg",https://www.kaggle.com/datasets/sergiosaharovskiy/uscoins,CC0: Public Domain
img_000049,USA,Penny,Lincoln Cent,,,Reverse,"coins/Lincoln Cents, 1909-Date/Lincoln Cent 69935_76 Reverse.jpg",https://www.kaggle.com/datasets/sergiosaharovskiy/uscoins,CC0: Public Domain
img_000050,USA,Penny,Lincoln Cent,,,Obverse,"coins/Lincoln Cents, 1909-Date/Lincoln Cent 37633_172 Obverse.jpg",https://www.kaggle.com/datasets/sergiosaharovskiy/uscoins,CC0: Public Domain
img_000051,USA,Penny,Lincoln Cent,,,Reverse,"coins/Lincoln Cents, 1909-Date/Lincoln Cent 2445_291 Reverse.jpg",https://www.kaggle.com/datasets/sergiosaharovskiy/uscoins,CC0: Public Domain
img_000052,USA,Penny,Lincoln Cent,,,Obverse,"coins/Lincoln Cents, 1909-Date/Lincoln Cent 2445_85 Obverse.jpg",https://www.kaggle.com/datasets/sergiosaharovskiy/uscoins,CC0: Public Domain
img_000053,USA,Penny,Lincoln Cent,,,Obverse,"coins/Lincoln Cents, 1909-Date/Lincoln Cent 2445_258 Obverse.jpg",https://www.kaggle.com/datasets/sergiosaharovskiy/uscoins,CC0: Public Domain
img_000054,USA,Penny,Lincoln Cent,,,Obverse,"coins/Lincoln Cents, 1909-Date/Lincoln Cent 47672_18 Obverse.jpg",https://www.kaggle.com/datasets/sergiosaharovskiy/uscoins,CC0: Public Domain
img_000055,USA,Penny,Lincoln Cent,,,Obverse,"coins/Lincoln Cents, 1909-Date/Lincoln Cent 47672_80 Obverse.jpg",https://www.kaggle.com/datasets/sergiosaharovskiy/uscoins,CC0: Public Domain
img_000056,USA,Penny,Lincoln Cent,,,Reverse,"coins/Lincoln Cents, 1909-Date/Lincoln Cent 320686_106 Reverse.jpg",https://www.kaggle.com/datasets/sergiosaharovskiy/uscoins,CC0: Public Domain
img_000057,USA,Penny,Lincoln Cent,,,Reverse,"coins/Lincoln Cents, 1909-Date/Lincoln Cent 37633_3 Reverse.jpg",https://www.kaggle.com/datasets/sergiosaharovskiy/uscoins,CC0: Public Domain
img_000058,USA,Penny,Lincoln Cent,,,Obverse,"coins/Lincoln Cents, 1909-Date/Lincoln Cent 69935_93 Obverse.jpg",https://www.kaggle.com/datasets/sergiosaharovskiy/uscoins,CC0: Public Domain
img_000059,USA,Penny,Lincoln Cent,,,Obverse,"coins/Lincoln Cents, 1909-Date/Lincoln Cent 320686_113 Obverse.jpg",https://www.kaggle.com/datasets/sergiosaharovskiy/uscoins,CC0: Public Domain
img_000060,USA,Penny,Lincoln Cent,,,Obverse,"coins/Lincoln Cents, 1909-Date/Lincoln Cent 320686_160 Obverse.jpg",https://www.kaggle.com/datasets/sergiosaharovskiy/uscoins,CC0: Public Domain
img_000061,USA,Penny,Lincoln Cent,,,Obverse,"coins/Lincoln Cents, 1909-Date/Lincoln Cent 37633_190 Obverse.jpg",https://www.kaggle.com/datasets/sergiosaharovskiy/uscoins,CC0: Public Domain
img_000062,USA,Penny,Lincoln Cent,,,Reverse,"coins/Lincoln Cents, 1909-Date/Lincoln Cent 2445_335 Reverse.jpg",https://www.kaggle.com/datasets/sergiosaharovskiy/uscoins,CC0: Public Domain
img_000063,USA,Penny,Lincoln Cent,,,Reverse,"coins/Lincoln Cents, 1909-Date/Lincoln Cent 41463_54 Reverse.jpg",https://www.kaggle.com/datasets/sergiosaharovskiy/uscoins,CC0: Public Domain
img_000064,USA,Penny,Lincoln Cent,,,Obverse,"coins/Lincoln Cents, 1909-Date/Lincoln Cent 2445_300 Obverse.jpg",https://www.kaggle.com/datasets/sergiosaharovskiy/uscoins,CC0: Public Domain
img_000065,USA,Penny,Lincoln Cent,,,Obverse,"coins/Lincoln Cents, 1909-Date/Lincoln Cent 2445_121 Obverse.jpg",https://www.kaggle.com/datasets/sergiosaharovskiy/uscoins,CC0: Public Domain
img_000066,USA,Penny,Lincoln Cent,,,Obverse,"coins/Lincoln Cents, 1909-Date/Lincoln Cent 2445_120 Obverse.jpg",https://www.kaggle.com/datasets/sergiosaharovskiy/uscoins,CC0: Public Domain
img_000067,USA,Penny,Lincoln Cent,,,Reverse,"coins/Lincoln Cents, 1909-Date/Lincoln Cent 41463_47 Reverse.jpg",https://www.kaggle.com/datasets/sergiosaharovskiy/uscoins,CC0: Public Domain
img_000068,USA,Penny,Lincoln Cent,,,Obverse,"coins/Lincoln Cents, 1909-Date/Lincoln Cent 2445_111 Obverse.jpg",https://www.kaggle.com/datasets/sergiosaharovskiy/uscoins,CC0: Public Domain
img_000069,USA,Penny,Lincoln Cent,,,Obverse,"coins/Lincoln Cents, 1909-Date/Lincoln Cent 320686_20 Obverse.jpg",https://www.kaggle.com/datasets/sergiosaharovskiy/uscoins,CC0: Public Domain
img_000070,USA,Penny,Lincoln Cent,,,Obverse,"coins/Lincoln Cents, 1909-Date/Lincoln Cent 320686_92 Obverse.jpg",https://www.kaggle.com/datasets/sergiosaharovskiy/uscoins,CC0: Public Domain
img_000071,USA,Penny,Lincoln Cent,,,Obverse,"coins/Lincoln Cents, 1909-Date/Lincoln Cent 69935_83 Obverse.jpg",https://www.kaggle.com/datasets/sergiosaharovskiy/uscoins,CC0: Public Domain
img_000072,USA,Penny,Lincoln Cent,,,Obverse,"coins/Lincoln Cents, 1909-Date/Lincoln Cent 37633_132 Obverse.jpg",https://www.kaggle.com/datasets/sergiosaharovskiy/uscoins,CC0: Public Domain
img_000073,USA,Penny,Lincoln Cent,,,Obverse,"coins/Lincoln Cents, 1909-Date/Lincoln Cent 2445_386 Obverse.jpg",https://www.kaggle.com/datasets/sergiosaharovskiy/uscoins,CC0: Public Domain
img_000074,USA,Penny,Lincoln Cent,,,Obverse,"coins/Lincoln Cents, 1909-Date/Lincoln Cent 2445_319 Obverse.jpg",https://www.kaggle.com/datasets/sergiosaharovskiy/uscoins,CC0: Public Domain
img_000075,USA,Penny,Lincoln Cent,,,Obverse,"coins/Lincoln Cents, 1909-Date/Lincoln Cent 320686_127 Obverse.jpg",https://www.kaggle.com/datasets/sergiosaharovskiy/uscoins,CC0: Public Domain
img_000076,USA,Penny,Lincoln Cent,,,Reverse,"coins/Lincoln Cents, 1909-Date/Lincoln Cent 37633_33 Reverse.jpg",https://www.kaggle.com/datasets/sergiosaharovskiy/uscoins,CC0: Public Domain
img_000077,USA,Penny,Lincoln Cent,,,Obverse,"coins/Lincoln Cents, 1909-Date/Lincoln Cent 47672_69 Obverse.jpg",https://www.kaggle.com/datasets/sergiosaharovskiy/uscoins,CC0: Public Domain
img_000078,USA,Penny,Lincoln Cent,,,Reverse,"coins/Lincoln Cents, 1909-Date/Lincoln Cent 37633_49 Reverse.jpg",https://www.kaggle.com/datasets/sergiosaharovskiy/uscoins,CC0: Public Domain
img_000079,USA,Penny,Lincoln Cent,,,Obverse,"coins/Lincoln Cents, 1909-Date/Lincoln Cent 37633_135 Obverse.jpg",https://www.kaggle.com/datasets/sergiosaharovskiy/uscoins,CC0: Public Domain
img_000080,USA,Penny,Lincoln Cent,,,Obverse,"coins/Lincoln Cents, 1909-Date/Lincoln Cent 107258_72 Obverse.jpg",https://www.kaggle.com/datasets/sergiosaharovskiy/uscoins,CC0: Public Domain
img_000081,USA,Penny,Lincoln Cent,,,Reverse,"coins/Lincoln Cents, 1909-Date/Lincoln Cent 69935_117 Reverse.jpg",https://www.kaggle.com/datasets/sergiosaharovskiy/uscoins,CC0: Public Domain
img_000082,USA,Penny,Lincoln Cent,,,Reverse,"coins/Lincoln Cents, 1909-Date/Lincoln Cent 47672_66 Reverse.jpg",https://www.kaggle.com/datasets/sergiosaharovskiy/uscoins,CC0: Public Domain
img_000083,USA,Penny,Lincoln Cent,,,Reverse,"coins/Lincoln Cents, 1909-Date/Lincoln Cent 47672_142 Reverse.jpg",https://www.kaggle.com/datasets/sergiosaharovskiy/uscoins,CC0: Public Domain
img_000084,USA,Penny,Lincoln Cent,,,Reverse,"coins/Lincoln Cents, 1909-Date/Lincoln Cent 37633_61 Reverse.jpg",https://www.kaggle.com/datasets/sergiosaharovskiy/uscoins,CC0: Public Domain
img_000085,USA,Penny,Lincoln Cent,,,Obverse,"coins/Lincoln Cents, 1909-Date/Lincoln Cent 37633_99 Obverse.jpg",https://www.kaggle.com/datasets/sergiosaharovskiy/uscoins,CC0: Public Domain
img_000086,USA,Penny,Lincoln Cent,,,Obverse,"coins/Lincoln Cents, 1909-Date/Lincoln Cent 47672_68 Obverse.jpg",https://www.kaggle.com/datasets/sergiosaharovskiy/uscoins,CC0: Public Domain
img_000087,USA,Penny,Lincoln Cent,,,Reverse,"coins/Lincoln Cents, 1909-Date/Lincoln Cent 69935_98 Reverse.jpg",https://www.kaggle.com/datasets/sergiosaharovskiy/uscoins,CC0: Public Domain
img_000088,USA,Penny,Lincoln Cent,,,Reverse,"coins/Lincoln Cents, 1909-Date/Lincoln Cent 37633_94 Reverse.jpg",https://www.kaggle.com/datasets/sergiosaharovskiy/uscoins,CC0: Public Domain
img_000089,USA,Penny,Lincoln Cent,,,Reverse,"coins/Lincoln Cents, 1909-Date/Lincoln Cent 2445_375 Reverse.jpg",https://www.kaggle.com/datasets/sergiosaharovskiy/uscoins,CC0: Public Domain
img_000090,USA,Penny,Lincoln Cent,,,Obverse,"coins/Lincoln Cents, 1909-Date/Lincoln Cent 47672_172 Obverse.jpg",https://www.kaggle.com/datasets/sergiosaharovskiy/uscoins,CC0: Public Domain
img_000091,USA,Penny,Lincoln Cent,,,Reverse,"coins/Lincoln Cents, 1909-Date/Lincoln Cent 37633_233 Reverse.jpg",https://www.kaggle.com/datasets/sergiosaharovskiy/uscoins,CC0: Public Domain
img_000092,USA,Penny,Lincoln Cent,,,Obverse,"coins/Lincoln Cents, 1909-Date/Lincoln Cent 2445_69 Obverse.jpg",https://www.kaggle.com/datasets/sergiosaharovskiy/uscoins,CC0: Public Domain
img_000093,USA,Penny,Lincoln Cent,,,Reverse,"coins/Lincoln Cents, 1909-Date/Lincoln Cent 320686_12 Reverse.jpg",https://www.kaggle.com/datasets/sergiosaharovskiy/uscoins,CC0: Public Domain
img_000094,USA,Penny,Lincoln Cent,,,Reverse,"coins/Lincoln Cents, 1909-Date/Lincoln Cent 37633_75 Reverse.jpg",https://www.kaggle.com/datasets/sergiosaharovskiy/uscoins,CC0: Public Domain
img_000095,USA,Penny,Lincoln Cent,,,Obverse,"coins/Lincoln Cents, 1909-Date/Lincoln Cent 47672_198 Obverse.jpg",https://www.kaggle.com/datasets/sergiosaharovskiy/uscoins,CC0: Public Domain
img_000096,USA,Penny,Lincoln Cent,,,Obverse,"coins/Lincoln Cents, 1909-Date/Lincoln Cent 2445_199 Obverse.jpg",https://www.kaggle.com/datasets/sergiosaharovskiy/uscoins,CC0: Public Domain
img_000097,USA,Penny,Lincoln Cent,,,Reverse,"coins/Lincoln Cents, 1909-Date/Lincoln Cent 69935_68 Reverse.jpg",https://www.kaggle.com/datasets/sergiosaharovskiy/uscoins,CC0: Public Domain
img_000098,USA,Penny,Lincoln Cent,,,Obverse,"coins/Lincoln Cents, 1909-Date/Lincoln Cent 69935_102 Obverse.jpg",https://www.kaggle.com/datasets/sergiosaharovskiy/uscoins,CC0: Public Domain
img_000099,USA,Penny,Lincoln Cent,,,Obverse,"coins/Lincoln Cents, 1909-Date/Lincoln Cent 41463_3 Obverse.jpg",https://www.kaggle.com/datasets/sergiosaharovskiy/uscoins,CC0: Public Domain
img_000100,USA,Penny,Lincoln Cent,,,Reverse,"coins/Lincoln Cents, 1909-Date/Lincoln Cent 69935_112 Reverse.jpg",https://www.kaggle.com/datasets/sergiosaharovskiy/uscoins,CC0: Public Domain
img_000101,USA,Penny,Lincoln Cent,,,Obverse,"coins/Lincoln Cents, 1909-Date/Lincoln Cent 47672_34 Obverse.jpg",https://www.kaggle.com/datasets/sergiosaharovskiy/uscoins,CC0: Public Domain
img_000102,USA,Penny,Lincoln Cent,,,Obverse,"coins/Lincoln Cents, 1909-Date/Lincoln Cent 69935_82 Obverse.jpg",https://www.kaggle.com/datasets/sergiosaharovskiy/uscoins,CC0: Public Domain
img_000103,USA,Penny,Lincoln Cent,,,Obverse,"coins/Lincoln Cents, 1909-Date/Lincoln Cent 47672_162 Obverse.jpg",https://www.kaggle.com/datasets/sergiosaharovskiy/uscoins,CC0: Public Domain
img_000104,USA,Penny,Lincoln Cent,,,Obverse,"coins/Lincoln Cents, 1909-Date/Lincoln Cent 107258_66 Obverse.jpg",https://www.kaggle.com/datasets/sergiosaharovskiy/uscoins,CC0: Public Domain
img_000105,USA,Penny,Lincoln Cent,,,Reverse,"coins/Lincoln Cents, 1909-Date/Lincoln Cent 2445_194 Reverse.jpg",https://www.kaggle.com/datasets/sergiosaharovskiy/uscoins,CC0: Public Domain
img_000106,USA,Penny,Lincoln Cent,,,Reverse,"coins/Lincoln Cents, 1909-Date/Lincoln Cent 2445_165 Reverse.jpg",https://www.kaggle.com/datasets/sergiosaharovskiy/uscoins,CC0: Public Domain
img_000107,USA,Penny,Lincoln Cent,,,Reverse,"coins/Lincoln Cents, 1909-Date/Lincoln Cent 37633_72 Reverse.jpg",https://www.kaggle.com/datasets/sergiosaharovskiy/uscoins,CC0: Public Domain
img_000108,USA,Penny,Lincoln Cent,,,Obverse,"coins/Lincoln Cents, 1909-Date/Lincoln Cent 47672_6 Obverse.jpg",https://www.kaggle.com/datasets/sergiosaharovskiy/uscoins,CC0: Public Domain
img_000109,USA,Penny,Lincoln Cent,,,Reverse,"coins/Lincoln Cents, 1909-Date/Lincoln Cent 107258_100 Reverse.jpg",https://www.kaggle.com/datasets/sergiosaharovskiy/uscoins,CC0: Public Domain
img_000110,USA,Penny,Lincoln Cent,,,Reverse,"coins/Lincoln Cents, 1909-Date/Lincoln Cent 2445_174 Reverse.jpg",https://www.kaggle.com/datasets/sergiosaharovskiy/uscoins,CC0: Public Domain
img_000111,USA,Penny,Lincoln Cent,,,Reverse,"coins/Lincoln Cents, 1909-Date/Lincoln Cent 69935_64 Reverse.jpg",https://www.kaggle.com/datasets/sergiosaharovskiy/uscoins,CC0: Public Domain
img_000112,USA,Penny,Lincoln Cent,,,Reverse,"coins/Lincoln Cents, 1909-Date/Lincoln Cent 47672_117 Reverse.jpg",https://www.kaggle.com/datasets/sergiosaharovskiy/uscoins,CC0: Public Domain
img_000113,USA,Penny,Lincoln Cent,,,Obverse,"coins/Lincoln Cents, 1909-Date/Lincoln Cent 69935_12 Obverse Obverse.jpg",https://www.kaggle.com/datasets/sergiosaharovskiy/uscoins,CC0: Public Domain
img_000114,USA,Penny,Lincoln Cent,,,Obverse,"coins/Lincoln Cents, 1909-Date/Lincoln Cent 2445_28 Obverse.jpg",https://www.kaggle.com/datasets/sergiosaharovskiy/uscoins,CC0: Public Domain
img_000115,USA,Penny,Lincoln Cent,,,Obverse,"coins/Lincoln Cents, 1909-Date/Lincoln Cent 2445_178 Obverse.jpg",https://www.kaggle.com/datasets/sergiosaharovskiy/uscoins,CC0: Public Domain
img_000116,USA,Penny,Lincoln Cent,,,Reverse,"coins/Lincoln Cents, 1909-Date/Lincoln Cent 2445_18 Reverse.jpg",https://www.kaggle.com/datasets/sergiosaharovskiy/uscoins,CC0: Public Domain
img_000117,USA,Penny,Lincoln Cent,,,Obverse,"coins/Lincoln Cents, 1909-Date/Lincoln Cent 47672_247 Obverse.jpg",https://www.kaggle.com/datasets/sergiosaharovskiy/uscoins,CC0: Public Domain
img_000118,USA,Penny,Lincoln Cent,,,Obverse,"coins/Lincoln Cents, 1909-Date/Lincoln Cent 69935_3 Obverse.jpg",https://www.kaggle.com/datasets/sergiosaharovskiy/uscoins,CC0: Public Domain
img_000119,USA,Penny,Lincoln Cent,,,Reverse,"coins/Lincoln Cents, 1909-Date/Lincoln Cent 47672_85 Reverse.jpg",https://www.kaggle.com/datasets/sergiosaharovskiy/uscoins,CC0: Public Domain
img_000120,USA,Penny,Lincoln Cent,,,Reverse,"coins/Lincoln Cents, 1909-Date/Lincoln Cent 47672_145 Reverse.jpg",https://www.kaggle.com/datasets/sergiosaharovskiy/uscoins,CC0: Public Domain
img_000121,USA,Penny,Lincoln Cent,,,Obverse,"coins/Lincoln Cents, 1909-Date/Lincoln Cent 320686_5 Obverse.jpg",https://www.kaggle.com/datasets/sergiosaharovskiy/uscoins,CC0: Public Domain
img_000122,USA,Penny,Lincoln Cent,,,Obverse,"coins/Lincoln Cents, 1909-Date/Lincoln Cent 37633_55 Obverse.jpg",https://www.kaggle.com/datasets/sergiosaharovskiy/uscoins,CC0: Public Domain
img_000123,USA,Penny,Lincoln Cent,,,Reverse,"coins/Lincoln Cents, 1909-Date/Lincoln Cent 107258_28 Reverse.jpg",https://www.kaggle.com/datasets/sergiosaharovskiy/uscoins,CC0: Public Domain
img_000124,USA,Penny,Lincoln Cent,,,Reverse,"coins/Lincoln Cents, 1909-Date/Lincoln Cent 320686_112 Reverse.jpg",https://www.kaggle.com/datasets/sergiosaharovskiy/uscoins,CC0: Public Domain
img_000125,USA,Penny,Lincoln Cent,,,Reverse,"coins/Lincoln Cents, 1909-Date/Lincoln Cent 320686_108 Reverse.jpg",https://www.kaggle.com/datasets/sergiosaharovskiy/uscoins,CC0: Public Domain
img_000126,USA,Penny,Lincoln Cent,,,Obverse,"coins/Lincoln Cents, 1909-Date/Lincoln Cent 2445_7 Obverse.jpg",https://www.kaggle.com/datasets/sergiosaharovskiy/uscoins,CC0: Public Domain
img_000127,USA,Penny,Lincoln Cent,,,Reverse,"coins/Lincoln Cents, 1909-Date/Lincoln Cent 37633_156 Reverse.jpg",https://www.kaggle.com/datasets/sergiosaharovskiy/uscoins,CC0: Public Domain
img_000128,USA,Penny,Lincoln Cent,,,Obverse,"coins/Lincoln Cents, 1909-Date/Lincoln Cent 107258_87 Obverse.jpg",https://www.kaggle.com/datasets/sergiosaharovskiy/uscoins,CC0: Public Domain
img_000129,USA,Penny,Lincoln Cent,,,Obverse,"coins/Lincoln Cents, 1909-Date/Lincoln Cent 37633_216 Obverse.jpg",https://www.kaggle.com/datasets/sergiosaharovskiy/uscoins,CC0: Public Domain
img_000130,USA,Penny,Lincoln Cent,,,Obverse,"coins/Lincoln Cents, 1909-Date/Lincoln Cent 41463_9 Obverse.jpg",https://www.kaggle.com/datasets/sergiosaharovskiy/uscoins,CC0: Public Domain
img_000131,USA,Penny,Lincoln Cent,,,Reverse,"coins/Lincoln Cents, 1909-Date/Lincoln Cent 320686_3 Reverse.jpg",https://www.kaggle.com/datasets/sergiosaharovskiy/uscoins,CC0: Public Domain
img_000132,USA,Penny,Lincoln Cent,,,Obverse,"coins/Lincoln Cents, 1909-Date/Lincoln Cent 41463_26 Obverse.jpg",https://www.kaggle.com/datasets/sergiosaharovskiy/uscoins,CC0: Public Domain
img_000133,USA,Penny,Lincoln Cent,,,Reverse,"coins/Lincoln Cents, 1909-Date/Lincoln Cent 107258_98 Reverse.jpg",https://www.kaggle.com/datasets/sergiosaharovskiy/uscoins,CC0: Public Domain
img_000134,USA,Penny,Lincoln Cent,,,Obverse,"coins/Lincoln Cents, 1909-Date/Lincoln Cent 47672_253 Obverse.jpg",https://www.kaggle.com/datasets/sergiosaharovskiy/uscoins,CC0: Public Domain
img_000135,USA,Penny,Lincoln Cent,,,Reverse,"coins/Lincoln Cents, 1909-Date/Lincoln Cent 47672_123 Reverse.jpg",https://www.kaggle.com/datasets/sergiosaharovskiy/uscoins,CC0: Public Domain
img_000136,USA,Penny,Lincoln Cent,,,Obverse,"coins/Lincoln Cents, 1909-Date/Lincoln Cent 320686_150 Obverse.jpg",https://www.kaggle.com/datasets/sergiosaharovskiy/uscoins,CC0: Public Domain
img_000137,USA,Penny,Lincoln Cent,,,Reverse,"coins/Lincoln Cents, 1909-Date/Lincoln Cent 107258_84 Reverse.jpg",https://www.kaggle.com/datasets/sergiosaharovskiy/uscoins,CC0: Public Domain
img_000138,USA,Penny,Lincoln Cent,,,Obverse,"coins/Lincoln Cents, 1909-Date/Lincoln Cent 47672_57 Obverse.jpg",https://www.kaggle.com/datasets/sergiosaharovskiy/uscoins,CC0: Public Domain
img_000139,USA,Penny,Lincoln Cent,,,Obverse,"coins/Lincoln Cents, 1909-Date/Lincoln Cent 37633_86 Obverse.jpg",https://www.kaggle.com/datasets/sergiosaharovskiy/uscoins,CC0: Public Domain
img_000140,USA,Penny,Lincoln Cent,,,Obverse,"coins/Lincoln Cents, 1909-Date/Lincoln Cent 47672_100 Obverse.jpg",https://www.kaggle.com/datasets/sergiosaharovskiy/uscoins,CC0: Public Domain
img_000141,USA,Penny,Lincoln Cent,,,Obverse,"coins/Lincoln Cents, 1909-Date/Lincoln Cent 37633_53 Obverse.jpg",https://www.kaggle.com/datasets/sergiosaharovskiy/uscoins,CC0: Public Domain
img_000142,USA,Penny,Lincoln Cent,,,Reverse,"coins/Lincoln Cents, 1909-Date/Lincoln Cent 47672_133 Reverse.jpg",https://www.kaggle.com/datasets/sergiosaharovskiy/uscoins,CC0: Public Domain
img_000143,USA,Penny,Lincoln Cent,,,Obverse,"coins/Lincoln Cents, 1909-Date/Lincoln Cent 69935_120 Obverse.jpg",https://www.kaggle.com/datasets/sergiosaharovskiy/uscoins,CC0: Public Domain
img_000144,USA,Penny,Lincoln Cent,,,Reverse,"coins/Lincoln Cents, 1909-Date/Lincoln Cent 2445_19 Reverse.jpg",https://www.kaggle.com/datasets/sergiosaharovskiy/uscoins,CC0: Public Domain
img_000145,USA,Penny,Lincoln Cent,,,Obverse,"coins/Lincoln Cents, 1909-Date/Lincoln Cent 69935_81 Obverse.jpg",https://www.kaggle.com/datasets/sergiosaharovskiy/uscoins,CC0: Public Domain
img_000146,USA,Penny,Lincoln Cent,,,Reverse,"coins/Lincoln Cents, 1909-Date/Lincoln Cent 47672_190 Reverse.jpg",https://www.kaggle.com/datasets/sergiosaharovskiy/uscoins,CC0: Public Domain
img_000147,USA,Penny,Lincoln Cent,,,Obverse,"coins/Lincoln Cents, 1909-Date/Lincoln Cent 2445_58 Obverse.jpg",https://www.kaggle.com/datasets/sergiosaharovskiy/uscoins,CC0: Public Domain
img_000148,USA,Penny,Lincoln Cent,,,Reverse,"coins/Lincoln Cents, 1909-Date/Lincoln Cent 47672_118 Reverse.jpg",https://www.kaggle.com/datasets/sergiosaharovskiy/uscoins,CC0: Public Domain
img_000149,USA,Penny,Lincoln Cent,,,Reverse,"coins/Lincoln Cents, 1909-Date/Lincoln Cent 37633_129 Reverse.jpg",https://www.kaggle.com/datasets/sergiosaharovskiy/uscoins,CC0: Public Domain
img_000150,USA,Penny,Lincoln Cent,,,Reverse,"coins/Lincoln Cents, 1909-Date/Lincoln Cent 320686_11 Reverse.jpg",https://www.kaggle.com/datasets/sergiosaharovskiy/uscoins,CC0: Public Domain
img_000151,USA,Penny,Lincoln Cent,,,Obverse,"coins/Lincoln Cents, 1909-Date/Lincoln Cent 47672_40 Obverse.jpg",https://www.kaggle.com/datasets/sergiosaharovskiy/uscoins,CC0: Public Domain
img_000152,USA,Penny,Lincoln Cent,,,Obverse,"coins/Lincoln Cents, 1909-Date/Lincoln Cent 37633_130 Obverse.jpg",https://www.kaggle.com/datasets/sergiosaharovskiy/uscoins,CC0: Public Domain
img_000153,USA,Penny,Lincoln Cent,,,Obverse,"coins/Lincoln Cents, 1909-Date/Lincoln Cent 47672_230 Obverse.jpg",https://www.kaggle.com/datasets/sergiosaharovskiy/uscoins,CC0: Public Domain
img_000154,USA,Penny,Lincoln Cent,,,Obverse,"coins/Lincoln Cents, 1909-Date/Lincoln Cent 47672_179 Obverse.jpg",https://www.kaggle.com/datasets/sergiosaharovskiy/uscoins,CC0: Public Domain
img_000155,USA,Penny,Lincoln Cent,,,Obverse,"coins/Lincoln Cents, 1909-Date/Lincoln Cent 47672_52 Obverse.jpg",https://www.kaggle.com/datasets/sergiosaharovskiy/uscoins,CC0: Public Domain
img_000156,USA,Penny,Lincoln Cent,,,Reverse,"coins/Lincoln Cents, 1909-Date/Lincoln Cent 37633_243 Reverse.jpg",https://www.kaggle.com/datasets/sergiosaharovskiy/uscoins,CC0: Public Domain
img_000157,USA,Penny,Lincoln Cent,,,Reverse,"coins/Lincoln Cents, 1909-Date/Lincoln Cent 47672_20 Reverse.jpg",https://www.kaggle.com/datasets/sergiosaharovskiy/uscoins,CC0: Public Domain
img_000158,USA,Penny,Lincoln Cent,,,Obverse,"coins/Lincoln Cents, 1909-Date/Lincoln Cent 320686_119 Obverse.jpg",https://www.kaggle.com/datasets/sergiosaharovskiy/uscoins,CC0: Public Domain
img_000159,USA,Penny,Lincoln Cent,,,Reverse,"coins/Lincoln Cents, 1909-Date/Lincoln Cent 107258_19 Reverse.jpg",https://www.kaggle.com/datasets/sergiosaharovskiy/uscoins,CC0: Public Domain
img_000160,USA,Penny,Lincoln Cent,,,Obverse,"coins/Lincoln Cents, 1909-Date/Lincoln Cent 2445_287 Obverse.jpg",https://www.kaggle.com/datasets/sergiosaharovskiy/uscoins,CC0: Public Domain
img_000161,USA,Penny,Lincoln Cent,,,Obverse,"coins/Lincoln Cents, 1909-Date/Lincoln Cent 107258_53 Obverse.jpg",https://www.kaggle.com/datasets/sergiosaharovskiy/uscoins,CC0: Public Domain
img_000162,USA,Penny,Lincoln Cent,,,Obverse,"coins/Lincoln Cents, 1909-Date/Lincoln Cent 41463_49 Obverse.jpg",https://www.kaggle.com/datasets/sergiosaharovskiy/uscoins,CC0: Public Domain
img_000163,USA,Penny,Lincoln Cent,,,Obverse,"coins/Lincoln Cents, 1909-Date/Lincoln Cent 47672_99 Obverse.jpg",https://www.kaggle.com/datasets/sergiosaharovskiy/uscoins,CC0: Public Domain
img_000164,USA,Penny,Lincoln Cent,,,Obverse,"coins/Lincoln Cents, 1909-Date/Lincoln Cent 69935_84 Obverse.jpg",https://www.kaggle.com/datasets/sergiosaharovskiy/uscoins,CC0: Public Domain
img_000165,USA,Penny,Lincoln Cent,,,Reverse,"coins/Lincoln Cents, 1909-Date/Lincoln Cent 107258_83 Reverse.jpg",https://www.kaggle.com/datasets/sergiosaharovskiy/uscoins,CC0: Public Domain
img_000166,USA,Penny,Lincoln Cent,,,Obverse,"coins/Lincoln Cents, 1909-Date/Lincoln Cent 320686_40 Obverse.jpg",https://www.kaggle.com/datasets/sergiosaharovskiy/uscoins,CC0: Public Domain
img_000167,USA,Penny,Lincoln Cent,,,Reverse,"coins/Lincoln Cents, 1909-Date/Lincoln Cent 107258_48 Reverse.jpg",https://www.kaggle.com/datasets/sergiosaharovskiy/uscoins,CC0: Public Domain
img_000168,USA,Penny,Lincoln Cent,,,Reverse,"coins/Lincoln Cents, 1909-Date/Lincoln Cent 37633_141 Reverse.jpg",https://www.kaggle.com/datasets/sergiosaharovskiy/uscoins,CC0: Public Domain
img_000169,USA,Penny,Lincoln Cent,,,Obverse,"coins/Lincoln Cents, 1909-Date/Lincoln Cent 2445_224 Obverse.jpg",https://www.kaggle.com/datasets/sergiosaharovskiy/uscoins,CC0: Public Domain
img_000170,USA,Penny,Lincoln Cent,,,Reverse,"coins/Lincoln Cents, 1909-Date/Lincoln Cent 320686_7 Reverse.jpg",https://www.kaggle.com/datasets/sergiosaharovskiy/uscoins,CC0: Public Domain
img_000171,USA,Penny,Lincoln Cent,,,Reverse,"coins/Lincoln Cents, 1909-Date/Lincoln Cent 37633_29 Reverse.jpg",https://www.kaggle.com/datasets/sergiosaharovskiy/uscoins,CC0: Public Domain
img_000172,USA,Penny,Lincoln Cent,,,Reverse,"coins/Lincoln Cents, 1909-Date/Lincoln Cent 47672_136 Reverse.jpg",https://www.kaggle.com/datasets/sergiosaharovskiy/uscoins,CC0: Public Domain
img_000173,USA,Penny,Lincoln Cent,,,Obverse,"coins/Lincoln Cents, 1909-Date/Lincoln Cent 37633_4 Obverse.jpg",https://www.kaggle.com/datasets/sergiosaharovskiy/uscoins,CC0: Public Domain
img_000174,USA,Penny,Lincoln Cent,,,Reverse,"coins/Lincoln Cents, 1909-Date/Lincoln Cent 37633_150 Reverse.jpg",https://www.kaggle.com/datasets/sergiosaharovskiy/uscoins,CC0: Public Domain
img_000175,USA,Penny,Lincoln Cent,,,Obverse,"coins/Lincoln Cents, 1909-Date/Lincoln Cent 47672_239 Obverse.jpg",https://www.kaggle.com/datasets/sergiosaharovskiy/uscoins,CC0: Public Domain
img_000176,USA,Penny,Lincoln Cent,,,Obverse,"coins/Lincoln Cents, 1909-Date/Lincoln Cent 320686_109 Obverse.jpg",https://www.kaggle.com/datasets/sergiosaharovskiy/uscoins,CC0: Public Domain
img_000177,USA,Penny,Lincoln Cent,,,Obverse,"coins/Lincoln Cents, 1909-Date/Lincoln Cent 37633_84 Obverse.jpg",https://www.kaggle.com/datasets/sergiosaharovskiy/uscoins,CC0: Public Domain
img_000178,USA,Penny,Lincoln Cent,,,Reverse,"coins/Lincoln Cents, 1909-Date/Lincoln Cent 2445_37 Reverse.jpg",https://www.kaggle.com/datasets/sergiosaharovskiy/uscoins,CC0: Public Domain
img_000179,USA,Penny,Lincoln Cent,,,Obverse,"coins/Lincoln Cents, 1909-Date/Lincoln Cent 47672_255 Obverse.jpg",https://www.kaggle.com/datasets/sergiosaharovskiy/uscoins,CC0: Public Domain
img_000180,USA,Penny,Lincoln Cent,,,Obverse,"coins/Lincoln Cents, 1909-Date/Lincoln Cent 47672_45 Obverse.jpg",https://www.kaggle.com/datasets/sergiosaharovskiy/uscoins,CC0: Public Domain
img_000181,USA,Penny,Lincoln Cent,,,Reverse,"coins/Lincoln Cents, 1909-Date/Lincoln Cent 47672_169 Reverse.jpg",https://www.kaggle.com/datasets/sergiosaharovskiy/uscoins,CC0: Public Domain
img_000182,USA,Penny,Lincoln Cent,,,Reverse,"coins/Lincoln Cents, 1909-Date/Lincoln Cent 2445_264 Reverse.jpg",https://www.kaggle.com/datasets/sergiosaharovskiy/uscoins,CC0: Public Domain
img_000183,USA,Penny,Lincoln Cent,,,Reverse,"coins/Lincoln Cents, 1909-Date/Lincoln Cent 37633_220 Reverse.jpg",https://www.kaggle.com/datasets/sergiosaharovskiy/uscoins,CC0: Public Domain
img_000184,USA,Penny,Lincoln Cent,,,Obverse,"coins/Lincoln Cents, 1909-Date/Lincoln Cent 37633_39 Obverse.jpg",https://www.kaggle.com/datasets/sergiosaharovskiy/uscoins,CC0: Public Domain
img_000185,USA,Penny,Lincoln Cent,,,Obverse,"coins/Lincoln Cents, 1909-Date/Lincoln Cent 69935_41 Obverse.jpg",https://www.kaggle.com/datasets/sergiosaharovskiy/uscoins,CC0: Public Domain
img_000186,USA,Penny,Lincoln Cent,,,Reverse,"coins/Lincoln Cents, 1909-Date/Lincoln Cent 2445_274 Reverse.jpg",https://www.kaggle.com/datasets/sergiosaharovskiy/uscoins,CC0: Public Domain
img_000187,USA,Penny,Lincoln Cent,,,Reverse,"coins/Lincoln Cents, 1909-Date/Lincoln Cent 37633_67 Reverse.jpg",https://www.kaggle.com/datasets/sergiosaharovskiy/uscoins,CC0: Public Domain
img_000188,USA,Penny,Lincoln Cent,,,Obverse,"coins/Lincoln Cents, 1909-Date/Lincoln Cent 41463_52 Obverse.jpg",https://www.kaggle.com/datasets/sergiosaharovskiy/uscoins,CC0: Public Domain
img_000189,USA,Penny,Lincoln Cent,,,Reverse,"coins/Lincoln Cents, 1909-Date/Lincoln Cent 2445_197 Reverse.jpg",https://www.kaggle.com/datasets/sergiosaharovskiy/uscoins,CC0: Public Domain
img_000190,USA,Penny,Lincoln Cent,,,Obverse,"coins/Lincoln Cents, 1909-Date/Lincoln Cent 47672_135 Obverse.jpg",https://www.kaggle.com/datasets/sergiosaharovskiy/uscoins,CC0: Public Domain
img_000191,USA,Penny,Lincoln Cent,,,Obverse,"coins/Lincoln Cents, 1909-Date/Lincoln Cent 47672_78 Obverse.jpg",https://www.kaggle.com/datasets/sergiosaharovskiy/uscoins,CC0: Public Domain
img_000192,USA,Penny,Lincoln Cent,,,Obverse,"coins/Lincoln Cents, 1909-Date/Lincoln Cent 2445_217 Obverse.jpg",https://www.kaggle.com/datasets/sergiosaharovskiy/uscoins,CC0: Public Domain
img_000193,USA,Penny,Lincoln Cent,,,Obverse,"coins/Lincoln Cents, 1909-Date/Lincoln Cent 37633_103 Obverse.jpg",https://www.kaggle.com/datasets/sergiosaharovskiy/uscoins,CC0: Public Domain
img_000194,USA,Penny,Lincoln Cent,,,Obverse,"coins/Lincoln Cents, 1909-Date/Lincoln Cent 107258_40 Obverse.jpg",https://www.kaggle.com/datasets/sergiosaharovskiy/uscoins,CC0: Public Domain
img_000195,USA,Penny,Lincoln Cent,,,Reverse,"coins/Lincoln Cents, 1909-Date/Lincoln Cent 47672_107 Reverse.jpg",https://www.kaggle.com/datasets/sergiosaharovskiy/uscoins,CC0: Public Domain
img_000196,USA,Penny,Lincoln Cent,,,Obverse,"coins/Lincoln Cents, 1909-Date/Lincoln Cent 2445_422 Obverse.jpg",https://www.kaggle.com/datasets/sergiosaharovskiy/uscoins,CC0: Public Domain
img_000197,USA,Penny,Lincoln Cent,,,Reverse,"coins/Lincoln Cents, 1909-Date/Lincoln Cent 2445_255 Reverse.jpg",https://www.kaggle.com/datasets/sergiosaharovskiy/uscoins,CC0: Public Domain
img_000198,USA,Penny,Lincoln Cent,,,Reverse,"coins/Lincoln Cents, 1909-Date/Lincoln Cent 2445_175 Reverse.jpg",https://www.kaggle.com/datasets/sergiosaharovskiy/uscoins,CC0: Public Domain
img_000199,USA,Penny,Lincoln Cent,,,Reverse,"coins/Lincoln Cents, 1909-Date/Lincoln Cent 37633_59 Reverse.jpg",https://www.kaggle.com/datasets/sergiosaharovskiy/uscoins,CC0: Public Domain
img_000200,USA,Penny,Lincoln Cent,,,Obverse,"coins/Lincoln Cents, 1909-Date/Lincoln Cent 47672_248 Obverse.jpg",https://www.kaggle.com/datasets/sergiosaharovskiy/uscoins,CC0: Public Domain
img_000201,USA,Penny,Lincoln Cent,,,Obverse,"coins/Lincoln Cents, 1909-Date/Lincoln Cent 41463_40 Obverse.jpg",https://www.kaggle.com/datasets/sergiosaharovskiy/uscoins,CC0: Public Domain
img_000202,USA,Penny,Lincoln Cent,,,Obverse,"coins/Lincoln Cents, 1909-Date/Lincoln Cent 37633_227 Obverse.jpg",https://www.kaggle.com/datasets/sergiosaharovskiy/uscoins,CC0: Public Domain
img_000203,USA,Penny,Lincoln Cent,,,Obverse,"coins/Lincoln Cents, 1909-Date/Lincoln Cent 37633_160 Obverse.jpg",https://www.kaggle.com/datasets/sergiosaharovskiy/uscoins,CC0: Public Domain
img_000204,USA,Penny,Lincoln Cent,,,Obverse,"coins/Lincoln Cents, 1909-Date/Lincoln Cent 2445_169 Obverse.jpg",https://www.kaggle.com/datasets/sergiosaharovskiy/uscoins,CC0: Public Domain
img_000205,USA,Penny,Lincoln Cent,,,Obverse,"coins/Lincoln Cents, 1909-Date/Lincoln Cent 107258_74 Obverse.jpg",https://www.kaggle.com/datasets/sergiosaharovskiy/uscoins,CC0: Public Domain
img_000206,USA,Penny,Lincoln Cent,,,Obverse,"coins/Lincoln Cents, 1909-Date/Lincoln Cent 107258_61 Obverse.jpg",https://www.kaggle.com/datasets/sergiosaharovskiy/uscoins,CC0: Public Domain
img_000207,USA,Penny,Lincoln Cent,,,Obverse,"coins/Lincoln Cents, 1909-Date/Lincoln Cent 320686_1 Obverse.jpg",https://www.kaggle.com/datasets/sergiosaharovskiy/uscoins,CC0: Public Domain
img_000208,USA,Penny,Lincoln Cent,,,Reverse,"coins/Lincoln Cents, 1909-Date/Lincoln Cent 47672_156 Reverse.jpg",https://www.kaggle.com/datasets/sergiosaharovskiy/uscoins,CC0: Public Domain
img_000209,USA,Penny,Lincoln Cent,,,Obverse,"coins/Lincoln Cents, 1909-Date/Lincoln Cent 47672_224 Obverse.jpg",https://www.kaggle.com/datasets/sergiosaharovskiy/uscoins,CC0: Public Domain
img_000210,USA,Penny,Lincoln Cent,,,Reverse,"coins/Lincoln Cents, 1909-Date/Lincoln Cent 107258_1 Reverse.jpg",https://www.kaggle.com/datasets/sergiosaharovskiy/uscoins,CC0: Public Domain
img_000211,USA,Penny,Lincoln Cent,,,Reverse,"coins/Lincoln Cents, 1909-Date/Lincoln Cent 2445_370 Reverse.jpg",https://www.kaggle.com/datasets/sergiosaharovskiy/uscoins,CC0: Public Domain
img_000212,USA,Penny,Lincoln Cent,,,Obverse,"coins/Lincoln Cents, 1909-Date/Lincoln Cent 69935_35 Obverse.jpg",https://www.kaggle.com/datasets/sergiosaharovskiy/uscoins,CC0: Public Domain
img_000213,USA,Penny,Lincoln Cent,,,Reverse,"coins/Lincoln Cents, 1909-Date/Lincoln Cent 2445_103 Reverse.jpg",https://www.kaggle.com/datasets/sergiosaharovskiy/uscoins,CC0: Public Domain
img_000214,USA,Penny,Lincoln Cent,,,Reverse,"coins/Lincoln Cents, 1909-Date/Lincoln Cent 2445_39 Reverse.jpg",https://www.kaggle.com/datasets/sergiosaharovskiy/uscoins,CC0: Public Domain
img_000215,USA,Penny,Lincoln Cent,,,Obverse,"coins/Lincoln Cents, 1909-Date/Lincoln Cent 69935_65 Obverse.jpg",https://www.kaggle.com/datasets/sergiosaharovskiy/uscoins,CC0: Public Domain
img_000216,USA,Penny,Lincoln Cent,,,Obverse,"coins/Lincoln Cents, 1909-Date/Lincoln Cent 47672_236 Obverse.jpg",https://www.kaggle.com/datasets/sergiosaharovskiy/uscoins,CC0: Public Domain
img_000217,USA,Penny,Lincoln Cent,,,Obverse,"coins/Lincoln Cents, 1909-Date/Lincoln Cent 37633_38 Obverse.jpg",https://www.kaggle.com/datasets/sergiosaharovskiy/uscoins,CC0: Public Domain
img_000218,USA,Penny,Lincoln Cent,,,Obverse,"coins/Lincoln Cents, 1909-Date/Lincoln Cent 2445_282 Obverse.jpg",https://www.kaggle.com/datasets/sergiosaharovskiy/uscoins,CC0: Public Domain
img_000219,USA,Penny,Lincoln Cent,,,Obverse,"coins/Lincoln Cents, 1909-Date/Lincoln Cent 41463_63 Obverse.jpg",https://www.kaggle.com/datasets/sergiosaharovskiy/uscoins,CC0: Public Domain
img_000220,USA,Penny,Lincoln Cent,,,Reverse,"coins/Lincoln Cents, 1909-Date/Lincoln Cent 47672_183 Reverse.jpg",https://www.kaggle.com/datasets/sergiosaharovskiy/uscoins,CC0: Public Domain
img_000221,USA,Penny,Lincoln Cent,,,Obverse,"coins/Lincoln Cents, 1909-Date/Lincoln Cent 2445_162 Obverse.jpg",https://www.kaggle.com/datasets/sergiosaharovskiy/uscoins,CC0: Public Domain
img_000222,USA,Penny,Lincoln Cent,,,Obverse,"coins/Lincoln Cents, 1909-Date/Lincoln Cent 47672_191 Obverse.jpg",https://www.kaggle.com/datasets/sergiosaharovskiy/uscoins,CC0: Public Domain
img_000223,USA,Penny,Lincoln Cent,,,Reverse,"coins/Lincoln Cents, 1909-Date/Lincoln Cent 47672_238 Reverse.jpg",https://www.kaggle.com/datasets/sergiosaharovskiy/uscoins,CC0: Public Domain
img_000224,USA,Penny,Lincoln Cent,,,Obverse,"coins/Lincoln Cents, 1909-Date/Lincoln Cent 47672_98 Obverse.jpg",https://www.kaggle.com/datasets/sergiosaharovskiy/uscoins,CC0: Public Domain
img_000225,USA,Penny,Lincoln Cent,,,Obverse,"coins/Lincoln Cents, 1909-Date/Lincoln Cent 2445_141 Obverse.jpg",https://www.kaggle.com/datasets/sergiosaharovskiy/uscoins,CC0: Public Domain
img_000226,USA,Penny,Lincoln Cent,,,Reverse,"coins/Lincoln Cents, 1909-Date/Lincoln Cent 41463_61 Reverse.jpg",https://www.kaggle.com/datasets/sergiosaharovskiy/uscoins,CC0: Public Domain
img_000227,USA,Penny,Lincoln Cent,,,Reverse,"coins/Lincoln Cents, 1909-Date/Lincoln Cent 320686_80 Reverse.jpg",https://www.kaggle.com/datasets/sergiosaharovskiy/uscoins,CC0: Public Domain
img_000228,USA,Penny,Lincoln Cent,,,Reverse,"coins/Lincoln Cents, 1909-Date/Lincoln Cent 47672_92 Reverse.jpg",https://www.kaggle.com/datasets/sergiosaharovskiy/uscoins,CC0: Public Domain
img_000229,USA,Penny,Lincoln Cent,,,Obverse,"coins/Lincoln Cents, 1909-Date/Lincoln Cent 320686_15 Obverse.jpg",https://www.kaggle.com/datasets/sergiosaharovskiy/uscoins,CC0: Public Domain
img_000230,USA,Penny,Lincoln Cent,,,Reverse,"coins/Lincoln Cents, 1909-Date/Lincoln Cent 2445_67 Reverse.jpg",https://www.kaggle.com/datasets/sergiosaharovskiy/uscoins,CC0: Public Domain
img_000231,USA,Penny,Lincoln Cent,,,Reverse,"coins/Lincoln Cents, 1909-Date/Lincoln Cent 2445_115 Reverse.jpg",https://www.kaggle.com/datasets/sergiosaharovskiy/uscoins,CC0: Public Domain
img_000232,USA,Penny,Lincoln Cent,,,Obverse,"coins/Lincoln Cents, 1909-Date/Lincoln Cent 37633_32 Obverse.jpg",https://www.kaggle.com/datasets/sergiosaharovskiy/uscoins,CC0: Public Domain
img_000233,USA,Penny,Lincoln Cent,,,Obverse,"coins/Lincoln Cents, 1909-Date/Lincoln Cent 320686_63 Obverse.jpg",https://www.kaggle.com/datasets/sergiosaharovskiy/uscoins,CC0: Public Domain
img_000234,USA,Penny,Lincoln Cent,,,Reverse,"coins/Lincoln Cents, 1909-Date/Lincoln Cent 47672_227 Reverse.jpg",https://www.kaggle.com/datasets/sergiosaharovskiy/uscoins,CC0: Public Domain
img_000235,USA,Penny,Lincoln Cent,,,Obverse,"coins/Lincoln Cents, 1909-Date/Lincoln Cent 2445_350 Obverse.jpg",https://www.kaggle.com/datasets/sergiosaharovskiy/uscoins,CC0: Public Domain
img_000236,USA,Penny,Lincoln Cent,,,Reverse,"coins/Lincoln Cents, 1909-Date/Lincoln Cent 2445_12 Reverse.jpg",https://www.kaggle.com/datasets/sergiosaharovskiy/uscoins,CC0: Public Domain
img_000237,USA,Penny,Lincoln Cent,,,Obverse,"coins/Lincoln Cents, 1909-Date/Lincoln Cent 37633_235 Obverse.jpg",https://www.kaggle.com/datasets/sergiosaharovskiy/uscoins,CC0: Public Domain
img_000238,USA,Penny,Lincoln Cent,,,Reverse,"coins/Lincoln Cents, 1909-Date/Lincoln Cent 107258_76 Reverse.jpg",https://www.kaggle.com/datasets/sergiosaharovskiy/uscoins,CC0: Public Domain
img_000239,USA,Penny,Lincoln Cent,,,Obverse,"coins/Lincoln Cents, 1909-Date/Lincoln Cent 107258_51 Obverse.jpg",https://www.kaggle.com/datasets/sergiosaharovskiy/uscoins,CC0: Public Domain
img_000240,USA,Penny,Lincoln Cent,,,Obverse,"coins/Lincoln Cents, 1909-Date/Lincoln Cent 47672_65 Obverse.jpg",https://www.kaggle.com/datasets/sergiosaharovskiy/uscoins,CC0: Public Domain
img_000241,USA,Penny,Lincoln Cent,,,Obverse,"coins/Lincoln Cents, 1909-Date/Lincoln Cent 47672_207 Obverse.jpg",https://www.kaggle.com/datasets/sergiosaharovskiy/uscoins,CC0: Public Domain
img_000242,USA,Penny,Lincoln Cent,,,Reverse,"coins/Lincoln Cents, 1909-Date/Lincoln Cent 37633_83 Reverse.jpg",https://www.kaggle.com/datasets/sergiosaharovskiy/uscoins,CC0: Public Domain
img_000243,USA,Penny,Lincoln Cent,,,Obverse,"coins/Lincoln Cents, 1909-Date/Lincoln Cent 2445_364 Obverse.jpg",https://www.kaggle.com/datasets/sergiosaharovskiy/uscoins,CC0: Public Domain
img_000244,USA,Penny,Lincoln Cent,,,Obverse,"coins/Lincoln Cents, 1909-Date/Lincoln Cent 47672_170 Obverse.jpg",https://www.kaggle.com/datasets/sergiosaharovskiy/uscoins,CC0: Public Domain
img_000245,USA,Penny,Lincoln Cent,,,Obverse,"coins/Lincoln Cents, 1909-Date/Lincoln Cent 2445_286 Obverse.jpg",https://www.kaggle.com/datasets/sergiosaharovskiy/uscoins,CC0: Public Domain
img_000246,USA,Penny,Lincoln Cent,,,Obverse,"coins/Lincoln Cents, 1909-Date/Lincoln Cent 320686_107 Obverse.jpg",https://www.kaggle.com/datasets/sergiosaharovskiy/uscoins,CC0: Public Domain
img_000247,USA,Penny,Lincoln Cent,,,Reverse,"coins/Lincoln Cents, 1909-Date/Lincoln Cent 2445_198 Reverse.jpg",https://www.kaggle.com/datasets/sergiosaharovskiy/uscoins,CC0: Public Domain
img_000248,USA,Penny,Lincoln Cent,,,Reverse,"coins/Lincoln Cents, 1909-Date/Lincoln Cent 107258_54 Reverse.jpg",https://www.kaggle.com/datasets/sergiosaharovskiy/uscoins,CC0: Public Domain
img_000249,USA,Penny,Lincoln Cent,,,Obverse,"coins/Lincoln Cents, 1909-Date/Lincoln Cent 47672_137 Obverse.jpg",https://www.kaggle.com/datasets/sergiosaharovskiy/uscoins,CC0: Public Domain
img_000250,USA,Penny,Lincoln Cent,,,Reverse,"coins/Lincoln Cents, 1909-Date/Lincoln Cent 41463_23 Reverse.jpg",https://www.kaggle.com/datasets/sergiosaharovskiy/uscoins,CC0: Public Domain
img_000251,USA,Penny,Lincoln Cent,,,Reverse,"coins/Lincoln Cents, 1909-Date/Lincoln Cent 47672_33 Reverse.jpg",https://www.kaggle.com/datasets/sergiosaharovskiy/uscoins,CC0: Public Domain
img_000252,USA,Penny,Lincoln Cent,,,Obverse,"coins/Lincoln Cents, 1909-Date/Lincoln Cent 2445_102 Obverse.jpg",https://www.kaggle.com/datasets/sergiosaharovskiy/uscoins,CC0: Public Domain
img_000253,USA,Penny,Lincoln Cent,,,Reverse,"coins/Lincoln Cents, 1909-Date/Lincoln Cent 69935_7 Reverse.jpg",https://www.kaggle.com/datasets/sergiosaharovskiy/uscoins,CC0: Public Domain
img_000254,USA,Penny,Lincoln Cent,,,Obverse,"coins/Lincoln Cents, 1909-Date/Lincoln Cent 107258_21 Obverse.jpg",https://www.kaggle.com/datasets/sergiosaharovskiy/uscoins,CC0: Public Domain
img_000255,USA,Penny,Lincoln Cent,,,Reverse,"coins/Lincoln Cents, 1909-Date/Lincoln Cent 47672_141 Reverse.jpg",https://www.kaggle.com/datasets/sergiosaharovskiy/uscoins,CC0: Public Domain
img_000256,USA,Penny,Lincoln Cent,,,Reverse,"coins/Lincoln Cents, 1909-Date/Lincoln Cent 2445_272 Reverse.jpg",https://www.kaggle.com/datasets/sergiosaharovskiy/uscoins,CC0: Public Domain
img_000257,USA,Penny,Lincoln Cent,,,Obverse,"coins/Lincoln Cents, 1909-Date/Lincoln Cent 2445_17 Obverse.jpg",https://www.kaggle.com/datasets/sergiosaharovskiy/uscoins,CC0: Public Domain
img_000258,USA,Penny,Lincoln Cent,,,Obverse,"coins/Lincoln Cents, 1909-Date/Lincoln Cent 69935_34 Obverse.jpg",https://www.kaggle.com/datasets/sergiosaharovskiy/uscoins,CC0: Public Domain
img_000259,USA,Penny,Lincoln Cent,,,Obverse,"coins/Lincoln Cents, 1909-Date/Lincoln Cent 69935_100 Obverse.jpg",https://www.kaggle.com/datasets/sergiosaharovskiy/uscoins,CC0: Public Domain
img_000260,USA,Penny,Lincoln Cent,,,Reverse,"coins/Lincoln Cents, 1909-Date/Lincoln Cent 37633_193 Reverse.jpg",https://www.kaggle.com/datasets/sergiosaharovskiy/uscoins,CC0: Public Domain
img_000261,USA,Penny,Lincoln Cent,,,Reverse,"coins/Lincoln Cents, 1909-Date/Lincoln Cent 37633_98 Reverse.jpg",https://www.kaggle.com/datasets/sergiosaharovskiy/uscoins,CC0: Public Domain
img_000262,USA,Penny,Lincoln Cent,,,Obverse,"coins/Lincoln Cents, 1909-Date/Lincoln Cent 69935_78 Obverse.jpg",https://www.kaggle.com/datasets/sergiosaharovskiy/uscoins,CC0: Public Domain
img_000263,USA,Penny,Lincoln Cent,,,Obverse,"coins/Lincoln Cents, 1909-Date/Lincoln Cent 2445_44 Obverse.jpg",https://www.kaggle.com/datasets/sergiosaharovskiy/uscoins,CC0: Public Domain
img_000264,USA,Penny,Lincoln Cent,,,Reverse,"coins/Lincoln Cents, 1909-Date/Lincoln Cent 37633_31 Reverse.jpg",https://www.kaggle.com/datasets/sergiosaharovskiy/uscoins,CC0: Public Domain
img_000265,USA,Penny,Lincoln Cent,,,Reverse,"coins/Lincoln Cents, 1909-Date/Lincoln Cent 2445_216 Reverse.jpg",https://www.kaggle.com/datasets/sergiosaharovskiy/uscoins,CC0: Public Domain
img_000266,USA,Penny,Lincoln Cent,,,Obverse,"coins/Lincoln Cents, 1909-Date/Lincoln Cent 47672_95 Obverse.jpg",https://www.kaggle.com/datasets/sergiosaharovskiy/uscoins,CC0: Public Domain
img_000267,USA,Penny,Lincoln Cent,,,Reverse,"coins/Lincoln Cents, 1909-Date/Lincoln Cent 2445_332 Reverse.jpg",https://www.kaggle.com/datasets/sergiosaharovskiy/uscoins,CC0: Public Domain
img_000268,USA,Penny,Lincoln Cent,,,Reverse,"coins/Lincoln Cents, 1909-Date/Lincoln Cent 37633_41 Reverse.jpg",https://www.kaggle.com/datasets/sergiosaharovskiy/uscoins,CC0: Public Domain
img_000269,USA,Penny,Lincoln Cent,,,Obverse,"coins/Lincoln Cents, 1909-Date/Lincoln Cent 2445_15 Obverse.jpg",https://www.kaggle.com/datasets/sergiosaharovskiy/uscoins,CC0: Public Domain
img_000270,USA,Penny,Lincoln Cent,,,Obverse,"coins/Lincoln Cents, 1909-Date/Lincoln Cent 69935_36 Obverse.jpg",https://www.kaggle.com/datasets/sergiosaharovskiy/uscoins,CC0: Public Domain
img_000271,USA,Penny,Lincoln Cent,,,Obverse,"coins/Lincoln Cents, 1909-Date/Lincoln Cent 2445_81 Obverse.jpg",https://www.kaggle.com/datasets/sergiosaharovskiy/uscoins,CC0: Public Domain
img_000272,USA,Penny,Lincoln Cent,,,Reverse,"coins/Lincoln Cents, 1909-Date/Lincoln Cent 69935_6 Reverse.jpg",https://www.kaggle.com/datasets/sergiosaharovskiy/uscoins,CC0: Public Domain
img_000273,USA,Penny,Lincoln Cent,,,Obverse,"coins/Lincoln Cents, 1909-Date/Lincoln Cent 47672_201 Obverse.jpg",https://www.kaggle.com/datasets/sergiosaharovskiy/uscoins,CC0: Public Domain
img_000274,USA,Penny,Lincoln Cent,,,Reverse,"coins/Lincoln Cents, 1909-Date/Lincoln Cent 2445_269 Reverse.jpg",https://www.kaggle.com/datasets/sergiosaharovskiy/uscoins,CC0: Public Domain
img_000275,USA,Penny,Lincoln Cent,,,Obverse,"coins/Lincoln Cents, 1909-Date/Lincoln Cent 2445_31 Obverse.jpg",https://www.kaggle.com/datasets/sergiosaharovskiy/uscoins,CC0: Public Domain
img_000276,USA,Penny,Lincoln Cent,,,Reverse,"coins/Lincoln Cents, 1909-Date/Lincoln Cent 37633_180 Reverse.jpg",https://www.kaggle.com/datasets/sergiosaharovskiy/uscoins,CC0: Public Domain
img_000277,USA,Penny,Lincoln Cent,,,Obverse,"coins/Lincoln Cents, 1909-Date/Lincoln Cent 320686_54 Obverse.jpg",https://www.kaggle.com/datasets/sergiosaharovskiy/uscoins,CC0: Public Domain
img_000278,USA,Penny,Lincoln Cent,,,Reverse,"coins/Lincoln Cents, 1909-Date/Lincoln Cent 320686_70 Reverse.jpg",https://www.kaggle.com/datasets/sergiosaharovskiy/uscoins,CC0: Public Domain
img_000279,USA,Penny,Lincoln Cent,,,Reverse,"coins/Lincoln Cents, 1909-Date/Lincoln Cent 2445_79 Reverse.jpg",https://www.kaggle.com/datasets/sergiosaharovskiy/uscoins,CC0: Public Domain
img_000280,USA,Penny,Lincoln Cent,,,Reverse,"coins/Lincoln Cents, 1909-Date/Lincoln Cent 37633_92 Reverse.jpg",https://www.kaggle.com/datasets/sergiosaharovskiy/uscoins,CC0: Public Domain
img_000281,USA,Penny,Lincoln Cent,,,Obverse,"coins/Lincoln Cents, 1909-Date/Lincoln Cent 107258_93 Obverse.jpg",https://www.kaggle.com/datasets/sergiosaharovskiy/uscoins,CC0: Public Domain
img_000282,USA,Penny,Lincoln Cent,,,Reverse,"coins/Lincoln Cents, 1909-Date/Lincoln Cent 2445_408 Reverse.jpg",https://www.kaggle.com/datasets/sergiosaharovskiy/uscoins,CC0: Public Domain
img_000283,USA,Penny,Lincoln Cent,,,Reverse,"coins/Lincoln Cents, 1909-Date/Lincoln Cent 320686_120 Reverse.jpg",https://www.kaggle.com/datasets/sergiosaharovskiy/uscoins,CC0: Public Domain
img_000284,USA,Penny,Lincoln Cent,,,Reverse,"coins/Lincoln Cents, 1909-Date/Lincoln Cent 47672_56 Reverse.jpg",https://www.kaggle.com/datasets/sergiosaharovskiy/uscoins,CC0: Public Domain
img_000285,USA,Penny,Lincoln Cent,,,Obverse,"coins/Lincoln Cents, 1909-Date/Lincoln Cent 2445_145 Obverse.jpg",https://www.kaggle.com/datasets/sergiosaharovskiy/uscoins,CC0: Public Domain
img_000286,USA,Penny,Lincoln Cent,,,Obverse,"coins/Lincoln Cents, 1909-Date/Lincoln Cent 37633_68 Obverse.jpg",https://www.kaggle.com/datasets/sergiosaharovskiy/uscoins,CC0: Public Domain
img_000287,USA,Penny,Lincoln Cent,,,Obverse,"coins/Lincoln Cents, 1909-Date/Lincoln Cent 47672_130 Obverse.jpg",https://www.kaggle.com/datasets/sergiosaharovskiy/uscoins,CC0: Public Domain
img_000288,USA,Penny,Lincoln Cent,,,Reverse,"coins/Lincoln Cents, 1909-Date/Lincoln Cent 47672_109 Reverse.jpg",https://www.kaggle.com/datasets/sergiosaharovskiy/uscoins,CC0: Public Domain
img_000289,USA,Penny,Lincoln Cent,,,Reverse,"coins/Lincoln Cents, 1909-Date/Lincoln Cent 37633_231 Reverse.jpg",https://www.kaggle.com/datasets/sergiosaharovskiy/uscoins,CC0: Public Domain
img_000290,USA,Penny,Lincoln Cent,,,Reverse,"coins/Lincoln Cents, 1909-Date/Lincoln Cent 47672_113 Reverse.jpg",https://www.kaggle.com/datasets/sergiosaharovskiy/uscoins,CC0: Public Domain
img_000291,USA,Penny,Lincoln Cent,,,Reverse,"coins/Lincoln Cents, 1909-Date/Lincoln Cent 69935_109 Reverse.jpg",https://www.kaggle.com/datasets/sergiosaharovskiy/uscoins,CC0: Public Domain
img_000292,USA,Penny,Lincoln Cent,,,Obverse,"coins/Lincoln Cents, 1909-Date/Lincoln Cent 47672_94 Obverse.jpg",https://www.kaggle.com/datasets/sergiosaharovskiy/uscoins,CC0: Public Domain
img_000293,USA,Penny,Lincoln Cent,,,Reverse,"coins/Lincoln Cents, 1909-Date/Lincoln Cent 107258_29 Reverse.jpg",https://www.kaggle.com/datasets/sergiosaharovskiy/uscoins,CC0: Public Domain
img_000294,USA,Penny,Lincoln Cent,,,Obverse,"coins/Lincoln Cents, 1909-Date/Lincoln Cent 47672_101 Obverse.jpg",https://www.kaggle.com/datasets/sergiosaharovskiy/uscoins,CC0: Public Domain
img_000295,USA,Penny,Lincoln Cent,,,Reverse,"coins/Lincoln Cents, 1909-Date/Lincoln Cent 107258_49 Reverse.jpg",https://www.kaggle.com/datasets/sergiosaharovskiy/uscoins,CC0: Public Domain
img_000296,USA,Penny,Lincoln Cent,,,Obverse,"coins/Lincoln Cents, 1909-Date/Lincoln Cent 37633_167 Obverse.jpg",https://www.kaggle.com/datasets/sergiosaharovskiy/uscoins,CC0: Public Domain
img_000297,USA,Penny,Lincoln Cent,,,Obverse,"coins/Lincoln Cents, 1909-Date/Lincoln Cent 2445_406 Obverse.jpg",https://www.kaggle.com/datasets/sergiosaharovskiy/uscoins,CC0: Public Domain
img_000298,USA,Penny,Lincoln Cent,,,Reverse,"coins/Lincoln Cents, 1909-Date/Lincoln Cent 47672_104 Reverse.jpg",https://www.kaggle.com/datasets/sergiosaharovskiy/uscoins,CC0: Public Domain
img_000299,USA,Penny,Lincoln Cent,,,Reverse,"coins/Lincoln Cents, 1909-Date/Lincoln Cent 2445_304 Reverse.jpg",https://www.kaggle.com/datasets/sergiosaharovskiy/uscoins,CC0: Public Domain
img_000300,USA,Penny,Lincoln Cent,,,Reverse,"coins/Lincoln Cents, 1909-Date/Lincoln Cent 320686_100 Reverse.jpg",https://www.kaggle.com/datasets/sergiosaharovskiy/uscoins,CC0: Public Domain
img_000301,USA,Penny,Lincoln Cent,,,Reverse,"coins/Lincoln Cents, 1909-Date/Lincoln Cent 2445_273 Reverse.jpg",https://www.kaggle.com/datasets/sergiosaharovskiy/uscoins,CC0: Public Domain
img_000302,USA,Penny,Lincoln Cent,,,Reverse,"coins/Lincoln Cents, 1909-Date/Lincoln Cent 47672_12 Reverse.jpg",https://www.kaggle.com/datasets/sergiosaharovskiy/uscoins,CC0: Public Domain
img_000303,USA,Penny,Lincoln Cent,,,Reverse,"coins/Lincoln Cents, 1909-Date/Lincoln Cent 2445_393 Reverse.jpg",https://www.kaggle.com/datasets/sergiosaharovskiy/uscoins,CC0: Public Domain
img_000304,USA,Penny,Lincoln Cent,,,Reverse,"coins/Lincoln Cents, 1909-Date/Lincoln Cent 107258_16 Reverse.jpg",https://www.kaggle.com/datasets/sergiosaharovskiy/uscoins,CC0: Public Domain
img_000305,USA,Penny,Lincoln Cent,,,Reverse,"coins/Lincoln Cents, 1909-Date/Lincoln Cent 47672_192 Reverse.jpg",https://www.kaggle.com/datasets/sergiosaharovskiy/uscoins,CC0: Public Domain
img_000306,USA,Penny,Lincoln Cent,,,Reverse,"coins/Lincoln Cents, 1909-Date/Lincoln Cent 37633_245 Reverse.jpg",https://www.kaggle.com/datasets/sergiosaharovskiy/uscoins,CC0: Public Domain
img_000307,USA,Penny,Lincoln Cent,,,Reverse,"coins/Lincoln Cents, 1909-Date/Lincoln Cent 37633_24 Reverse.jpg",https://www.kaggle.com/datasets/sergiosaharovskiy/uscoins,CC0: Public Domain
img_000308,USA,Penny,Lincoln Cent,,,Reverse,"coins/Lincoln Cents, 1909-Date/Lincoln Cent 69935_58 Reverse.jpg",https://www.kaggle.com/datasets/sergiosaharovskiy/uscoins,CC0: Public Domain
img_000309,USA,Penny,Lincoln Cent,,,Obverse,"coins/Lincoln Cents, 1909-Date/Lincoln Cent 320686_39 Obverse.jpg",https://www.kaggle.com/datasets/sergiosaharovskiy/uscoins,CC0: Public Domain
img_000310,USA,Penny,Lincoln Cent,,,Reverse,"coins/Lincoln Cents, 1909-Date/Lincoln Cent 107258_94 Reverse.jpg",https://www.kaggle.com/datasets/sergiosaharovskiy/uscoins,CC0: Public Domain
img_000311,USA,Penny,Lincoln Cent,,,Obverse,"coins/Lincoln Cents, 1909-Date/Lincoln Cent 47672_110 Obverse.jpg",https://www.kaggle.com/datasets/sergiosaharovskiy/uscoins,CC0: Public Domain
img_000312,USA,Penny,Lincoln Cent,,,Reverse,"coins/Lincoln Cents, 1909-Date/Lincoln Cent 47672_90 Reverse.jpg",https://www.kaggle.com/datasets/sergiosaharovskiy/uscoins,CC0: Public Domain
img_000313,USA,Penny,Lincoln Cent,,,Reverse,"coins/Lincoln Cents, 1909-Date/Lincoln Cent 320686_52 Reverse.jpg",https://www.kaggle.com/datasets/sergiosaharovskiy/uscoins,CC0: Public Domain
img_000314,USA,Penny,Lincoln Cent,,,Reverse,"coins/Lincoln Cents, 1909-Date/Lincoln Cent 107258_85 Reverse.jpg",https://www.kaggle.com/datasets/sergiosaharovskiy/uscoins,CC0: Public Domain
img_000315,USA,Penny,Lincoln Cent,,,Reverse,"coins/Lincoln Cents, 1909-Date/Lincoln Cent 37633_51 Reverse.jpg",https://www.kaggle.com/datasets/sergiosaharovskiy/uscoins,CC0: Public Domain
img_000316,USA,Penny,Lincoln Cent,,,Obverse,"coins/Lincoln Cents, 1909-Date/Lincoln Cent 2445_75 Obverse.jpg",https://www.kaggle.com/datasets/sergiosaharovskiy/uscoins,CC0: Public Domain
img_000317,USA,Penny,Lincoln Cent,,,Reverse,"coins/Lincoln Cents, 1909-Date/Lincoln Cent 320686_16 Reverse.jpg",https://www.kaggle.com/datasets/sergiosaharovskiy/uscoins,CC0: Public Domain
img_000318,USA,Penny,Lincoln Cent,,,Reverse,"coins/Lincoln Cents, 1909-Date/Lincoln Cent 320686_137 Reverse.jpg",https://www.kaggle.com/datasets/sergiosaharovskiy/uscoins,CC0: Public Domain
img_000319,USA,Penny,Lincoln Cent,,,Obverse,"coins/Lincoln Cents, 1909-Date/Lincoln Cent 37633_131 Obverse.jpg",https://www.kaggle.com/datasets/sergiosaharovskiy/uscoins,CC0: Public Domain
img_000320,USA,Penny,Lincoln Cent,,,Reverse,"coins/Lincoln Cents, 1909-Date/Lincoln Cent 47672_13 Reverse.jpg",https://www.kaggle.com/datasets/sergiosaharovskiy/uscoins,CC0: Public Domain
img_000321,USA,Penny,Lincoln Cent,,,Reverse,"coins/Lincoln Cents, 1909-Date/Lincoln Cent 320686_33 Reverse.jpg",https://www.kaggle.com/datasets/sergiosaharovskiy/uscoins,CC0: Public Domain
img_000322,USA,Penny,Lincoln Cent,,,Obverse,"coins/Lincoln Cents, 1909-Date/Lincoln Cent 47672_119 Obverse.jpg",https://www.kaggle.com/datasets/sergiosaharovskiy/uscoins,CC0: Public Domain
img_000323,USA,Penny,Lincoln Cent,,,Obverse,"coins/Lincoln Cents, 1909-Date/Lincoln Cent 2445_35 Obverse.jpg",https://www.kaggle.com/datasets/sergiosaharovskiy/uscoins,CC0: Public Domain
img_000324,USA,Penny,Lincoln Cent,,,Reverse,"coins/Lincoln Cents, 1909-Date/Lincoln Cent 47672_125 Reverse.jpg",https://www.kaggle.com/datasets/sergiosaharovskiy/uscoins,CC0: Public Domain
img_000325,USA,Penny,Lincoln Cent,,,Obverse,"coins/Lincoln Cents, 1909-Date/Lincoln Cent 107258_63 Obverse.jpg",https://www.kaggle.com/datasets/sergiosaharovskiy/uscoins,CC0: Public Domain
img_000326,USA,Penny,Lincoln Cent,,,Reverse,"coins/Lincoln Cents, 1909-Date/Lincoln Cent 2445_225 Reverse.jpg",https://www.kaggle.com/datasets/sergiosaharovskiy/uscoins,CC0: Public Domain
img_000327,USA,Penny,Lincoln Cent,,,Reverse,"coins/Lincoln Cents, 1909-Date/Lincoln Cent 47672_47 Reverse.jpg",https://www.kaggle.com/datasets/sergiosaharovskiy/uscoins,CC0: Public Domain
img_000328,USA,Penny,Lincoln Cent,,,Reverse,"coins/Lincoln Cents, 1909-Date/Lincoln Cent 47672_244 Reverse.jpg",https://www.kaggle.com/datasets/sergiosaharovskiy/uscoins,CC0: Public Domain
img_000329,USA,Penny,Lincoln Cent,,,Reverse,"coins/Lincoln Cents, 1909-Date/Lincoln Cent 41463_25 Reverse.jpg",https://www.kaggle.com/datasets/sergiosaharovskiy/uscoins,CC0: Public Domain
img_000330,USA,Penny,Lincoln Cent,,,Reverse,"coins/Lincoln Cents, 1909-Date/Lincoln Cent 2445_250 Reverse.jpg",https://www.kaggle.com/datasets/sergiosaharovskiy/uscoins,CC0: Public Domain
img_000331,USA,Penny,Lincoln Cent,,,Reverse,"coins/Lincoln Cents, 1909-Date/Lincoln Cent 47672_254 Reverse.jpg",https://www.kaggle.com/datasets/sergiosaharovskiy/uscoins,CC0: Public Domain
img_000332,USA,Penny,Lincoln Cent,,,Obverse,"coins/Lincoln Cents, 1909-Date/Lincoln Cent 2445_106 Obverse.jpg",https://www.kaggle.com/datasets/sergiosaharovskiy/uscoins,CC0: Public Domain
img_000333,USA,Penny,Lincoln Cent,,,Reverse,"coins/Lincoln Cents, 1909-Date/Lincoln Cent 37633_104 Reverse.jpg",https://www.kaggle.com/datasets/sergiosaharovskiy/uscoins,CC0: Public Domain
img_000334,USA,Penny,Lincoln Cent,,,Reverse,"coins/Lincoln Cents, 1909-Date/Lincoln Cent 37633_185 Reverse.jpg",https://www.kaggle.com/datasets/sergiosaharovskiy/uscoins,CC0: Public Domain
img_000335,USA,Penny,Lincoln Cent,,,Obverse,"coins/Lincoln Cents, 1909-Date/Lincoln Cent 47672_39 Obverse.jpg",https://www.kaggle.com/datasets/sergiosaharovskiy/uscoins,CC0: Public Domain
img_000336,USA,Penny,Lincoln Cent,,,Reverse,"coins/Lincoln Cents, 1909-Date/Lincoln Cent 320686_123 Reverse.jpg",https://www.kaggle.com/datasets/sergiosaharovskiy/uscoins,CC0: Public Domain
img_000337,USA,Penny,Lincoln Cent,,,Reverse,"coins/Lincoln Cents, 1909-Date/Lincoln Cent 41463_15 Reverse.jpg",https://www.kaggle.com/datasets/sergiosaharovskiy/uscoins,CC0: Public Domain
img_000338,USA,Penny,Lincoln Cent,,,Reverse,"coins/Lincoln Cents, 1909-Date/Lincoln Cent 320686_132 Reverse.jpg",https://www.kaggle.com/datasets/sergiosaharovskiy/uscoins,CC0: Public Domain
img_000339,USA,Penny,Lincoln Cent,,,Obverse,"coins/Lincoln Cents, 1909-Date/Lincoln Cent 47672_229 Obverse.jpg",https://www.kaggle.com/datasets/sergiosaharovskiy/uscoins,CC0: Public Domain
img_000340,USA,Penny,Lincoln Cent,,,Reverse,"coins/Lincoln Cents, 1909-Date/Lincoln Cent 37633_64 Reverse.jpg",https://www.kaggle.com/datasets/sergiosaharovskiy/uscoins,CC0: Public Domain
img_000341,USA,Penny,Lincoln Cent,,,Reverse,"coins/Lincoln Cents, 1909-Date/Lincoln Cent 2445_71 Reverse.jpg",https://www.kaggle.com/datasets/sergiosaharovskiy/uscoins,CC0: Public Domain
img_000342,USA,Penny,Lincoln Cent,,,Obverse,"coins/Lincoln Cents, 1909-Date/Lincoln Cent 37633_232 Obverse.jpg",https://www.kaggle.com/datasets/sergiosaharovskiy/uscoins,CC0: Public Domain
img_000343,USA,Penny,Lincoln Cent,,,Obverse,"coins/Lincoln Cents, 1909-Date/Lincoln Cent 2445_192 Obverse.jpg",https://www.kaggle.com/datasets/sergiosaharovskiy/uscoins,CC0: Public Domain
img_000344,USA,Penny,Lincoln Cent,,,Reverse,"coins/Lincoln Cents, 1909-Date/Lincoln Cent 2445_98 Reverse.jpg",https://www.kaggle.com/datasets/sergiosaharovskiy/uscoins,CC0: Public Domain
img_000345,USA,Penny,Lincoln Cent,,,Reverse,"coins/Lincoln Cents, 1909-Date/Lincoln Cent 2445_407 Reverse.jpg",https://www.kaggle.com/datasets/sergiosaharovskiy/uscoins,CC0: Public Domain
img_000346,USA,Penny,Lincoln Cent,,,Reverse,"coins/Lincoln Cents, 1909-Date/Lincoln Cent 320686_36 Reverse.jpg",https://www.kaggle.com/datasets/sergiosaharovskiy/uscoins,CC0: Public Domain
img_000347,USA,Penny,Lincoln Cent,,,Reverse,"coins/Lincoln Cents, 1909-Date/Lincoln Cent 47672_180 Reverse.jpg",https://www.kaggle.com/datasets/sergiosaharovskiy/uscoins,CC0: Public Domain
img_000348,USA,Penny,Lincoln Cent,,,Obverse,"coins/Lincoln Cents, 1909-Date/Lincoln Cent 37633_204 Obverse.jpg",https://www.kaggle.com/datasets/sergiosaharovskiy/uscoins,CC0: Public Domain
img_000349,USA,Penny,Lincoln Cent,,,Obverse,"coins/Lincoln Cents, 1909-Date/Lincoln Cent 41463_53 Obverse.jpg",https://www.kaggle.com/datasets/sergiosaharovskiy/uscoins,CC0: Public Domain
img_000350,USA,Penny,Lincoln Cent,,,Reverse,"coins/Lincoln Cents, 1909-Date/Lincoln Cent 2445_284 Reverse.jpg",https://www.kaggle.com/datasets/sergiosaharovskiy/uscoins,CC0: Public Domain
img_000351,USA,Penny,Lincoln Cent,,,Obverse,"coins/Lincoln Cents, 1909-Date/Lincoln Cent 2445_172 Obverse.jpg",https://www.kaggle.com/datasets/sergiosaharovskiy/uscoins,CC0: Public Domain
img_000352,USA,Penny,Lincoln Cent,,,Reverse,"coins/Lincoln Cents, 1909-Date/Lincoln Cent 2445_260 Reverse.jpg",https://www.kaggle.com/datasets/sergiosaharovskiy/uscoins,CC0: Public Domain
img_000353,USA,Penny,Lincoln Cent,,,Reverse,"coins/Lincoln Cents, 1909-Date/Lincoln Cent 320686_13 Reverse.jpg",https://www.kaggle.com/datasets/sergiosaharovskiy/uscoins,CC0: Public Domain
img_000354,USA,Penny,Lincoln Cent,,,Reverse,"coins/Lincoln Cents, 1909-Date/Lincoln Cent 37633_234 Reverse.jpg",https://www.kaggle.com/datasets/sergiosaharovskiy/uscoins,CC0: Public Domain
img_000355,USA,Penny,Lincoln Cent,,,Reverse,"coins/Lincoln Cents, 1909-Date/Lincoln Cent 37633_200 Reverse.jpg",https://www.kaggle.com/datasets/sergiosaharovskiy/uscoins,CC0: Public Domain
img_000356,USA,Penny,Lincoln Cent,,,Obverse,"coins/Lincoln Cents, 1909-Date/Lincoln Cent 107258_56 Obverse.jpg",https://www.kaggle.com/datasets/sergiosaharovskiy/uscoins,CC0: Public Domain
img_000357,USA,Penny,Lincoln Cent,,,Obverse,"coins/Lincoln Cents, 1909-Date/Lincoln Cent 37633_191 Obverse.jpg",https://www.kaggle.com/datasets/sergiosaharovskiy/uscoins,CC0: Public Domain
img_000358,USA,Penny,Lincoln Cent,,,Obverse,"coins/Lincoln Cents, 1909-Date/Lincoln Cent 2445_310 Obverse.jpg",https://www.kaggle.com/datasets/sergiosaharovskiy/uscoins,CC0: Public Domain
img_000359,USA,Penny,Lincoln Cent,,,Reverse,"coins/Lincoln Cents, 1909-Date/Lincoln Cent 2445_164 Reverse.jpg",https://www.kaggle.com/datasets/sergiosaharovskiy/uscoins,CC0: Public Domain
img_000360,USA,Penny,Lincoln Cent,,,Reverse,"coins/Lincoln Cents, 1909-Date/Lincoln Cent 2445_135 Reverse.jpg",https://www.kaggle.com/datasets/sergiosaharovskiy/uscoins,CC0: Public Domain
img_000361,USA,Penny,Lincoln Cent,,,Reverse,"coins/Lincoln Cents, 1909-Date/Lincoln Cent 41463_62 Reverse.jpg",https://www.kaggle.com/datasets/sergiosaharovskiy/uscoins,CC0: Public Domain
img_000362,USA,Penny,Lincoln Cent,,,Reverse,"coins/Lincoln Cents, 1909-Date/Lincoln Cent 41463_34 Reverse.jpg",https://www.kaggle.com/datasets/sergiosaharovskiy/uscoins,CC0: Public Domain
img_000363,USA,Penny,Lincoln Cent,,,Obverse,"coins/Lincoln Cents, 1909-Date/Lincoln Cent 69935_124 Obverse.jpg",https://www.kaggle.com/datasets/sergiosaharovskiy/uscoins,CC0: Public Domain
img_000364,USA,Penny,Lincoln Cent,,,Obverse,"coins/Lincoln Cents, 1909-Date/Lincoln Cent 41463_41 Obverse.jpg",https://www.kaggle.com/datasets/sergiosaharovskiy/uscoins,CC0: Public Domain
img_000365,USA,Penny,Lincoln Cent,,,Obverse,"coins/Lincoln Cents, 1909-Date/Lincoln Cent 2445_13 Obverse.jpg",https://www.kaggle.com/datasets/sergiosaharovskiy/uscoins,CC0: Public Domain
img_000366,USA,Penny,Lincoln Cent,,,Reverse,"coins/Lincoln Cents, 1909-Date/Lincoln Cent 320686_135 Reverse.jpg",https://www.kaggle.com/datasets/sergiosaharovskiy/uscoins,CC0: Public Domain
img_000367,USA,Penny,Lincoln Cent,,,Reverse,"coins/Lincoln Cents, 1909-Date/Lincoln Cent 47672_96 Reverse.jpg",https://www.kaggle.com/datasets/sergiosaharovskiy/uscoins,CC0: Public Domain
img_000368,USA,Penny,Lincoln Cent,,,Obverse,"coins/Lincoln Cents, 1909-Date/Lincoln Cent 37633_207 Obverse.jpg",https://www.kaggle.com/datasets/sergiosaharovskiy/uscoins,CC0: Public Domain
img_000369,USA,Penny,Lincoln Cent,,,Reverse,"coins/Lincoln Cents, 1909-Date/Lincoln Cent 69935_66 Reverse.jpg",https://www.kaggle.com/datasets/sergiosaharovskiy/uscoins,CC0: Public Domain
img_000370,USA,Penny,Lincoln Cent,,,Reverse,"coins/Lincoln Cents, 1909-Date/Lincoln Cent 2445_43 Reverse.jpg",https://www.kaggle.com/datasets/sergiosaharovskiy/uscoins,CC0: Public Domain
img_000371,USA,Penny,Lincoln Cent,,,Reverse,"coins/Lincoln Cents, 1909-Date/Lincoln Cent 41463_74 Reverse.jpg",https://www.kaggle.com/datasets/sergiosaharovskiy/uscoins,CC0: Public Domain
img_000372,USA,Penny,Lincoln Cent,,,Obverse,"coins/Lincoln Cents, 1909-Date/Lincoln Cent 320686_44 Obverse.jpg",https://www.kaggle.com/datasets/sergiosaharovskiy/uscoins,CC0: Public Domain
img_000373,USA,Penny,Lincoln Cent,,,Obverse,"coins/Lincoln Cents, 1909-Date/Lincoln Cent 2445_104 Obverse.jpg",https://www.kaggle.com/datasets/sergiosaharovskiy/uscoins,CC0: Public Domain
img_000374,USA,Penny,Lincoln Cent,,,Reverse,"coins/Lincoln Cents, 1909-Date/Lincoln Cent 47672_116 Reverse.jpg",https://www.kaggle.com/datasets/sergiosaharovskiy/uscoins,CC0: Public Domain
img_000375,USA,Penny,Lincoln Cent,,,Reverse,"coins/Lincoln Cents, 1909-Date/Lincoln Cent 2445_160 Reverse.jpg",https://www.kaggle.com/datasets/sergiosaharovskiy/uscoins,CC0: Public Domain
img_000376,USA,Penny,Lincoln Cent,,,Obverse,"coins/Lincoln Cents, 1909-Date/Lincoln Cent 37633_118 Obverse.jpg",https://www.kaggle.com/datasets/sergiosaharovskiy/uscoins,CC0: Public Domain
img_000377,USA,Penny,Lincoln Cent,,,Reverse,"coins/Lincoln Cents, 1909-Date/Lincoln Cent 107258_0 Reverse.jpg",https://www.kaggle.com/datasets/sergiosaharovskiy/uscoins,CC0: Public Domain
img_000378,USA,Penny,Lincoln Cent,,,Obverse,"coins/Lincoln Cents, 1909-Date/Lincoln Cent 2445_253 Obverse.jpg",https://www.kaggle.com/datasets/sergiosaharovskiy/uscoins,CC0: Public Domain
img_000379,USA,Penny,Lincoln Cent,,,Obverse,"coins/Lincoln Cents, 1909-Date/Lincoln Cent 47672_1 Obverse.jpg",https://www.kaggle.com/datasets/sergiosaharovskiy/uscoins,CC0: Public Domain
img_000380,USA,Penny,Lincoln Cent,,,Reverse,"coins/Lincoln Cents, 1909-Date/Lincoln Cent 47672_128 Reverse.jpg",https://www.kaggle.com/datasets/sergiosaharovskiy/uscoins,CC0: Public Domain
img_000381,USA,Penny,Lincoln Cent,,,Obverse,"coins/Lincoln Cents, 1909-Date/Lincoln Cent 37633_119 Obverse.jpg",https://www.kaggle.com/datasets/sergiosaharovskiy/uscoins,CC0: Public Domain
img_000382,USA,Penny,Lincoln Cent,,,Obverse,"coins/Lincoln Cents, 1909-Date/Lincoln Cent 37633_133 Obverse.jpg",https://www.kaggle.com/datasets/sergiosaharovskiy/uscoins,CC0: Public Domain
img_000383,USA,Penny,Lincoln Cent,,,Obverse,"coins/Lincoln Cents, 1909-Date/Lincoln Cent 2445_131 Obverse.jpg",https://www.kaggle.com/datasets/sergiosaharovskiy/uscoins,CC0: Public Domain
img_000384,USA,Penny,Lincoln Cent,,,Reverse,"coins/Lincoln Cents, 1909-Date/Lincoln Cent 2445_411 Reverse.jpg",https://www.kaggle.com/datasets/sergiosaharovskiy/uscoins,CC0: Public Domain
img_000385,USA,Penny,Lincoln Cent,,,Reverse,"coins/Lincoln Cents, 1909-Date/Lincoln Cent 69935_61 Reverse.jpg",https://www.kaggle.com/datasets/sergiosaharovskiy/uscoins,CC0: Public Domain
img_000386,USA,Penny,Lincoln Cent,,,Reverse,"coins/Lincoln Cents, 1909-Date/Lincoln Cent 320686_87 Reverse.jpg",https://www.kaggle.com/datasets/sergiosaharovskiy/uscoins,CC0: Public Domain
img_000387,USA,Penny,Lincoln Cent,,,Obverse,"coins/Lincoln Cents, 1909-Date/Lincoln Cent 2445_80 Obverse.jpg",https://www.kaggle.com/datasets/sergiosaharovskiy/uscoins,CC0: Public Domain
img_000388,USA,Penny,Lincoln Cent,,,Reverse,"coins/Lincoln Cents, 1909-Date/Lincoln Cent 37633_242 Reverse.jpg",https://www.kaggle.com/datasets/sergiosaharovskiy/uscoins,CC0: Public Domain
img_000389,USA,Penny,Lincoln Cent,,,Obverse,"coins/Lincoln Cents, 1909-Date/Lincoln Cent 47672_235 Obverse.jpg",https://www.kaggle.com/datasets/sergiosaharovskiy/uscoins,CC0: Public Domain
img_000390,USA,Penny,Lincoln Cent,,,Reverse,"coins/Lincoln Cents, 1909-Date/Lincoln Cent 47672_205 Reverse.jpg",https://www.kaggle.com/datasets/sergiosaharovskiy/uscoins,CC0: Public Domain
img_000391,USA,Penny,Lincoln Cent,,,Reverse,"coins/Lincoln Cents, 1909-Date/Lincoln Cent 2445_305 Reverse.jpg",https://www.kaggle.com/datasets/sergiosaharovskiy/uscoins,CC0: Public Domain
img_000392,USA,Penny,Lincoln Cent,,,Reverse,"coins/Lincoln Cents, 1909-Date/Lincoln Cent 47672_64 Reverse.jpg",https://www.kaggle.com/datasets/sergiosaharovskiy/uscoins,CC0: Public Domain
img_000393,USA,Penny,Lincoln Cent,,,Obverse,"coins/Lincoln Cents, 1909-Date/Lincoln Cent 37633_47 Obverse.jpg",https://www.kaggle.com/datasets/sergiosaharovskiy/uscoins,CC0: Public Domain
img_000394,USA,Penny,Lincoln Cent,,,Obverse,"coins/Lincoln Cents, 1909-Date/Lincoln Cent 69935_44 Obverse.jpg",https://www.kaggle.com/datasets/sergiosaharovskiy/uscoins,CC0: Public Domain
img_000395,USA,Penny,Lincoln Cent,,,Obverse,"coins/Lincoln Cents, 1909-Date/Lincoln Cent 2445_248 Obverse.jpg",https://www.kaggle.com/datasets/sergiosaharovskiy/uscoins,CC0: Public Domain
img_000396,USA,Penny,Lincoln Cent,,,Reverse,"coins/Lincoln Cents, 1909-Date/Lincoln Cent 107258_57 Reverse.jpg",https://www.kaggle.com/datasets/sergiosaharovskiy/uscoins,CC0: Public Domain
img_000397,USA,Penny,Lincoln Cent,,,Obverse,"coins/Lincoln Cents, 1909-Date/Lincoln Cent 2445_5 Obverse.jpg",https://www.kaggle.com/datasets/sergiosaharovskiy/uscoins,CC0: Public Domain
img_000398,USA,Penny,Lincoln Cent,,,Obverse,"coins/Lincoln Cents, 1909-Date/Lincoln Cent 47672_121 Obverse.jpg",https://www.kaggle.com/datasets/sergiosaharovskiy/uscoins,CC0: Public Domain
img_000399,USA,Penny,Lincoln Cent,,,Reverse,"coins/Lincoln Cents, 1909-Date/Lincoln Cent 47672_120 Reverse.jpg",https://www.kaggle.com/datasets/sergiosaharovskiy/uscoins,CC0: Public Domain
img_000400,USA,Penny,Lincoln Cent,,,Obverse,"coins/Lincoln Cents, 1909-Date/Lincoln Cent 2445_139 Obverse.jpg",https://www.kaggle.com/datasets/sergiosaharovskiy/uscoins,CC0: Public Domain
img_000401,USA,Penny,Lincoln Cent,,,Reverse,"coins/Lincoln Cents, 1909-Date/Lincoln Cent 47672_72 Reverse.jpg",https://www.kaggle.com/datasets/sergiosaharovskiy/uscoins,CC0: Public Domain
img_000402,USA,Penny,Lincoln Cent,,,Obverse,"coins/Lincoln Cents, 1909-Date/Lincoln Cent 320686_121 Obverse.jpg",https://www.kaggle.com/datasets/sergiosaharovskiy/uscoins,CC0: Public Domain
img_000403,USA,Penny,Lincoln Cent,,,Obverse,"coins/Lincoln Cents, 1909-Date/Lincoln Cent 2445_327 Obverse.jpg",https://www.kaggle.com/datasets/sergiosaharovskiy/uscoins,CC0: Public Domain
img_000404,USA,Penny,Lincoln Cent,,,Obverse,"coins/Lincoln Cents, 1909-Date/Lincoln Cent 69935_9 Obverse.jpg",https://www.kaggle.com/datasets/sergiosaharovskiy/uscoins,CC0: Public Domain
img_000405,USA,Penny,Lincoln Cent,,,Reverse,"coins/Lincoln Cents, 1909-Date/Lincoln Cent 320686_28 Reverse.jpg",https://www.kaggle.com/datasets/sergiosaharovskiy/uscoins,CC0: Public Domain
img_000406,USA,Penny,Lincoln Cent,,,Obverse,"coins/Lincoln Cents, 1909-Date/Lincoln Cent 2445_331 Obverse.jpg",https://www.kaggle.com/datasets/sergiosaharovskiy/uscoins,CC0: Public Domain
img_000407,USA,Penny,Lincoln Cent,,,Obverse,"coins/Lincoln Cents, 1909-Date/Lincoln Cent 2445_344 Obverse.jpg",https://www.kaggle.com/datasets/sergiosaharovskiy/uscoins,CC0: Public Domain
img_000408,USA,Penny,Lincoln Cent,,,Obverse,"coins/Lincoln Cents, 1909-Date/Lincoln Cent 2445_373 Obverse.jpg",https://www.kaggle.com/datasets/sergiosaharovskiy/uscoins,CC0: Public Domain
img_000409,USA,Penny,Lincoln Cent,,,Obverse,"coins/Lincoln Cents, 1909-Date/Lincoln Cent 107258_80 Obverse.jpg",https://www.kaggle.com/datasets/sergiosaharovskiy/uscoins,CC0: Public Domain
img_000410,USA,Penny,Lincoln Cent,,,Obverse,"coins/Lincoln Cents, 1909-Date/Lincoln Cent 41463_31 Obverse.jpg",https://www.kaggle.com/datasets/sergiosaharovskiy/uscoins,CC0: Public Domain
img_000411,USA,Penny,Lincoln Cent,,,Obverse,"coins/Lincoln Cents, 1909-Date/Lincoln Cent 2445_420 Obverse.jpg",https://www.kaggle.com/datasets/sergiosaharovskiy/uscoins,CC0: Public Domain
img_000412,USA,Penny,Lincoln Cent,,,Reverse,"coins/Lincoln Cents, 1909-Date/Lincoln Cent 47672_225 Reverse.jpg",https://www.kaggle.com/datasets/sergiosaharovskiy/uscoins,CC0: Public Domain
img_000413,USA,Penny,Lincoln Cent,,,Obverse,"coins/Lincoln Cents, 1909-Date/Lincoln Cent 2445_363 Obverse.jpg",https://www.kaggle.com/datasets/sergiosaharovskiy/uscoins,CC0: Public Domain
img_000414,USA,Penny,Lincoln Cent,,,Obverse,"coins/Lincoln Cents, 1909-Date/Lincoln Cent 47672_231 Obverse.jpg",https://www.kaggle.com/datasets/sergiosaharovskiy/uscoins,CC0: Public Domain
img_000415,USA,Penny,Lincoln Cent,,,Obverse,"coins/Lincoln Cents, 1909-Date/Lincoln Cent 320686_46 Obverse.jpg",https://www.kaggle.com/datasets/sergiosaharovskiy/uscoins,CC0: Public Domain
img_000416,USA,Penny,Lincoln Cent,,,Obverse,"coins/Lincoln Cents, 1909-Date/Lincoln Cent 2445_3 Obverse.jpg",https://www.kaggle.com/datasets/sergiosaharovskiy/uscoins,CC0: Public Domain
img_000417,USA,Penny,Lincoln Cent,,,Reverse,"coins/Lincoln Cents, 1909-Date/Lincoln Cent 37633_211 Reverse.jpg",https://www.kaggle.com/datasets/sergiosaharovskiy/uscoins,CC0: Public Domain
img_000418,USA,Penny,Lincoln Cent,,,Obverse,"coins/Lincoln Cents, 1909-Date/Lincoln Cent 2445_96 Obverse.jpg",https://www.kaggle.com/datasets/sergiosaharovskiy/uscoins,CC0: Public Domain
img_000419,USA,Penny,Lincoln Cent,,,Reverse,"coins/Lincoln Cents, 1909-Date/Lincoln Cent 69935_24 Reverse.jpg",https://www.kaggle.com/datasets/sergiosaharovskiy/uscoins,CC0: Public Domain
img_000420,USA,Penny,Lincoln Cent,,,Reverse,"coins/Lincoln Cents, 1909-Date/Lincoln Cent 320686_117 Reverse.jpg",https://www.kaggle.com/datasets/sergiosaharovskiy/uscoins,CC0: Public Domain
img_000421,USA,Penny,Lincoln Cent,,,Reverse,"coins/Lincoln Cents, 1909-Date/Lincoln Cent 2445_183 Reverse.jpg",https://www.kaggle.com/datasets/sergiosaharovskiy/uscoins,CC0: Public Domain
img_000422,USA,Penny,Lincoln Cent,,,Reverse,"coins/Lincoln Cents, 1909-Date/Lincoln Cent 2445_16 Reverse.jpg",https://www.kaggle.com/datasets/sergiosaharovskiy/uscoins,CC0: Public Domain
img_000423,USA,Penny,Lincoln Cent,,,Obverse,"coins/Lincoln Cents, 1909-Date/Lincoln Cent 2445_66 Obverse.jpg",https://www.kaggle.com/datasets/sergiosaharovskiy/uscoins,CC0: Public Domain
img_000424,USA,Penny,Lincoln Cent,,,Obverse,"coins/Lincoln Cents, 1909-Date/Lincoln Cent 37633_90 Obverse.jpg",https://www.kaggle.com/datasets/sergiosaharovskiy/uscoins,CC0: Public Domain
img_000425,USA,Penny,Lincoln Cent,,,Reverse,"coins/Lincoln Cents, 1909-Date/Lincoln Cent 69935_49 Reverse.jpg",https://www.kaggle.com/datasets/sergiosaharovskiy/uscoins,CC0: Public Domain
img_000426,USA,Penny,Lincoln Cent,,,Reverse,"coins/Lincoln Cents, 1909-Date/Lincoln Cent 37633_5 Reverse.jpg",https://www.kaggle.com/datasets/sergiosaharovskiy/uscoins,CC0: Public Domain
img_000427,USA,Penny,Lincoln Cent,,,Obverse,"coins/Lincoln Cents, 1909-Date/Lincoln Cent 47672_3 Obverse.jpg",https://www.kaggle.com/datasets/sergiosaharovskiy/uscoins,CC0: Public Domain
img_000428,USA,Penny,Lincoln Cent,,,Reverse,"coins/Lincoln Cents, 1909-Date/Lincoln Cent 37633_177 Reverse.jpg",https://www.kaggle.com/datasets/sergiosaharovskiy/uscoins,CC0: Public Domain
img_000429,USA,Penny,Lincoln Cent,,,Obverse,"coins/Lincoln Cents, 1909-Date/Lincoln Cent 320686_131 Obverse.jpg",https://www.kaggle.com/datasets/sergiosaharovskiy/uscoins,CC0: Public Domain
img_000430,USA,Penny,Lincoln Cent,,,Reverse,"coins/Lincoln Cents, 1909-Date/Lincoln Cent 320686_105 Reverse.jpg",https://www.kaggle.com/datasets/sergiosaharovskiy/uscoins,CC0: Public Domain
img_000431,USA,Penny,Lincoln Cent,,,Obverse,"coins/Lincoln Cents, 1909-Date/Lincoln Cent 41463_4 Obverse.jpg",https://www.kaggle.com/datasets/sergiosaharovskiy/uscoins,CC0: Public Domain
img_000432,USA,Penny,Lincoln Cent,,,Reverse,"coins/Lincoln Cents, 1909-Date/Lincoln Cent 107258_22 Reverse.jpg",https://www.kaggle.com/datasets/sergiosaharovskiy/uscoins,CC0: Public Domain
img_000433,USA,Penny,Lincoln Cent,,,Reverse,"coins/Lincoln Cents, 1909-Date/Lincoln Cent 47672_17 Reverse.jpg",https://www.kaggle.com/datasets/sergiosaharovskiy/uscoins,CC0: Public Domain
img_000434,USA,Penny,Lincoln Cent,,,Reverse,"coins/Lincoln Cents, 1909-Date/Lincoln Cent 37633_88 Reverse.jpg",https://www.kaggle.com/datasets/sergiosaharovskiy/uscoins,CC0: Public Domain
img_000435,USA,Penny,Lincoln Cent,,,Reverse,"coins/Lincoln Cents, 1909-Date/Lincoln Cent 2445_340 Reverse.jpg",https://www.kaggle.com/datasets/sergiosaharovskiy/uscoins,CC0: Public Domain
img_000436,USA,Penny,Lincoln Cent,,,Reverse,"coins/Lincoln Cents, 1909-Date/Lincoln Cent 47672_251 Reverse.jpg",https://www.kaggle.com/datasets/sergiosaharovskiy/uscoins,CC0: Public Domain
img_000437,USA,Penny,Lincoln Cent,,,Reverse,"coins/Lincoln Cents, 1909-Date/Lincoln Cent 41463_19 Reverse.jpg",https://www.kaggle.com/datasets/sergiosaharovskiy/uscoins,CC0: Public Domain
img_000438,USA,Penny,Lincoln Cent,,,Obverse,"coins/Lincoln Cents, 1909-Date/Lincoln Cent 2445_283 Obverse.jpg",https://www.kaggle.com/datasets/sergiosaharovskiy/uscoins,CC0: Public Domain
img_000439,USA,Penny,Lincoln Cent,,,Reverse,"coins/Lincoln Cents, 1909-Date/Lincoln Cent 37633_241 Reverse.jpg",https://www.kaggle.com/datasets/sergiosaharovskiy/uscoins,CC0: Public Domain
img_000440,USA,Penny,Lincoln Cent,,,Reverse,"coins/Lincoln Cents, 1909-Date/Lincoln Cent 47672_114 Reverse.jpg",https://www.kaggle.com/datasets/sergiosaharovskiy/uscoins,CC0: Public Domain
img_000441,USA,Penny,Lincoln Cent,,,Obverse,"coins/Lincoln Cents, 1909-Date/Lincoln Cent 37633_178 Obverse.jpg",https://www.kaggle.com/datasets/sergiosaharovskiy/uscoins,CC0: Public Domain
img_000442,USA,Penny,Lincoln Cent,,,Obverse,"coins/Lincoln Cents, 1909-Date/Lincoln Cent 47672_176 Obverse.jpg",https://www.kaggle.com/datasets/sergiosaharovskiy/uscoins,CC0: Public Domain
img_000443,USA,Penny,Lincoln Cent,,,Reverse,"coins/Lincoln Cents, 1909-Date/Lincoln Cent 2445_108 Reverse.jpg",https://www.kaggle.com/datasets/sergiosaharovskiy/uscoins,CC0: Public Domain
img_000444,USA,Penny,Lincoln Cent,,,Obverse,"coins/Lincoln Cents, 1909-Date/Lincoln Cent 47672_144 Obverse.jpg",https://www.kaggle.com/datasets/sergiosaharovskiy/uscoins,CC0: Public Domain
img_000445,USA,Penny,Lincoln Cent,,,Obverse,"coins/Lincoln Cents, 1909-Date/Lincoln Cent 2445_136 Obverse.jpg",https://www.kaggle.com/datasets/sergiosaharovskiy/uscoins,CC0: Public Domain
img_000446,USA,Penny,Lincoln Cent,,,Obverse,"coins/Lincoln Cents, 1909-Date/Lincoln Cent 47672_167 Obverse.jpg",https://www.kaggle.com/datasets/sergiosaharovskiy/uscoins,CC0: Public Domain
img_000447,USA,Penny,Lincoln Cent,,,Obverse,"coins/Lincoln Cents, 1909-Date/Lincoln Cent 320686_72 Obverse.jpg",https://www.kaggle.com/datasets/sergiosaharovskiy/uscoins,CC0: Public Domain
img_000448,USA,Penny,Lincoln Cent,,,Reverse,"coins/Lincoln Cents, 1909-Date/Lincoln Cent 37633_170 Reverse.jpg",https://www.kaggle.com/datasets/sergiosaharovskiy/uscoins,CC0: Public Domain
img_000449,USA,Penny,Lincoln Cent,,,Reverse,"coins/Lincoln Cents, 1909-Date/Lincoln Cent 107258_65 Reverse.jpg",https://www.kaggle.com/datasets/sergiosaharovskiy/uscoins,CC0: Public Domain
img_000450,USA,Penny,Lincoln Cent,,,Obverse,"coins/Lincoln Cents, 1909-Date/Lincoln Cent 41463_35 Obverse.jpg",https://www.kaggle.com/datasets/sergiosaharovskiy/uscoins,CC0: Public Domain
img_000451,USA,Penny,Lincoln Cent,,,Obverse,"coins/Lincoln Cents, 1909-Date/Lincoln Cent 47672_73 Obverse.jpg",https://www.kaggle.com/datasets/sergiosaharovskiy/uscoins,CC0: Public Domain
img_000452,USA,Penny,Lincoln Cent,,,Obverse,"coins/Lincoln Cents, 1909-Date/Lincoln Cent 37633_87 Obverse.jpg",https://www.kaggle.com/datasets/sergiosaharovskiy/uscoins,CC0: Public Domain
img_000453,USA,Penny,Lincoln Cent,,,Reverse,"coins/Lincoln Cents, 1909-Date/Lincoln Cent 47672_25 Reverse.jpg",https://www.kaggle.com/datasets/sergiosaharovskiy/uscoins,CC0: Public Domain
img_000454,USA,Penny,Lincoln Cent,,,Reverse,"coins/Lincoln Cents, 1909-Date/Lincoln Cent 2445_343 Reverse.jpg",https://www.kaggle.com/datasets/sergiosaharovskiy/uscoins,CC0: Public Domain
img_000455,USA,Penny,Lincoln Cent,,,Obverse,"coins/Lincoln Cents, 1909-Date/Lincoln Cent 37633_218 Obverse.jpg",https://www.kaggle.com/datasets/sergiosaharovskiy/uscoins,CC0: Public Domain
img_000456,USA,Penny,Lincoln Cent,,,Reverse,"coins/Lincoln Cents, 1909-Date/Lincoln Cent 37633_143 Reverse.jpg",https://www.kaggle.com/datasets/sergiosaharovskiy/uscoins,CC0: Public Domain
img_000457,USA,Penny,Lincoln Cent,,,Reverse,"coins/Lincoln Cents, 1909-Date/Lincoln Cent 2445_214 Reverse.jpg",https://www.kaggle.com/datasets/sergiosaharovskiy/uscoins,CC0: Public Domain
img_000458,USA,Penny,Lincoln Cent,,,Obverse,"coins/Lincoln Cents, 1909-Date/Lincoln Cent 2445_84 Obverse.jpg",https://www.kaggle.com/datasets/sergiosaharovskiy/uscoins,CC0: Public Domain
img_000459,USA,Penny,Lincoln Cent,,,Reverse,"coins/Lincoln Cents, 1909-Date/Lincoln Cent 41463_56 Reverse.jpg",https://www.kaggle.com/datasets/sergiosaharovskiy/uscoins,CC0: Public Domain
img_000460,USA,Penny,Lincoln Cent,,,Obverse,"coins/Lincoln Cents, 1909-Date/Lincoln Cent 2445_236 Obverse.jpg",https://www.kaggle.com/datasets/sergiosaharovskiy/uscoins,CC0: Public Domain
img_000461,USA,Penny,Lincoln Cent,,,Obverse,"coins/Lincoln Cents, 1909-Date/Lincoln Cent 107258_68 Obverse.jpg",https://www.kaggle.com/datasets/sergiosaharovskiy/uscoins,CC0: Public Domain
img_000462,USA,Penny,Lincoln Cent,,,Obverse,"coins/Lincoln Cents, 1909-Date/Lincoln Cent 41463_0 Obverse.jpg",https://www.kaggle.com/datasets/sergiosaharovskiy/uscoins,CC0: Public Domain
img_000463,USA,Penny,Lincoln Cent,,,Reverse,"coins/Lincoln Cents, 1909-Date/Lincoln Cent 2445_193 Reverse.jpg",https://www.kaggle.com/datasets/sergiosaharovskiy/uscoins,CC0: Public Domain
img_000464,USA,Penny,Lincoln Cent,,,Obverse,"coins/Lincoln Cents, 1909-Date/Lincoln Cent 47672_219 Obverse.jpg",https://www.kaggle.com/datasets/sergiosaharovskiy/uscoins,CC0: Public Domain
img_000465,USA,Penny,Lincoln Cent,,,Obverse,"coins/Lincoln Cents, 1909-Date/Lincoln Cent 41463_69 Obverse.jpg",https://www.kaggle.com/datasets/sergiosaharovskiy/uscoins,CC0: Public Domain
img_000466,USA,Penny,Lincoln Cent,,,Reverse,"coins/Lincoln Cents, 1909-Date/Lincoln Cent 2445_297 Reverse.jpg",https://www.kaggle.com/datasets/sergiosaharovskiy/uscoins,CC0: Public Domain
img_000467,USA,Penny,Lincoln Cent,,,Obverse,"coins/Lincoln Cents, 1909-Date/Lincoln Cent 320686_32 Obverse.jpg",https://www.kaggle.com/datasets/sergiosaharovskiy/uscoins,CC0: Public Domain
img_000468,USA,Penny,Lincoln Cent,,,Reverse,"coins/Lincoln Cents, 1909-Date/Lincoln Cent 69935_38 Reverse.jpg",https://www.kaggle.com/datasets/sergiosaharovskiy/uscoins,CC0: Public Domain
img_000469,USA,Penny,Lincoln Cent,,,Reverse,"coins/Lincoln Cents, 1909-Date/Lincoln Cent 37633_140 Reverse.jpg",https://www.kaggle.com/datasets/sergiosaharovskiy/uscoins,CC0: Public Domain
img_000470,USA,Penny,Lincoln Cent,,,Reverse,"coins/Lincoln Cents, 1909-Date/Lincoln Cent 69935_12 Obverse Reverse.jpg",https://www.kaggle.com/datasets/sergiosaharovskiy/uscoins,CC0: Public Domain
img_000471,USA,Penny,Lincoln Cent,,,Reverse,"coins/Lincoln Cents, 1909-Date/Lincoln Cent 2445_184 Reverse.jpg",https://www.kaggle.com/datasets/sergiosaharovskiy/uscoins,CC0: Public Domain
img_000472,USA,Penny,Lincoln Cent,,,Reverse,"coins/Lincoln Cents, 1909-Date/Lincoln Cent 41463_60 Reverse.jpg",https://www.kaggle.com/datasets/sergiosaharovskiy/uscoins,CC0: Public Domain
img_000473,USA,Penny,Lincoln Cent,,,Obverse,"coins/Lincoln Cents, 1909-Date/Lincoln Cent 47672_63 Obverse.jpg",https://www.kaggle.com/datasets/sergiosaharovskiy/uscoins,CC0: Public Domain
img_000474,USA,Penny,Lincoln Cent,,,Reverse,"coins/Lincoln Cents, 1909-Date/Lincoln Cent 2445_252 Reverse.jpg",https://www.kaggle.com/datasets/sergiosaharovskiy/uscoins,CC0: Public Domain
img_000475,USA,Penny,Lincoln Cent,,,Obverse,"coins/Lincoln Cents, 1909-Date/Lincoln Cent 47672_89 Obverse.jpg",https://www.kaggle.com/datasets/sergiosaharovskiy/uscoins,CC0: Public Domain
img_000476,USA,Penny,Lincoln Cent,,,Reverse,"coins/Lincoln Cents, 1909-Date/Lincoln Cent 69935_95 Reverse.jpg",https://www.kaggle.com/datasets/sergiosaharovskiy/uscoins,CC0: Public Domain
img_000477,USA,Penny,Lincoln Cent,,,Reverse,"coins/Lincoln Cents, 1909-Date/Lincoln Cent 41463_28 Reverse.jpg",https://www.kaggle.com/datasets/sergiosaharovskiy/uscoins,CC0: Public Domain
img_000478,USA,Penny,Lincoln Cent,,,Obverse,"coins/Lincoln Cents, 1909-Date/Lincoln Cent 47672_9 Obverse.jpg",https://www.kaggle.com/datasets/sergiosaharovskiy/uscoins,CC0: Public Domain
img_000479,USA,Penny,Lincoln Cent,,,Reverse,"coins/Lincoln Cents, 1909-Date/Lincoln Cent 107258_30 Reverse.jpg",https://www.kaggle.com/datasets/sergiosaharovskiy/uscoins,CC0: Public Domain
img_000480,USA,Penny,Lincoln Cent,,,Reverse,"coins/Lincoln Cents, 1909-Date/Lincoln Cent 37633_152 Reverse.jpg",https://www.kaggle.com/datasets/sergiosaharovskiy/uscoins,CC0: Public Domain
img_000481,USA,Penny,Lincoln Cent,,,Reverse,"coins/Lincoln Cents, 1909-Date/Lincoln Cent 37633_202 Reverse.jpg",https://www.kaggle.com/datasets/sergiosaharovskiy/uscoins,CC0: Public Domain
img_000482,USA,Penny,Lincoln Cent,,,Obverse,"coins/Lincoln Cents, 1909-Date/Lincoln Cent 37633_209 Obverse.jpg",https://www.kaggle.com/datasets/sergiosaharovskiy/uscoins,CC0: Public Domain
img_000483,USA,Penny,Lincoln Cent,,,Reverse,"coins/Lincoln Cents, 1909-Date/Lincoln Cent 320686_151 Reverse.jpg",https://www.kaggle.com/datasets/sergiosaharovskiy/uscoins,CC0: Public Domain
img_000484,USA,Penny,Lincoln Cent,,,Obverse,"coins/Lincoln Cents, 1909-Date/Lincoln Cent 2445_404 Obverse.jpg",https://www.kaggle.com/datasets/sergiosaharovskiy/uscoins,CC0: Public Domain
img_000485,USA,Penny,Lincoln Cent,,,Obverse,"coins/Lincoln Cents, 1909-Date/Lincoln Cent 320686_154 Obverse.jpg",https://www.kaggle.com/datasets/sergiosaharovskiy/uscoins,CC0: Public Domain
img_000486,USA,Penny,Lincoln Cent,,,Reverse,"coins/Lincoln Cents, 1909-Date/Lincoln Cent 2445_209 Reverse.jpg",https://www.kaggle.com/datasets/sergiosaharovskiy/uscoins,CC0: Public Domain
img_000487,USA,Penny,Lincoln Cent,,,Obverse,"coins/Lincoln Cents, 1909-Date/Lincoln Cent 47672_77 Obverse.jpg",https://www.kaggle.com/datasets/sergiosaharovskiy/uscoins,CC0: Public Domain
img_000488,USA,Penny,Lincoln Cent,,,Reverse,"coins/Lincoln Cents, 1909-Date/Lincoln Cent 69935_67 Reverse.jpg",https://www.kaggle.com/datasets/sergiosaharovskiy/uscoins,CC0: Public Domain
img_000489,USA,Penny,Lincoln Cent,,,Obverse,"coins/Lincoln Cents, 1909-Date/Lincoln Cent 69935_33 Obverse.jpg",https://www.kaggle.com/datasets/sergiosaharovskiy/uscoins,CC0: Public Domain
img_000490,USA,Penny,Lincoln Cent,,,Reverse,"coins/Lincoln Cents, 1909-Date/Lincoln Cent 2445_116 Reverse.jpg",https://www.kaggle.com/datasets/sergiosaharovskiy/uscoins,CC0: Public Domain
img_000491,USA,Penny,Lincoln Cent,,,Obverse,"coins/Lincoln Cents, 1909-Date/Lincoln Cent 37633_9 Obverse.jpg",https://www.kaggle.com/datasets/sergiosaharovskiy/uscoins,CC0: Public Domain
img_000492,USA,Penny,Lincoln Cent,,,Reverse,"coins/Lincoln Cents, 1909-Date/Lincoln Cent 69935_39 Reverse.jpg",https://www.kaggle.com/datasets/sergiosaharovskiy/uscoins,CC0: Public Domain
img_000493,USA,Penny,Lincoln Cent,,,Obverse,"coins/Lincoln Cents, 1909-Date/Lincoln Cent 69935_90 Obverse.jpg",https://www.kaggle.com/datasets/sergiosaharovskiy/uscoins,CC0: Public Domain
img_000494,USA,Penny,Lincoln Cent,,,Obverse,"coins/Lincoln Cents, 1909-Date/Lincoln Cent 320686_88 Obverse.jpg",https://www.kaggle.com/datasets/sergiosaharovskiy/uscoins,CC0: Public Domain
img_000495,USA,Penny,Lincoln Cent,,,Obverse,"coins/Lincoln Cents, 1909-Date/Lincoln Cent 2445_378 Obverse.jpg",https://www.kaggle.com/datasets/sergiosaharovskiy/uscoins,CC0: Public Domain
img_000496,USA,Penny,Lincoln Cent,,,Reverse,"coins/Lincoln Cents, 1909-Date/Lincoln Cent 320686_49 Reverse.jpg",https://www.kaggle.com/datasets/sergiosaharovskiy/uscoins,CC0: Public Domain
img_000497,USA,Penny,Lincoln Cent,,,Reverse,"coins/Lincoln Cents, 1909-Date/Lincoln Cent 37633_26 Reverse.jpg",https://www.kaggle.com/datasets/sergiosaharovskiy/uscoins,CC0: Public Domain
img_000498,USA,Penny,Lincoln Cent,,,Obverse,"coins/Lincoln Cents, 1909-Date/Lincoln Cent 47672_217 Obverse.jpg",https://www.kaggle.com/datasets/sergiosaharovskiy/uscoins,CC0: Public Domain
img_000499,USA,Penny,Lincoln Cent,,,Reverse,"coins/Lincoln Cents, 1909-Date/Lincoln Cent 47672_250 Reverse.jpg",https://www.kaggle.com/datasets/sergiosaharovskiy/uscoins,CC0: Public Domain
img_000500,USA,Penny,Lincoln Cent,,,Obverse,"coins/Lincoln Cents, 1909-Date/Lincoln Cent 47672_59 Obverse.jpg",https://www.kaggle.com/datasets/sergiosaharovskiy/uscoins,CC0: Public Domain
img_000501,USA,Penny,Lincoln Cent,,,Obverse,"coins/Lincoln Cents, 1909-Date/Lincoln Cent 320686_136 Obverse.jpg",https://www.kaggle.com/datasets/sergiosaharovskiy/uscoins,CC0: Public Domain
img_000502,USA,Penny,Lincoln Cent,,,Obverse,"coins/Lincoln Cents, 1909-Date/Lincoln Cent 320686_64 Obverse.jpg",https://www.kaggle.com/datasets/sergiosaharovskiy/uscoins,CC0: Public Domain
img_000503,USA,Penny,Lincoln Cent,,,Reverse,"coins/Lincoln Cents, 1909-Date/Lincoln Cent 69935_79 Obverse Reverse.jpg",https://www.kaggle.com/datasets/sergiosaharovskiy/uscoins,CC0: Public Domain
img_000504,USA,Penny,Lincoln Cent,,,Reverse,"coins/Lincoln Cents, 1909-Date/Lincoln Cent 69935_11 Reverse.jpg",https://www.kaggle.com/datasets/sergiosaharovskiy/uscoins,CC0: Public Domain
img_000505,USA,Penny,Lincoln Cent,,,Reverse,"coins/Lincoln Cents, 1909-Date/Lincoln Cent 47672_216 Reverse.jpg",https://www.kaggle.com/datasets/sergiosaharovskiy/uscoins,CC0: Public Domain
img_000506,USA,Penny,Lincoln Cent,,,Reverse,"coins/Lincoln Cents, 1909-Date/Lincoln Cent 2445_308 Reverse.jpg",https://www.kaggle.com/datasets/sergiosaharovskiy/uscoins,CC0: Public Domain
img_000507,USA,Penny,Lincoln Cent,,,Obverse,"coins/Lincoln Cents, 1909-Date/Lincoln Cent 47672_43 Obverse.jpg",https://www.kaggle.com/datasets/sergiosaharovskiy/uscoins,CC0: Public Domain
img_000508,USA,Penny,Lincoln Cent,,,Reverse,"coins/Lincoln Cents, 1909-Date/Lincoln Cent 2445_220 Reverse.jpg",https://www.kaggle.com/datasets/sergiosaharovskiy/uscoins,CC0: Public Domain
img_000509,USA,Penny,Lincoln Cent,,,Obverse,"coins/Lincoln Cents, 1909-Date/Lincoln Cent 2445_234 Obverse.jpg",https://www.kaggle.com/datasets/sergiosaharovskiy/uscoins,CC0: Public Domain
img_000510,USA,Penny,Lincoln Cent,,,Reverse,"coins/Lincoln Cents, 1909-Date/Lincoln Cent 107258_32 Reverse.jpg",https://www.kaggle.com/datasets/sergiosaharovskiy/uscoins,CC0: Public Domain
img_000511,USA,Penny,Lincoln Cent,,,Obverse,"coins/Lincoln Cents, 1909-Date/Lincoln Cent 37633_58 Obverse.jpg",https://www.kaggle.com/datasets/sergiosaharovskiy/uscoins,CC0: Public Domain
img_000512,USA,Penny,Lincoln Cent,,,Reverse,"coins/Lincoln Cents, 1909-Date/Lincoln Cent 37633_80 Reverse.jpg",https://www.kaggle.com/datasets/sergiosaharovskiy/uscoins,CC0: Public Domain
img_000513,USA,Penny,Lincoln Cent,,,Reverse,"coins/Lincoln Cents, 1909-Date/Lincoln Cent 47672_87 Reverse.jpg",https://www.kaggle.com/datasets/sergiosaharovskiy/uscoins,CC0: Public Domain
img_000514,USA,Penny,Lincoln Cent,,,Obverse,"coins/Lincoln Cents, 1909-Date/Lincoln Cent 37633_128 Obverse.jpg",https://www.kaggle.com/datasets/sergiosaharovskiy/uscoins,CC0: Public Domain
img_000515,USA,Penny,Lincoln Cent,,,Obverse,"coins/Lincoln Cents, 1909-Date/Lincoln Cent 2445_338 Obverse.jpg",https://www.kaggle.com/datasets/sergiosaharovskiy/uscoins,CC0: Public Domain
img_000516,USA,Penny,Lincoln Cent,,,Obverse,"coins/Lincoln Cents, 1909-Date/Lincoln Cent 2445_150 Obverse.jpg",https://www.kaggle.com/datasets/sergiosaharovskiy/uscoins,CC0: Public Domain
img_000517,USA,Penny,Lincoln Cent,,,Obverse,"coins/Lincoln Cents, 1909-Date/Lincoln Cent 47672_7 Obverse.jpg",https://www.kaggle.com/datasets/sergiosaharovskiy/uscoins,CC0: Public Domain
img_000518,USA,Penny,Lincoln Cent,,,Reverse,"coins/Lincoln Cents, 1909-Date/Lincoln Cent 2445_239 Reverse.jpg",https://www.kaggle.com/datasets/sergiosaharovskiy/uscoins,CC0: Public Domain
img_000519,USA,Penny,Lincoln Cent,,,Reverse,"coins/Lincoln Cents, 1909-Date/Lincoln Cent 41463_33 Reverse.jpg",https://www.kaggle.com/datasets/sergiosaharovskiy/uscoins,CC0: Public Domain
img_000520,USA,Penny,Lincoln Cent,,,Reverse,"coins/Lincoln Cents, 1909-Date/Lincoln Cent 2445_68 Reverse.jpg",https://www.kaggle.com/datasets/sergiosaharovskiy/uscoins,CC0: Public Domain
img_000521,USA,Penny,Lincoln Cent,,,Obverse,"coins/Lincoln Cents, 1909-Date/Lincoln Cent 2445_254 Obverse.jpg",https://www.kaggle.com/datasets/sergiosaharovskiy/uscoins,CC0: Public Domain
img_000522,USA,Penny,Lincoln Cent,,,Obverse,"coins/Lincoln Cents, 1909-Date/Lincoln Cent 37633_125 Obverse.jpg",https://www.kaggle.com/datasets/sergiosaharovskiy/uscoins,CC0: Public Domain
img_000523,USA,Penny,Lincoln Cent,,,Reverse,"coins/Lincoln Cents, 1909-Date/Lincoln Cent 107258_92 Reverse.jpg",https://www.kaggle.com/datasets/sergiosaharovskiy/uscoins,CC0: Public Domain
img_000524,USA,Penny,Lincoln Cent,,,Reverse,"coins/Lincoln Cents, 1909-Date/Lincoln Cent 2445_21 Reverse.jpg",https://www.kaggle.com/datasets/sergiosaharovskiy/uscoins,CC0: Public Domain
img_000525,USA,Penny,Lincoln Cent,,,Reverse,"coins/Lincoln Cents, 1909-Date/Lincoln Cent 37633_225 Reverse.jpg",https://www.kaggle.com/datasets/sergiosaharovskiy/uscoins,CC0: Public Domain
img_000526,USA,Penny,Lincoln Cent,,,Obverse,"coins/Lincoln Cents, 1909-Date/Lincoln Cent 2445_399 Obverse.jpg",https://www.kaggle.com/datasets/sergiosaharovskiy/uscoins,CC0: Public Domain
img_000527,USA,Penny,Lincoln Cent,,,Obverse,"coins/Lincoln Cents, 1909-Date/Lincoln Cent 47672_221 Obverse.jpg",https://www.kaggle.com/datasets/sergiosaharovskiy/uscoins,CC0: Public Domain
img_000528,USA,Penny,Lincoln Cent,,,Reverse,"coins/Lincoln Cents, 1909-Date/Lincoln Cent 47672_223 Reverse.jpg",https://www.kaggle.com/datasets/sergiosaharovskiy/uscoins,CC0: Public Domain
img_000529,USA,Penny,Lincoln Cent,,,Obverse,"coins/Lincoln Cents, 1909-Date/Lincoln Cent 320686_111 Obverse.jpg",https://www.kaggle.com/datasets/sergiosaharovskiy/uscoins,CC0: Public Domain
img_000530,USA,Penny,Lincoln Cent,,,Obverse,"coins/Lincoln Cents, 1909-Date/Lincoln Cent 2445_126 Obverse.jpg",https://www.kaggle.com/datasets/sergiosaharovskiy/uscoins,CC0: Public Domain
img_000531,USA,Penny,Lincoln Cent,,,Obverse,"coins/Lincoln Cents, 1909-Date/Lincoln Cent 47672_166 Obverse.jpg",https://www.kaggle.com/datasets/sergiosaharovskiy/uscoins,CC0: Public Domain
img_000532,USA,Penny,Lincoln Cent,,,Obverse,"coins/Lincoln Cents, 1909-Date/Lincoln Cent 2445_374 Obverse.jpg",https://www.kaggle.com/datasets/sergiosaharovskiy/uscoins,CC0: Public Domain
img_000533,USA,Penny,Lincoln Cent,,,Obverse,"coins/Lincoln Cents, 1909-Date/Lincoln Cent 2445_95 Obverse.jpg",https://www.kaggle.com/datasets/sergiosaharovskiy/uscoins,CC0: Public Domain
img_000534,USA,Penny,Lincoln Cent,,,Reverse,"coins/Lincoln Cents, 1909-Date/Lincoln Cent 37633_239 Reverse.jpg",https://www.kaggle.com/datasets/sergiosaharovskiy/uscoins,CC0: Public Domain
img_000535,USA,Penny,Lincoln Cent,,,Obverse,"coins/Lincoln Cents, 1909-Date/Lincoln Cent 107258_38 Obverse.jpg",https://www.kaggle.com/datasets/sergiosaharovskiy/uscoins,CC0: Public Domain
img_000536,USA,Penny,Lincoln Cent,,,Reverse,"coins/Lincoln Cents, 1909-Date/Lincoln Cent 47672_202 Reverse.jpg",https://www.kaggle.com/datasets/sergiosaharovskiy/uscoins,CC0: Public Domain
img_000537,USA,Penny,Lincoln Cent,,,Reverse,"coins/Lincoln Cents, 1909-Date/Lincoln Cent 69935_128 Reverse.jpg",https://www.kaggle.com/datasets/sergiosaharovskiy/uscoins,CC0: Public Domain
img_000538,USA,Penny,Lincoln Cent,,,Reverse,"coins/Lincoln Cents, 1909-Date/Lincoln Cent 47672_243 Reverse.jpg",https://www.kaggle.com/datasets/sergiosaharovskiy/uscoins,CC0: Public Domain
img_000539,USA,Penny,Lincoln Cent,,,Reverse,"coins/Lincoln Cents, 1909-Date/Lincoln Cent 37633_17 Reverse.jpg",https://www.kaggle.com/datasets/sergiosaharovskiy/uscoins,CC0: Public Domain
img_000540,USA,Penny,Lincoln Cent,,,Reverse,"coins/Lincoln Cents, 1909-Date/Lincoln Cent 37633_184 Reverse.jpg",https://www.kaggle.com/datasets/sergiosaharovskiy/uscoins,CC0: Public Domain
img_000541,USA,Penny,Lincoln Cent,,,Obverse,"coins/Lincoln Cents, 1909-Date/Lincoln Cent 37633_115 Obverse.jpg",https://www.kaggle.com/datasets/sergiosaharovskiy/uscoins,CC0: Public Domain
img_000542,USA,Penny,Lincoln Cent,,,Reverse,"coins/Lincoln Cents, 1909-Date/Lincoln Cent 47672_44 Reverse.jpg",https://www.kaggle.com/datasets/sergiosaharovskiy/uscoins,CC0: Public Domain
img_000543,USA,Penny,Lincoln Cent,,,Obverse,"coins/Lincoln Cents, 1909-Date/Lincoln Cent 107258_45 Obverse.jpg",https://www.kaggle.com/datasets/sergiosaharovskiy/uscoins,CC0: Public Domain
img_000544,USA,Penny,Lincoln Cent,,,Reverse,"coins/Lincoln Cents, 1909-Date/Lincoln Cent 2445_119 Reverse.jpg",https://www.kaggle.com/datasets/sergiosaharovskiy/uscoins,CC0: Public Domain
img_000545,USA,Penny,Lincoln Cent,,,Obverse,"coins/Lincoln Cents, 1909-Date/Lincoln Cent 37633_1 Obverse.jpg",https://www.kaggle.com/datasets/sergiosaharovskiy/uscoins,CC0: Public Domain
img_000546,USA,Penny,Lincoln Cent,,,Reverse,"coins/Lincoln Cents, 1909-Date/Lincoln Cent 69935_16 Reverse.jpg",https://www.kaggle.com/datasets/sergiosaharovskiy/uscoins,CC0: Public Domain
img_000547,USA,Penny,Lincoln Cent,,,Reverse,"coins/Lincoln Cents, 1909-Date/Lincoln Cent 37633_163 Reverse.jpg",https://www.kaggle.com/datasets/sergiosaharovskiy/uscoins,CC0: Public Domain
img_000548,USA,Penny,Lincoln Cent,,,Obverse,"coins/Lincoln Cents, 1909-Date/Lincoln Cent 47672_153 Obverse.jpg",https://www.kaggle.com/datasets/sergiosaharovskiy/uscoins,CC0: Public Domain
img_000549,USA,Penny,Lincoln Cent,,,Reverse,"coins/Lincoln Cents, 1909-Date/Lincoln Cent 2445_362 Reverse.jpg",https://www.kaggle.com/datasets/sergiosaharovskiy/uscoins,CC0: Public Domain
img_000550,USA,Penny,Lincoln Cent,,,Obverse,"coins/Lincoln Cents, 1909-Date/Lincoln Cent 47672_61 Obverse.jpg",https://www.kaggle.com/datasets/sergiosaharovskiy/uscoins,CC0: Public Domain
img_000551,USA,Penny,Lincoln Cent,,,Reverse,"coins/Lincoln Cents, 1909-Date/Lincoln Cent 320686_60 Reverse.jpg",https://www.kaggle.com/datasets/sergiosaharovskiy/uscoins,CC0: Public Domain
img_000552,USA,Penny,Lincoln Cent,,,Obverse,"coins/Lincoln Cents, 1909-Date/Lincoln Cent 2445_51 Obverse.jpg",https://www.kaggle.com/datasets/sergiosaharovskiy/uscoins,CC0: Public Domain
img_000553,USA,Penny,Lincoln Cent,,,Reverse,"coins/Lincoln Cents, 1909-Date/Lincoln Cent 2445_53 Reverse.jpg",https://www.kaggle.com/datasets/sergiosaharovskiy/uscoins,CC0: Public Domain
img_000554,USA,Penny,Lincoln Cent,,,Obverse,"coins/Lincoln Cents, 1909-Date/Lincoln Cent 320686_91 Obverse.jpg",https://www.kaggle.com/datasets/sergiosaharovskiy/uscoins,CC0: Public Domain
img_000555,USA,Penny,Lincoln Cent,,,Obverse,"coins/Lincoln Cents, 1909-Date/Lincoln Cent 320686_77 Obverse.jpg",https://www.kaggle.com/datasets/sergiosaharovskiy/uscoins,CC0: Public Domain
img_000556,USA,Penny,Lincoln Cent,,,Reverse,"coins/Lincoln Cents, 1909-Date/Lincoln Cent 47672_246 Reverse.jpg",https://www.kaggle.com/datasets/sergiosaharovskiy/uscoins,CC0: Public Domain
img_000557,USA,Penny,Lincoln Cent,,,Reverse,"coins/Lincoln Cents, 1909-Date/Lincoln Cent 2445_245 Reverse.jpg",https://www.kaggle.com/datasets/sergiosaharovskiy/uscoins,CC0: Public Domain
img_000558,USA,Penny,Lincoln Cent,,,Obverse,"coins/Lincoln Cents, 1909-Date/Lincoln Cent 37633_46 Obverse.jpg",https://www.kaggle.com/datasets/sergiosaharovskiy/uscoins,CC0: Public Domain
img_000559,USA,Penny,Lincoln Cent,,,Obverse,"coins/Lincoln Cents, 1909-Date/Lincoln Cent 37633_100 Obverse.jpg",https://www.kaggle.com/datasets/sergiosaharovskiy/uscoins,CC0: Public Domain
img_000560,USA,Penny,Lincoln Cent,,,Reverse,"coins/Lincoln Cents, 1909-Date/Lincoln Cent 69935_5 Reverse.jpg",https://www.kaggle.com/datasets/sergiosaharovskiy/uscoins,CC0: Public Domain
img_000561,USA,Penny,Lincoln Cent,,,Obverse,"coins/Lincoln Cents, 1909-Date/Lincoln Cent 47672_160 Obverse.jpg",https://www.kaggle.com/datasets/sergiosaharovskiy/uscoins,CC0: Public Domain
img_000562,USA,Penny,Lincoln Cent,,,Obverse,"coins/Lincoln Cents, 1909-Date/Lincoln Cent 47672_71 Obverse.jpg",https://www.kaggle.com/datasets/sergiosaharovskiy/uscoins,CC0: Public Domain
img_000563,USA,Penny,Lincoln Cent,,,Obverse,"coins/Lincoln Cents, 1909-Date/Lincoln Cent 320686_24 Obverse.jpg",https://www.kaggle.com/datasets/sergiosaharovskiy/uscoins,CC0: Public Domain
img_000564,USA,Penny,Lincoln Cent,,,Obverse,"coins/Lincoln Cents, 1909-Date/Lincoln Cent 41463_16 Obverse.jpg",https://www.kaggle.com/datasets/sergiosaharovskiy/uscoins,CC0: Public Domain
img_000565,USA,Penny,Lincoln Cent,,,Obverse,"coins/Lincoln Cents, 1909-Date/Lincoln Cent 2445_210 Obverse.jpg",https://www.kaggle.com/datasets/sergiosaharovskiy/uscoins,CC0: Public Domain
img_000566,USA,Penny,Lincoln Cent,,,Reverse,"coins/Lincoln Cents, 1909-Date/Lincoln Cent 2445_288 Reverse.jpg",https://www.kaggle.com/datasets/sergiosaharovskiy/uscoins,CC0: Public Domain
img_000567,USA,Penny,Lincoln Cent,,,Reverse,"coins/Lincoln Cents, 1909-Date/Lincoln Cent 320686_75 Reverse.jpg",https://www.kaggle.com/datasets/sergiosaharovskiy/uscoins,CC0: Public Domain
img_000568,USA,Penny,Lincoln Cent,,,Reverse,"coins/Lincoln Cents, 1909-Date/Lincoln Cent 47672_122 Reverse.jpg",https://www.kaggle.com/datasets/sergiosaharovskiy/uscoins,CC0: Public Domain
img_000569,USA,Penny,Lincoln Cent,,,Obverse,"coins/Lincoln Cents, 1909-Date/Lincoln Cent 41463_27 Obverse.jpg",https://www.kaggle.com/datasets/sergiosaharovskiy/uscoins,CC0: Public Domain
img_000570,USA,Penny,Lincoln Cent,,,Reverse,"coins/Lincoln Cents, 1909-Date/Lincoln Cent 37633_164 Reverse.jpg",https://www.kaggle.com/datasets/sergiosaharovskiy/uscoins,CC0: Public Domain
img_000571,USA,Penny,Lincoln Cent,,,Reverse,"coins/Lincoln Cents, 1909-Date/Lincoln Cent 2445_163 Reverse.jpg",https://www.kaggle.com/datasets/sergiosaharovskiy/uscoins,CC0: Public Domain
img_000572,USA,Penny,Lincoln Cent,,,Reverse,"coins/Lincoln Cents, 1909-Date/Lincoln Cent 47672_206 Reverse.jpg",https://www.kaggle.com/datasets/sergiosaharovskiy/uscoins,CC0: Public Domain
img_000573,USA,Penny,Lincoln Cent,,,Obverse,"coins/Lincoln Cents, 1909-Date/Lincoln Cent 107258_27 Obverse.jpg",https://www.kaggle.com/datasets/sergiosaharovskiy/uscoins,CC0: Public Domain
img_000574,USA,Penny,Lincoln Cent,,,Reverse,"coins/Lincoln Cents, 1909-Date/Lincoln Cent 320686_161 Reverse.jpg",https://www.kaggle.com/datasets/sergiosaharovskiy/uscoins,CC0: Public Domain
img_000575,USA,Penny,Lincoln Cent,,,Obverse,"coins/Lincoln Cents, 1909-Date/Lincoln Cent 2445_392 Obverse.jpg",https://www.kaggle.com/datasets/sergiosaharovskiy/uscoins,CC0: Public Domain
img_000576,USA,Penny,Lincoln Cent,,,Reverse,"coins/Lincoln Cents, 1909-Date/Lincoln Cent 2445_49 Reverse.jpg",https://www.kaggle.com/datasets/sergiosaharovskiy/uscoins,CC0: Public Domain
img_000577,USA,Penny,Lincoln Cent,,,Obverse,"coins/Lincoln Cents, 1909-Date/Lincoln Cent 37633_91 Obverse.jpg",https://www.kaggle.com/datasets/sergiosaharovskiy/uscoins,CC0: Public Domain
img_000578,USA,Penny,Lincoln Cent,,,Obverse,"coins/Lincoln Cents, 1909-Date/Lincoln Cent 320686_153 Obverse.jpg",https://www.kaggle.com/datasets/sergiosaharovskiy/uscoins,CC0: Public Domain
img_000579,USA,Penny,Lincoln Cent,,,Reverse,"coins/Lincoln Cents, 1909-Date/Lincoln Cent 47672_245 Reverse.jpg",https://www.kaggle.com/datasets/sergiosaharovskiy/uscoins,CC0: Public Domain
img_000580,USA,Penny,Lincoln Cent,,,Reverse,"coins/Lincoln Cents, 1909-Date/Lincoln Cent 107258_101 Reverse.jpg",https://www.kaggle.com/datasets/sergiosaharovskiy/uscoins,CC0: Public Domain
img_000581,USA,Penny,Lincoln Cent,,,Obverse,"coins/Lincoln Cents, 1909-Date/Lincoln Cent 2445_348 Obverse.jpg",https://www.kaggle.com/datasets/sergiosaharovskiy/uscoins,CC0: Public Domain
img_000582,USA,Penny,Lincoln Cent,,,Reverse,"coins/Lincoln Cents, 1909-Date/Lincoln Cent 107258_14 Reverse.jpg",https://www.kaggle.com/datasets/sergiosaharovskiy/uscoins,CC0: Public Domain
img_000583,USA,Penny,Lincoln Cent,,,Obverse,"coins/Lincoln Cents, 1909-Date/Lincoln Cent 2445_187 Obverse.jpg",https://www.kaggle.com/datasets/sergiosaharovskiy/uscoins,CC0: Public Domain
img_000584,USA,Penny,Lincoln Cent,,,Obverse,"coins/Lincoln Cents, 1909-Date/Lincoln Cent 69935_46 Obverse.jpg",https://www.kaggle.com/datasets/sergiosaharovskiy/uscoins,CC0: Public Domain
img_000585,USA,Penny,Lincoln Cent,,,Reverse,"coins/Lincoln Cents, 1909-Date/Lincoln Cent 2445_356 Reverse.jpg",https://www.kaggle.com/datasets/sergiosaharovskiy/uscoins,CC0: Public Domain
img_000586,USA,Penny,Lincoln Cent,,,Reverse,"coins/Lincoln Cents, 1909-Date/Lincoln Cent 41463_58 Reverse.jpg",https://www.kaggle.com/datasets/sergiosaharovskiy/uscoins,CC0: Public Domain
img_000587,USA,Penny,Lincoln Cent,,,Reverse,"coins/Lincoln Cents, 1909-Date/Lincoln Cent 2445_48 Reverse.jpg",https://www.kaggle.com/datasets/sergiosaharovskiy/uscoins,CC0: Public Domain
img_000588,USA,Penny,Lincoln Cent,,,Reverse,"coins/Lincoln Cents, 1909-Date/Lincoln Cent 37633_212 Reverse.jpg",https://www.kaggle.com/datasets/sergiosaharovskiy/uscoins,CC0: Public Domain
img_000589,USA,Penny,Lincoln Cent,,,Reverse,"coins/Lincoln Cents, 1909-Date/Lincoln Cent 2445_89 Reverse.jpg",https://www.kaggle.com/datasets/sergiosaharovskiy/uscoins,CC0: Public Domain
img_000590,USA,Penny,Lincoln Cent,,,Reverse,"coins/Lincoln Cents, 1909-Date/Lincoln Cent 107258_10 Reverse.jpg",https://www.kaggle.com/datasets/sergiosaharovskiy/uscoins,CC0: Public Domain
img_000591,USA,Penny,Lincoln Cent,,,Reverse,"coins/Lincoln Cents, 1909-Date/Lincoln Cent 47672_177 Reverse.jpg",https://www.kaggle.com/datasets/sergiosaharovskiy/uscoins,CC0: Public Domain
img_000592,USA,Penny,Lincoln Cent,,,Reverse,"coins/Lincoln Cents, 1909-Date/Lincoln Cent 2445_280 Reverse.jpg",https://www.kaggle.com/datasets/sergiosaharovskiy/uscoins,CC0: Public Domain
img_000593,USA,Penny,Lincoln Cent,,,Reverse,"coins/Lincoln Cents, 1909-Date/Lincoln Cent 37633_105 Reverse.jpg",https://www.kaggle.com/datasets/sergiosaharovskiy/uscoins,CC0: Public Domain
img_000594,USA,Penny,Lincoln Cent,,,Reverse,"coins/Lincoln Cents, 1909-Date/Lincoln Cent 37633_43 Reverse.jpg",https://www.kaggle.com/datasets/sergiosaharovskiy/uscoins,CC0: Public Domain
img_000595,USA,Penny,Lincoln Cent,,,Obverse,"coins/Lincoln Cents, 1909-Date/Lincoln Cent 2445_107 Obverse.jpg",https://www.kaggle.com/datasets/sergiosaharovskiy/uscoins,CC0: Public Domain
img_000596,USA,Penny,Lincoln Cent,,,Obverse,"coins/Lincoln Cents, 1909-Date/Lincoln Cent 37633_148 Obverse.jpg",https://www.kaggle.com/datasets/sergiosaharovskiy/uscoins,CC0: Public Domain
img_000597,USA,Penny,Lincoln Cent,,,Obverse,"coins/Lincoln Cents, 1909-Date/Lincoln Cent 2445_229 Obverse.jpg",https://www.kaggle.com/datasets/sergiosaharovskiy/uscoins,CC0: Public Domain
img_000598,USA,Penny,Lincoln Cent,,,Obverse,"coins/Lincoln Cents, 1909-Date/Lincoln Cent 37633_18 Obverse.jpg",https://www.kaggle.com/datasets/sergiosaharovskiy/uscoins,CC0: Public Domain
img_000599,USA,Penny,Lincoln Cent,,,Reverse,"coins/Lincoln Cents, 1909-Date/Lincoln Cent 47672_233 Reverse.jpg",https://www.kaggle.com/datasets/sergiosaharovskiy/uscoins,CC0: Public Domain
img_000600,USA,Penny,Lincoln Cent,,,Obverse,"coins/Lincoln Cents, 1909-Date/Lincoln Cent 107258_37 Obverse.jpg",https://www.kaggle.com/datasets/sergiosaharovskiy/uscoins,CC0: Public Domain
img_000601,USA,Penny,Lincoln Cent,,,Obverse,"coins/Lincoln Cents, 1909-Date/Lincoln Cent 69935_20 Obverse.jpg",https://www.kaggle.com/datasets/sergiosaharovskiy/uscoins,CC0: Public Domain
img_000602,USA,Penny,Lincoln Cent,,,Reverse,"coins/Lincoln Cents, 1909-Date/Lincoln Cent 2445_213 Reverse.jpg",https://www.kaggle.com/datasets/sergiosaharovskiy/uscoins,CC0: Public Domain
img_000603,USA,Penny,Lincoln Cent,,,Obverse,"coins/Lincoln Cents, 1909-Date/Lincoln Cent 320686_125 Obverse.jpg",https://www.kaggle.com/datasets/sergiosaharovskiy/uscoins,CC0: Public Domain
img_000604,USA,Penny,Lincoln Cent,,,Reverse,"coins/Lincoln Cents, 1909-Date/Lincoln Cent 2445_421 Reverse.jpg",https://www.kaggle.com/datasets/sergiosaharovskiy/uscoins,CC0: Public Domain
img_000605,USA,Penny,Lincoln Cent,,,Obverse,"coins/Lincoln Cents, 1909-Date/Lincoln Cent 2445_259 Obverse.jpg",https://www.kaggle.com/datasets/sergiosaharovskiy/uscoins,CC0: Public Domain
img_000606,USA,Penny,Lincoln Cent,,,Obverse,"coins/Lincoln Cents, 1909-Date/Lincoln Cent 37633_244 Obverse.jpg",https://www.kaggle.com/datasets/sergiosaharovskiy/uscoins,CC0: Public Domain
img_000607,USA,Penny,Lincoln Cent,,,Reverse,"coins/Lincoln Cents, 1909-Date/Lincoln Cent 2445_46 Reverse.jpg",https://www.kaggle.com/datasets/sergiosaharovskiy/uscoins,CC0: Public Domain
img_000608,USA,Penny,Lincoln Cent,,,Obverse,"coins/Lincoln Cents, 1909-Date/Lincoln Cent 47672_252 Obverse.jpg",https://www.kaggle.com/datasets/sergiosaharovskiy/uscoins,CC0: Public Domain
img_000609,USA,Penny,Lincoln Cent,,,Reverse,"coins/Lincoln Cents, 1909-Date/Lincoln Cent 47672_131 Reverse.jpg",https://www.kaggle.com/datasets/sergiosaharovskiy/uscoins,CC0: Public Domain
img_000610,USA,Penny,Lincoln Cent,,,Reverse,"coins/Lincoln Cents, 1909-Date/Lincoln Cent 2445_307 Reverse.jpg",https://www.kaggle.com/datasets/sergiosaharovskiy/uscoins,CC0: Public Domain
img_000611,USA,Penny,Lincoln Cent,,,Reverse,"coins/Lincoln Cents, 1909-Date/Lincoln Cent 320686_95 Reverse.jpg",https://www.kaggle.com/datasets/sergiosaharovskiy/uscoins,CC0: Public Domain
img_000612,USA,Penny,Lincoln Cent,,,Obverse,"coins/Lincoln Cents, 1909-Date/Lincoln Cent 2445_391 Obverse.jpg",https://www.kaggle.com/datasets/sergiosaharovskiy/uscoins,CC0: Public Domain
img_000613,USA,Penny,Lincoln Cent,,,Reverse,"coins/Lincoln Cents, 1909-Date/Lincoln Cent 37633_76 Reverse.jpg",https://www.kaggle.com/datasets/sergiosaharovskiy/uscoins,CC0: Public Domain
img_000614,USA,Penny,Lincoln Cent,,,Reverse,"coins/Lincoln Cents, 1909-Date/Lincoln Cent 320686_65 Reverse.jpg",https://www.kaggle.com/datasets/sergiosaharovskiy/uscoins,CC0: Public Domain
img_000615,USA,Penny,Lincoln Cent,,,Obverse,"coins/Lincoln Cents, 1909-Date/Lincoln Cent 2445_189 Obverse.jpg",https://www.kaggle.com/datasets/sergiosaharovskiy/uscoins,CC0: Public Domain
img_000616,USA,Penny,Lincoln Cent,,,Reverse,"coins/Lincoln Cents, 1909-Date/Lincoln Cent 41463_5 Reverse.jpg",https://www.kaggle.com/datasets/sergiosaharovskiy/uscoins,CC0: Public Domain
img_000617,USA,Penny,Lincoln Cent,,,Reverse,"coins/Lincoln Cents, 1909-Date/Lincoln Cent 2445_316 Reverse.jpg",https://www.kaggle.com/datasets/sergiosaharovskiy/uscoins,CC0: Public Domain
img_000618,USA,Penny,Lincoln Cent,,,Reverse,"coins/Lincoln Cents, 1909-Date/Lincoln Cent 37633_70 Reverse.jpg",https://www.kaggle.com/datasets/sergiosaharovskiy/uscoins,CC0: Public Domain
img_000619,USA,Penny,Lincoln Cent,,,Reverse,"coins/Lincoln Cents, 1909-Date/Lincoln Cent 2445_313 Reverse.jpg",https://www.kaggle.com/datasets/sergiosaharovskiy/uscoins,CC0: Public Domain
img_000620,USA,Penny,Lincoln Cent,,,Reverse,"coins/Lincoln Cents, 1909-Date/Lincoln Cent 41463_1 Reverse.jpg",https://www.kaggle.com/datasets/sergiosaharovskiy/uscoins,CC0: Public Domain
img_000621,USA,Penny,Lincoln Cent,,,Reverse,"coins/Lincoln Cents, 1909-Date/Lincoln Cent 47672_51 Reverse.jpg",https://www.kaggle.com/datasets/sergiosaharovskiy/uscoins,CC0: Public Domain
img_000622,USA,Penny,Lincoln Cent,,,Reverse,"coins/Lincoln Cents, 1909-Date/Lincoln Cent 2445_118 Reverse.jpg",https://www.kaggle.com/datasets/sergiosaharovskiy/uscoins,CC0: Public Domain
img_000623,USA,Penny,Lincoln Cent,,,Obverse,"coins/Lincoln Cents, 1909-Date/Lincoln Cent 69935_55 Obverse.jpg",https://www.kaggle.com/datasets/sergiosaharovskiy/uscoins,CC0: Public Domain
img_000624,USA,Penny,Lincoln Cent,,,Reverse,"coins/Lincoln Cents, 1909-Date/Lincoln Cent 41463_20 Reverse.jpg",https://www.kaggle.com/datasets/sergiosaharovskiy/uscoins,CC0: Public Domain
img_000625,USA,Penny,Lincoln Cent,,,Reverse,"coins/Lincoln Cents, 1909-Date/Lincoln Cent 2445_325 Reverse.jpg",https://www.kaggle.com/datasets/sergiosaharovskiy/uscoins,CC0: Public Domain
img_000626,USA,Penny,Lincoln Cent,,,Reverse,"coins/Lincoln Cents, 1909-Date/Lincoln Cent 47672_226 Reverse.jpg",https://www.kaggle.com/datasets/sergiosaharovskiy/uscoins,CC0: Public Domain
img_000627,USA,Penny,Lincoln Cent,,,Obverse,"coins/Lincoln Cents, 1909-Date/Lincoln Cent 2445_410 Obverse.jpg",https://www.kaggle.com/datasets/sergiosaharovskiy/uscoins,CC0: Public Domain
img_000628,USA,Penny,Lincoln Cent,,,Reverse,"coins/Lincoln Cents, 1909-Date/Lincoln Cent 2445_206 Reverse.jpg",https://www.kaggle.com/datasets/sergiosaharovskiy/uscoins,CC0: Public Domain
img_000629,USA,Penny,Lincoln Cent,,,Reverse,"coins/Lincoln Cents, 1909-Date/Lincoln Cent 320686_148 Reverse.jpg",https://www.kaggle.com/datasets/sergiosaharovskiy/uscoins,CC0: Public Domain
img_000630,USA,Penny,Lincoln Cent,,,Reverse,"coins/Lincoln Cents, 1909-Date/Lincoln Cent 2445_73 Reverse.jpg",https://www.kaggle.com/datasets/sergiosaharovskiy/uscoins,CC0: Public Domain
img_000631,USA,Penny,Lincoln Cent,,,Obverse,"coins/Lincoln Cents, 1909-Date/Lincoln Cent 320686_23 Obverse.jpg",https://www.kaggle.com/datasets/sergiosaharovskiy/uscoins,CC0: Public Domain
img_000632,USA,Penny,Lincoln Cent,,,Obverse,"coins/Lincoln Cents, 1909-Date/Lincoln Cent 2445_41 Obverse.jpg",https://www.kaggle.com/datasets/sergiosaharovskiy/uscoins,CC0: Public Domain
img_000633,USA,Penny,Lincoln Cent,,,Obverse,"coins/Lincoln Cents, 1909-Date/Lincoln Cent 320686_34 Obverse.jpg",https://www.kaggle.com/datasets/sergiosaharovskiy/uscoins,CC0: Public Domain
img_000634,USA,Penny,Lincoln Cent,,,Reverse,"coins/Lincoln Cents, 1909-Date/Lincoln Cent 2445_383 Reverse.jpg",https://www.kaggle.com/datasets/sergiosaharovskiy/uscoins,CC0: Public Domain
img_000635,USA,Penny,Lincoln Cent,,,Reverse,"coins/Lincoln Cents, 1909-Date/Lincoln Cent 2445_191 Reverse.jpg",https://www.kaggle.com/datasets/sergiosaharovskiy/uscoins,CC0: Public Domain
img_000636,USA,Penny,Lincoln Cent,,,Reverse,"coins/Lincoln Cents, 1909-Date/Lincoln Cent 2445_32 Reverse.jpg",https://www.kaggle.com/datasets/sergiosaharovskiy/uscoins,CC0: Public Domain
img_000637,USA,Penny,Lincoln Cent,,,Obverse,"coins/Lincoln Cents, 1909-Date/Lincoln Cent 107258_39 Obverse.jpg",https://www.kaggle.com/datasets/sergiosaharovskiy/uscoins,CC0: Public Domain
img_000638,USA,Penny,Lincoln Cent,,,Reverse,"coins/Lincoln Cents, 1909-Date/Lincoln Cent 47672_81 Reverse.jpg",https://www.kaggle.com/datasets/sergiosaharovskiy/uscoins,CC0: Public Domain
img_000639,USA,Penny,Lincoln Cent,,,Reverse,"coins/Lincoln Cents, 1909-Date/Lincoln Cent 37633_223 Reverse.jpg",https://www.kaggle.com/datasets/sergiosaharovskiy/uscoins,CC0: Public Domain
img_000640,USA,Penny,Lincoln Cent,,,Reverse,"coins/Lincoln Cents, 1909-Date/Lincoln Cent 41463_29 Reverse.jpg",https://www.kaggle.com/datasets/sergiosaharovskiy/uscoins,CC0: Public Domain
img_000641,USA,Penny,Lincoln Cent,,,Reverse,"coins/Lincoln Cents, 1909-Date/Lincoln Cent 41463_14 Reverse.jpg",https://www.kaggle.com/datasets/sergiosaharovskiy/uscoins,CC0: Public Domain
img_000642,USA,Penny,Lincoln Cent,,,Reverse,"coins/Lincoln Cents, 1909-Date/Lincoln Cent 69935_129 Reverse.jpg",https://www.kaggle.com/datasets/sergiosaharovskiy/uscoins,CC0: Public Domain
img_000643,USA,Penny,Lincoln Cent,,,Obverse,"coins/Lincoln Cents, 1909-Date/Lincoln Cent 320686_8 Obverse.jpg",https://www.kaggle.com/datasets/sergiosaharovskiy/uscoins,CC0: Public Domain
img_000644,USA,Penny,Lincoln Cent,,,Reverse,"coins/Lincoln Cents, 1909-Date/Lincoln Cent 2445_222 Reverse.jpg",https://www.kaggle.com/datasets/sergiosaharovskiy/uscoins,CC0: Public Domain
img_000645,USA,Penny,Lincoln Cent,,,Reverse,"coins/Lincoln Cents, 1909-Date/Lincoln Cent 37633_71 Reverse.jpg",https://www.kaggle.com/datasets/sergiosaharovskiy/uscoins,CC0: Public Domain
img_000646,USA,Penny,Lincoln Cent,,,Obverse,"coins/Lincoln Cents, 1909-Date/Lincoln Cent 320686_25 Obverse.jpg",https://www.kaggle.com/datasets/sergiosaharovskiy/uscoins,CC0: Public Domain
img_000647,USA,Penny,Lincoln Cent,,,Reverse,"coins/Lincoln Cents, 1909-Date/Lincoln Cent 47672_199 Reverse.jpg",https://www.kaggle.com/datasets/sergiosaharovskiy/uscoins,CC0: Public Domain
img_000648,USA,Penny,Lincoln Cent,,,Reverse,"coins/Lincoln Cents, 1909-Date/Lincoln Cent 41463_64 Reverse.jpg",https://www.kaggle.com/datasets/sergiosaharovskiy/uscoins,CC0: Public Domain
img_000649,USA,Penny,Lincoln Cent,,,Obverse,"coins/Lincoln Cents, 1909-Date/Lincoln Cent 2445_130 Obverse.jpg",https://www.kaggle.com/datasets/sergiosaharovskiy/uscoins,CC0: Public Domain
img_000650,USA,Penny,Lincoln Cent,,,Reverse,"coins/Lincoln Cents, 1909-Date/Lincoln Cent 2445_70 Reverse.jpg",https://www.kaggle.com/datasets/sergiosaharovskiy/uscoins,CC0: Public Domain
img_000651,USA,Penny,Lincoln Cent,,,Obverse,"coins/Lincoln Cents, 1909-Date/Lincoln Cent 41463_59 Obverse.jpg",https://www.kaggle.com/datasets/sergiosaharovskiy/uscoins,CC0: Public Domain
img_000652,USA,Penny,Lincoln Cent,,,Obverse,"coins/Lincoln Cents, 1909-Date/Lincoln Cent 47672_220 Obverse.jpg",https://www.kaggle.com/datasets/sergiosaharovskiy/uscoins,CC0: Public Domain
img_000653,USA,Penny,Lincoln Cent,,,Obverse,"coins/Lincoln Cents, 1909-Date/Lincoln Cent 320686_126 Obverse.jpg",https://www.kaggle.com/datasets/sergiosaharovskiy/uscoins,CC0: Public Domain
img_000654,USA,Penny,Lincoln Cent,,,Reverse,"coins/Lincoln Cents, 1909-Date/Lincoln Cent 37633_0 Reverse.jpg",https://www.kaggle.com/datasets/sergiosaharovskiy/uscoins,CC0: Public Domain
img_000655,USA,Penny,Lincoln Cent,,,Reverse,"coins/Lincoln Cents, 1909-Date/Lincoln Cent 107258_77 Reverse.jpg",https://www.kaggle.com/datasets/sergiosaharovskiy/uscoins,CC0: Public Domain
img_000656,USA,Penny,Lincoln Cent,,,Obverse,"coins/Lincoln Cents, 1909-Date/Lincoln Cent 47672_150 Obverse.jpg",https://www.kaggle.com/datasets/sergiosaharovskiy/uscoins,CC0: Public Domain
img_000657,USA,Penny,Lincoln Cent,,,Reverse,"coins/Lincoln Cents, 1909-Date/Lincoln Cent 2445_314 Reverse.jpg",https://www.kaggle.com/datasets/sergiosaharovskiy/uscoins,CC0: Public Domain
img_000658,USA,Penny,Lincoln Cent,,,Reverse,"coins/Lincoln Cents, 1909-Date/Lincoln Cent 320686_124 Reverse.jpg",https://www.kaggle.com/datasets/sergiosaharovskiy/uscoins,CC0: Public Domain
img_000659,USA,Penny,Lincoln Cent,,,Reverse,"coins/Lincoln Cents, 1909-Date/Lincoln Cent 47672_54 Reverse.jpg",https://www.kaggle.com/datasets/sergiosaharovskiy/uscoins,CC0: Public Domain
img_000660,USA,Penny,Lincoln Cent,,,Reverse,"coins/Lincoln Cents, 1909-Date/Lincoln Cent 2445_221 Reverse.jpg",https://www.kaggle.com/datasets/sergiosaharovskiy/uscoins,CC0: Public Domain
img_000661,USA,Penny,Lincoln Cent,,,Obverse,"coins/Lincoln Cents, 1909-Date/Lincoln Cent 69935_29 Obverse.jpg",https://www.kaggle.com/datasets/sergiosaharovskiy/uscoins,CC0: Public Domain
img_000662,USA,Penny,Lincoln Cent,,,Obverse,"coins/Lincoln Cents, 1909-Date/Lincoln Cent 2445_14 Obverse.jpg",https://www.kaggle.com/datasets/sergiosaharovskiy/uscoins,CC0: Public Domain
img_000663,USA,Penny,Lincoln Cent,,,Obverse,"coins/Lincoln Cents, 1909-Date/Lincoln Cent 37633_236 Obverse.jpg",https://www.kaggle.com/datasets/sergiosaharovskiy/uscoins,CC0: Public Domain
img_000664,USA,Penny,Lincoln Cent,,,Reverse,"coins/Lincoln Cents, 1909-Date/Lincoln Cent 320686_10 Reverse.jpg",https://www.kaggle.com/datasets/sergiosaharovskiy/uscoins,CC0: Public Domain
img_000665,USA,Penny,Lincoln Cent,,,Reverse,"coins/Lincoln Cents, 1909-Date/Lincoln Cent 47672_60 Reverse.jpg",https://www.kaggle.com/datasets/sergiosaharovskiy/uscoins,CC0: Public Domain
img_000666,USA,Penny,Lincoln Cent,,,Obverse,"coins/Lincoln Cents, 1909-Date/Lincoln Cent 37633_62 Obverse.jpg",https://www.kaggle.com/datasets/sergiosaharovskiy/uscoins,CC0: Public Domain
img_000667,USA,Penny,Lincoln Cent,,,Reverse,"coins/Lincoln Cents, 1909-Date/Lincoln Cent 69935_56 Reverse.jpg",https://www.kaggle.com/datasets/sergiosaharovskiy/uscoins,CC0: Public Domain
img_000668,USA,Penny,Lincoln Cent,,,Reverse,"coins/Lincoln Cents, 1909-Date/Lincoln Cent 37633_23 Reverse.jpg",https://www.kaggle.com/datasets/sergiosaharovskiy/uscoins,CC0: Public Domain
img_000669,USA,Penny,Lincoln Cent,,,Reverse,"coins/Lincoln Cents, 1909-Date/Lincoln Cent 320686_21 Reverse.jpg",https://www.kaggle.com/datasets/sergiosaharovskiy/uscoins,CC0: Public Domain
img_000670,USA,Penny,Lincoln Cent,,,Reverse,"coins/Lincoln Cents, 1909-Date/Lincoln Cent 320686_142 Reverse.jpg",https://www.kaggle.com/datasets/sergiosaharovskiy/uscoins,CC0: Public Domain
img_000671,USA,Penny,Lincoln Cent,,,Obverse,"coins/Lincoln Cents, 1909-Date/Lincoln Cent 320686_51 Obverse.jpg",https://www.kaggle.com/datasets/sergiosaharovskiy/uscoins,CC0: Public Domain
img_000672,USA,Penny,Lincoln Cent,,,Obverse,"coins/Lincoln Cents, 1909-Date/Lincoln Cent 47672_19 Obverse.jpg",https://www.kaggle.com/datasets/sergiosaharovskiy/uscoins,CC0: Public Domain
img_000673,USA,Penny,Lincoln Cent,,,Reverse,"coins/Lincoln Cents, 1909-Date/Lincoln Cent 37633_171 Reverse.jpg",https://www.kaggle.com/datasets/sergiosaharovskiy/uscoins,CC0: Public Domain
img_000674,USA,Penny,Lincoln Cent,,,Obverse,"coins/Lincoln Cents, 1909-Date/Lincoln Cent 107258_102 Obverse.jpg",https://www.kaggle.com/datasets/sergiosaharovskiy/uscoins,CC0: Public Domain
img_000675,USA,Penny,Lincoln Cent,,,Reverse,"coins/Lincoln Cents, 1909-Date/Lincoln Cent 37633_176 Reverse.jpg",https://www.kaggle.com/datasets/sergiosaharovskiy/uscoins,CC0: Public Domain
img_000676,USA,Penny,Lincoln Cent,,,Obverse,"coins/Lincoln Cents, 1909-Date/Lincoln Cent 107258_13 Obverse.jpg",https://www.kaggle.com/datasets/sergiosaharovskiy/uscoins,CC0: Public Domain
img_000677,USA,Penny,Lincoln Cent,,,Reverse,"coins/Lincoln Cents, 1909-Date/Lincoln Cent 2445_302 Reverse.jpg",https://www.kaggle.com/datasets/sergiosaharovskiy/uscoins,CC0: Public Domain
img_000678,USA,Penny,Lincoln Cent,,,Reverse,"coins/Lincoln Cents, 1909-Date/Lincoln Cent 2445_365 Reverse.jpg",https://www.kaggle.com/datasets/sergiosaharovskiy/uscoins,CC0: Public Domain
img_000679,USA,Penny,Lincoln Cent,,,Obverse,"coins/Lincoln Cents, 1909-Date/Lincoln Cent 320686_152 Obverse.jpg",https://www.kaggle.com/datasets/sergiosaharovskiy/uscoins,CC0: Public Domain
img_000680,USA,Penny,Lincoln Cent,,,Reverse,"coins/Lincoln Cents, 1909-Date/Lincoln Cent 2445_125 Reverse.jpg",https://www.kaggle.com/datasets/sergiosaharovskiy/uscoins,CC0: Public Domain
img_000681,USA,Penny,Lincoln Cent,,,Reverse,"coins/Lincoln Cents, 1909-Date/Lincoln Cent 47672_196 Reverse.jpg",https://www.kaggle.com/datasets/sergiosaharovskiy/uscoins,CC0: Public Domain
img_000682,USA,Penny,Lincoln Cent,,,Reverse,"coins/Lincoln Cents, 1909-Date/Lincoln Cent 2445_281 Reverse.jpg",https://www.kaggle.com/datasets/sergiosaharovskiy/uscoins,CC0: Public Domain
img_000683,USA,Penny,Lincoln Cent,,,Obverse,"coins/Lincoln Cents, 1909-Date/Lincoln Cent 107258_42 Obverse.jpg",https://www.kaggle.com/datasets/sergiosaharovskiy/uscoins,CC0: Public Domain
img_000684,USA,Penny,Lincoln Cent,,,Obverse,"coins/Lincoln Cents, 1909-Date/Lincoln Cent 2445_94 Obverse.jpg",https://www.kaggle.com/datasets/sergiosaharovskiy/uscoins,CC0: Public Domain
img_000685,USA,Penny,Lincoln Cent,,,Obverse,"coins/Lincoln Cents, 1909-Date/Lincoln Cent 47672_42 Obverse.jpg",https://www.kaggle.com/datasets/sergiosaharovskiy/uscoins,CC0: Public Domain
img_000686,USA,Penny,Lincoln Cent,,,Reverse,"coins/Lincoln Cents, 1909-Date/Lincoln Cent 107258_35 Reverse.jpg",https://www.kaggle.com/datasets/sergiosaharovskiy/uscoins,CC0: Public Domain
img_000687,USA,Penny,Lincoln Cent,,,Reverse,"coins/Lincoln Cents, 1909-Date/Lincoln Cent 37633_166 Reverse.jpg",https://www.kaggle.com/datasets/sergiosaharovskiy/uscoins,CC0: Public Domain
img_000688,USA,Penny,Lincoln Cent,,,Reverse,"coins/Lincoln Cents, 1909-Date/Lincoln Cent 37633_199 Reverse.jpg",https://www.kaggle.com/datasets/sergiosaharovskiy/uscoins,CC0: Public Domain
img_000689,USA,Penny,Lincoln Cent,,,Reverse,"coins/Lincoln Cents, 1909-Date/Lincoln Cent 2445_151 Reverse.jpg",https://www.kaggle.com/datasets/sergiosaharovskiy/uscoins,CC0: Public Domain
img_000690,USA,Penny,Lincoln Cent,,,Obverse,"coins/Lincoln Cents, 1909-Date/Lincoln Cent 47672_46 Obverse.jpg",https://www.kaggle.com/datasets/sergiosaharovskiy/uscoins,CC0: Public Domain
img_000691,USA,Penny,Lincoln Cent,,,Obverse,"coins/Lincoln Cents, 1909-Date/Lincoln Cent 2445_398 Obverse.jpg",https://www.kaggle.com/datasets/sergiosaharovskiy/uscoins,CC0: Public Domain
img_000692,USA,Penny,Lincoln Cent,,,Reverse,"coins/Lincoln Cents, 1909-Date/Lincoln Cent 47672_11 Reverse.jpg",https://www.kaggle.com/datasets/sergiosaharovskiy/uscoins,CC0: Public Domain
img_000693,USA,Penny,Lincoln Cent,,,Reverse,"coins/Lincoln Cents, 1909-Date/Lincoln Cent 2445_360 Reverse.jpg",https://www.kaggle.com/datasets/sergiosaharovskiy/uscoins,CC0: Public Domain
img_000694,USA,Penny,Lincoln Cent,,,Reverse,"coins/Lincoln Cents, 1909-Date/Lincoln Cent 2445_342 Reverse.jpg",https://www.kaggle.com/datasets/sergiosaharovskiy/uscoins,CC0: Public Domain
img_000695,USA,Penny,Lincoln Cent,,,Reverse,"coins/Lincoln Cents, 1909-Date/Lincoln Cent 41463_68 Reverse.jpg",https://www.kaggle.com/datasets/sergiosaharovskiy/uscoins,CC0: Public Domain
img_000696,USA,Penny,Lincoln Cent,,,Reverse,"coins/Lincoln Cents, 1909-Date/Lincoln Cent 47672_88 Reverse.jpg",https://www.kaggle.com/datasets/sergiosaharovskiy/uscoins,CC0: Public Domain
img_000697,USA,Penny,Lincoln Cent,,,Reverse,"coins/Lincoln Cents, 1909-Date/Lincoln Cent 69935_26 Reverse.jpg",https://www.kaggle.com/datasets/sergiosaharovskiy/uscoins,CC0: Public Domain
img_000698,USA,Penny,Lincoln Cent,,,Reverse,"coins/Lincoln Cents, 1909-Date/Lincoln Cent 107258_90 Reverse.jpg",https://www.kaggle.com/datasets/sergiosaharovskiy/uscoins,CC0: Public Domain
img_000699,USA,Penny,Lincoln Cent,,,Reverse,"coins/Lincoln Cents, 1909-Date/Lincoln Cent 107258_11 Reverse.jpg",https://www.kaggle.com/datasets/sergiosaharovskiy/uscoins,CC0: Public Domain
img_000700,USA,Penny,Lincoln Cent,,,Reverse,"coins/Lincoln Cents, 1909-Date/Lincoln Cent 2445_385 Reverse.jpg",https://www.kaggle.com/datasets/sergiosaharovskiy/uscoins,CC0: Public Domain
img_000701,USA,Penny,Lincoln Cent,,,Reverse,"coins/Lincoln Cents, 1909-Date/Lincoln Cent 2445_168 Reverse.jpg",https://www.kaggle.com/datasets/sergiosaharovskiy/uscoins,CC0: Public Domain
img_000702,USA,Penny,Lincoln Cent,,,Obverse,"coins/Lincoln Cents, 1909-Date/Lincoln Cent 69935_72 Obverse.jpg",https://www.kaggle.com/datasets/sergiosaharovskiy/uscoins,CC0: Public Domain
img_000703,USA,Penny,Lincoln Cent,,,Obverse,"coins/Lincoln Cents, 1909-Date/Lincoln Cent 107258_69 Obverse.jpg",https://www.kaggle.com/datasets/sergiosaharovskiy/uscoins,CC0: Public Domain
img_000704,USA,Penny,Lincoln Cent,,,Obverse,"coins/Lincoln Cents, 1909-Date/Lincoln Cent 37633_203 Obverse.jpg",https://www.kaggle.com/datasets/sergiosaharovskiy/uscoins,CC0: Public Domain
img_000705,USA,Penny,Lincoln Cent,,,Reverse,"coins/Lincoln Cents, 1909-Date/Lincoln Cent 69935_27 Reverse.jpg",https://www.kaggle.com/datasets/sergiosaharovskiy/uscoins,CC0: Public Domain
img_000706,USA,Penny,Lincoln Cent,,,Obverse,"coins/Lincoln Cents, 1909-Date/Lincoln Cent 47672_22 Obverse.jpg",https://www.kaggle.com/datasets/sergiosaharovskiy/uscoins,CC0: Public Domain
img_000707,USA,Penny,Lincoln Cent,,,Obverse,"coins/Lincoln Cents, 1909-Date/Lincoln Cent 2445_72 Obverse.jpg",https://www.kaggle.com/datasets/sergiosaharovskiy/uscoins,CC0: Public Domain
img_000708,USA,Penny,Lincoln Cent,,,Obverse,"coins/Lincoln Cents, 1909-Date/Lincoln Cent 2445_124 Obverse.jpg",https://www.kaggle.com/datasets/sergiosaharovskiy/uscoins,CC0: Public Domain
img_000709,USA,Penny,Lincoln Cent,,,Reverse,"coins/Lincoln Cents, 1909-Date/Lincoln Cent 47672_154 Reverse.jpg",https://www.kaggle.com/datasets/sergiosaharovskiy/uscoins,CC0: Public Domain
img_000710,USA,Penny,Lincoln Cent,,,Reverse,"coins/Lincoln Cents, 1909-Date/Lincoln Cent 2445_277 Reverse.jpg",https://www.kaggle.com/datasets/sergiosaharovskiy/uscoins,CC0: Public Domain
img_000711,USA,Penny,Lincoln Cent,,,Obverse,"coins/Lincoln Cents, 1909-Date/Lincoln Cent 47672_127 Obverse.jpg",https://www.kaggle.com/datasets/sergiosaharovskiy/uscoins,CC0: Public Domain
img_000712,USA,Penny,Lincoln Cent,,,Obverse,"coins/Lincoln Cents, 1909-Date/Lincoln Cent 69935_96 Obverse.jpg",https://www.kaggle.com/datasets/sergiosaharovskiy/uscoins,CC0: Public Domain
img_000713,USA,Penny,Lincoln Cent,,,Obverse,"coins/Lincoln Cents, 1909-Date/Lincoln Cent 47672_23 Obverse.jpg",https://www.kaggle.com/datasets/sergiosaharovskiy/uscoins,CC0: Public Domain
img_000714,USA,Penny,Lincoln Cent,,,Obverse,"coins/Lincoln Cents, 1909-Date/Lincoln Cent 47672_165 Obverse.jpg",https://www.kaggle.com/datasets/sergiosaharovskiy/uscoins,CC0: Public Domain
img_000715,USA,Penny,Lincoln Cent,,,Obverse,"coins/Lincoln Cents, 1909-Date/Lincoln Cent 107258_79 Obverse.jpg",https://www.kaggle.com/datasets/sergiosaharovskiy/uscoins,CC0: Public Domain
img_000716,USA,Penny,Lincoln Cent,,,Obverse,"coins/Lincoln Cents, 1909-Date/Lincoln Cent 320686_139 Obverse.jpg",https://www.kaggle.com/datasets/sergiosaharovskiy/uscoins,CC0: Public Domain
img_000717,USA,Penny,Lincoln Cent,,,Obverse,"coins/Lincoln Cents, 1909-Date/Lincoln Cent 37633_42 Obverse.jpg",https://www.kaggle.com/datasets/sergiosaharovskiy/uscoins,CC0: Public Domain
img_000718,USA,Penny,Lincoln Cent,,,Reverse,"coins/Lincoln Cents, 1909-Date/Lincoln Cent 47672_175 Reverse.jpg",https://www.kaggle.com/datasets/sergiosaharovskiy/uscoins,CC0: Public Domain
img_000719,USA,Penny,Lincoln Cent,,,Obverse,"coins/Lincoln Cents, 1909-Date/Lincoln Cent 69935_122 Obverse.jpg",https://www.kaggle.com/datasets/sergiosaharovskiy/uscoins,CC0: Public Domain
img_000720,USA,Penny,Lincoln Cent,,,Obverse,"coins/Lincoln Cents, 1909-Date/Lincoln Cent 2445_190 Obverse.jpg",https://www.kaggle.com/datasets/sergiosaharovskiy/uscoins,CC0: Public Domain
img_000721,USA,Penny,Lincoln Cent,,,Obverse,"coins/Lincoln Cents, 1909-Date/Lincoln Cent 47672_2 Obverse.jpg",https://www.kaggle.com/datasets/sergiosaharovskiy/uscoins,CC0: Public Domain
img_000722,USA,Penny,Lincoln Cent,,,Obverse,"coins/Lincoln Cents, 1909-Date/Lincoln Cent 2445_137 Obverse.jpg",https://www.kaggle.com/datasets/sergiosaharovskiy/uscoins,CC0: Public Domain
img_000723,USA,Penny,Lincoln Cent,,,Obverse,"coins/Lincoln Cents, 1909-Date/Lincoln Cent 320686_30 Obverse.jpg",https://www.kaggle.com/datasets/sergiosaharovskiy/uscoins,CC0: Public Domain
img_000724,USA,Penny,Lincoln Cent,,,Reverse,"coins/Lincoln Cents, 1909-Date/Lincoln Cent 2445_317 Reverse.jpg",https://www.kaggle.com/datasets/sergiosaharovskiy/uscoins,CC0: Public Domain
img_000725,USA,Penny,Lincoln Cent,,,Reverse,"coins/Lincoln Cents, 1909-Date/Lincoln Cent 47672_21 Reverse.jpg",https://www.kaggle.com/datasets/sergiosaharovskiy/uscoins,CC0: Public Domain
img_000726,USA,Penny,Lincoln Cent,,,Reverse,"coins/Lincoln Cents, 1909-Date/Lincoln Cent 47672_84 Reverse.jpg",https://www.kaggle.com/datasets/sergiosaharovskiy/uscoins,CC0: Public Domain
img_000727,USA,Penny,Lincoln Cent,,,Reverse,"coins/Lincoln Cents, 1909-Date/Lincoln Cent 107258_43 Reverse.jpg",https://www.kaggle.com/datasets/sergiosaharovskiy/uscoins,CC0: Public Domain
img_000728,USA,Penny,Lincoln Cent,,,Obverse,"coins/Lincoln Cents, 1909-Date/Lincoln Cent 320686_86 Obverse.jpg",https://www.kaggle.com/datasets/sergiosaharovskiy/uscoins,CC0: Public Domain
img_000729,USA,Penny,Lincoln Cent,,,Reverse,"coins/Lincoln Cents, 1909-Date/Lincoln Cent 47672_86 Reverse.jpg",https://www.kaggle.com/datasets/sergiosaharovskiy/uscoins,CC0: Public Domain
img_000730,USA,Penny,Lincoln Cent,,,Obverse,"coins/Lincoln Cents, 1909-Date/Lincoln Cent 320686_78 Obverse.jpg",https://www.kaggle.com/datasets/sergiosaharovskiy/uscoins,CC0: Public Domain
img_000731,USA,Penny,Lincoln Cent,,,Obverse,"coins/Lincoln Cents, 1909-Date/Lincoln Cent 2445_1 Obverse.jpg",https://www.kaggle.com/datasets/sergiosaharovskiy/uscoins,CC0: Public Domain
img_000732,USA,Penny,Lincoln Cent,,,Obverse,"coins/Lincoln Cents, 1909-Date/Lincoln Cent 2445_401 Obverse.jpg",https://www.kaggle.com/datasets/sergiosaharovskiy/uscoins,CC0: Public Domain
img_000733,USA,Penny,Lincoln Cent,,,Obverse,"coins/Lincoln Cents, 1909-Date/Lincoln Cent 2445_372 Obverse.jpg",https://www.kaggle.com/datasets/sergiosaharovskiy/uscoins,CC0: Public Domain
img_000734,USA,Penny,Lincoln Cent,,,Obverse,"coins/Lincoln Cents, 1909-Date/Lincoln Cent 2445_157 Obverse.jpg",https://www.kaggle.com/datasets/sergiosaharovskiy/uscoins,CC0: Public Domain
img_000735,USA,Penny,Lincoln Cent,,,Reverse,"coins/Lincoln Cents, 1909-Date/Lincoln Cent 69935_106 Reverse.jpg",https://www.kaggle.com/datasets/sergiosaharovskiy/uscoins,CC0: Public Domain
img_000736,USA,Penny,Lincoln Cent,,,Reverse,"coins/Lincoln Cents, 1909-Date/Lincoln Cent 107258_88 Reverse.jpg",https://www.kaggle.com/datasets/sergiosaharovskiy/uscoins,CC0: Public Domain
img_000737,USA,Penny,Lincoln Cent,,,Obverse,"coins/Lincoln Cents, 1909-Date/Lincoln Cent 37633_111 Obverse.jpg",https://www.kaggle.com/datasets/sergiosaharovskiy/uscoins,CC0: Public Domain
img_000738,USA,Penny,Lincoln Cent,,,Reverse,"coins/Lincoln Cents, 1909-Date/Lincoln Cent 37633_142 Reverse.jpg",https://www.kaggle.com/datasets/sergiosaharovskiy/uscoins,CC0: Public Domain
img_000739,USA,Penny,Lincoln Cent,,,Obverse,"coins/Lincoln Cents, 1909-Date/Lincoln Cent 47672_53 Obverse.jpg",https://www.kaggle.com/datasets/sergiosaharovskiy/uscoins,CC0: Public Domain
img_000740,USA,Penny,Lincoln Cent,,,Obverse,"coins/Lincoln Cents, 1909-Date/Lincoln Cent 69935_19 Obverse.jpg",https://www.kaggle.com/datasets/sergiosaharovskiy/uscoins,CC0: Public Domain
img_000741,USA,Penny,Lincoln Cent,,,Obverse,"coins/Lincoln Cents, 1909-Date/Lincoln Cent 107258_3 Obverse.jpg",https://www.kaggle.com/datasets/sergiosaharovskiy/uscoins,CC0: Public Domain
img_000742,USA,Penny,Lincoln Cent,,,Obverse,"coins/Lincoln Cents, 1909-Date/Lincoln Cent 47672_152 Obverse.jpg",https://www.kaggle.com/datasets/sergiosaharovskiy/uscoins,CC0: Public Domain
img_000743,USA,Penny,Lincoln Cent,,,Obverse,"coins/Lincoln Cents, 1909-Date/Lincoln Cent 2445_355 Obverse.jpg",https://www.kaggle.com/datasets/sergiosaharovskiy/uscoins,CC0: Public Domain
img_000744,USA,Penny,Lincoln Cent,,,Obverse,"coins/Lincoln Cents, 1909-Date/Lincoln Cent 41463_7 Obverse.jpg",https://www.kaggle.com/datasets/sergiosaharovskiy/uscoins,CC0: Public Domain
img_000745,USA,Penny,Lincoln Cent,,,Obverse,"coins/Lincoln Cents, 1909-Date/Lincoln Cent 107258_62 Obverse.jpg",https://www.kaggle.com/datasets/sergiosaharovskiy/uscoins,CC0: Public Domain
img_000746,USA,Penny,Lincoln Cent,,,Reverse,"coins/Lincoln Cents, 1909-Date/Lincoln Cent 37633_16 Reverse.jpg",https://www.kaggle.com/datasets/sergiosaharovskiy/uscoins,CC0: Public Domain
img_000747,USA,Penny,Lincoln Cent,,,Reverse,"coins/Lincoln Cents, 1909-Date/Lincoln Cent 320686_71 Reverse.jpg",https://www.kaggle.com/datasets/sergiosaharovskiy/uscoins,CC0: Public Domain
img_000748,USA,Penny,Lincoln Cent,,,Obverse,"coins/Lincoln Cents, 1909-Date/Lincoln Cent 2445_416 Obverse.jpg",https://www.kaggle.com/datasets/sergiosaharovskiy/uscoins,CC0: Public Domain
img_000749,USA,Penny,Lincoln Cent,,,Reverse,"coins/Lincoln Cents, 1909-Date/Lincoln Cent 107258_34 Reverse.jpg",https://www.kaggle.com/datasets/sergiosaharovskiy/uscoins,CC0: Public Domain
img_000750,USA,Penny,Lincoln Cent,,,Reverse,"coins/Lincoln Cents, 1909-Date/Lincoln Cent 107258_9 Reverse.jpg",https://www.kaggle.com/datasets/sergiosaharovskiy/uscoins,CC0: Public Domain
img_000751,USA,Penny,Lincoln Cent,,,Obverse,"coins/Lincoln Cents, 1909-Date/Lincoln Cent 2445_60 Obverse.jpg",https://www.kaggle.com/datasets/sergiosaharovskiy/uscoins,CC0: Public Domain
img_000752,USA,Penny,Lincoln Cent,,,Obverse,"coins/Lincoln Cents, 1909-Date/Lincoln Cent 37633_230 Obverse.jpg",https://www.kaggle.com/datasets/sergiosaharovskiy/uscoins,CC0: Public Domain
img_000753,USA,Penny,Lincoln Cent,,,Obverse,"coins/Lincoln Cents, 1909-Date/Lincoln Cent 107258_18 Obverse.jpg",https://www.kaggle.com/datasets/sergiosaharovskiy/uscoins,CC0: Public Domain
img_000754,USA,Penny,Lincoln Cent,,,Reverse,"coins/Lincoln Cents, 1909-Date/Lincoln Cent 2445_336 Reverse.jpg",https://www.kaggle.com/datasets/sergiosaharovskiy/uscoins,CC0: Public Domain
img_000755,USA,Penny,Lincoln Cent,,,Reverse,"coins/Lincoln Cents, 1909-Date/Lincoln Cent 107258_52 Reverse.jpg",https://www.kaggle.com/datasets/sergiosaharovskiy/uscoins,CC0: Public Domain
img_000756,USA,Penny,Lincoln Cent,,,Obverse,"coins/Lincoln Cents, 1909-Date/Lincoln Cent 320686_83 Obverse.jpg",https://www.kaggle.com/datasets/sergiosaharovskiy/uscoins,CC0: Public Domain
img_000757,USA,Penny,Lincoln Cent,,,Obverse,"coins/Lincoln Cents, 1909-Date/Lincoln Cent 37633_154 Obverse.jpg",https://www.kaggle.com/datasets/sergiosaharovskiy/uscoins,CC0: Public Domain
img_000758,USA,Penny,Lincoln Cent,,,Obverse,"coins/Lincoln Cents, 1909-Date/Lincoln Cent 37633_89 Obverse.jpg",https://www.kaggle.com/datasets/sergiosaharovskiy/uscoins,CC0: Public Domain
img_000759,USA,Penny,Lincoln Cent,,,Obverse,"coins/Lincoln Cents, 1909-Date/Lincoln Cent 2445_170 Obverse.jpg",https://www.kaggle.com/datasets/sergiosaharovskiy/uscoins,CC0: Public Domain
img_000760,USA,Penny,Lincoln Cent,,,Obverse,"coins/Lincoln Cents, 1909-Date/Lincoln Cent 107258_31 Obverse.jpg",https://www.kaggle.com/datasets/sergiosaharovskiy/uscoins,CC0: Public Domain
img_000761,USA,Penny,Lincoln Cent,,,Obverse,"coins/Lincoln Cents, 1909-Date/Lincoln Cent 320686_61 Obverse.jpg",https://www.kaggle.com/datasets/sergiosaharovskiy/uscoins,CC0: Public Domain
img_000762,USA,Penny,Lincoln Cent,,,Obverse,"coins/Lincoln Cents, 1909-Date/Lincoln Cent 69935_103 Obverse.jpg",https://www.kaggle.com/datasets/sergiosaharovskiy/uscoins,CC0: Public Domain
img_000763,USA,Penny,Lincoln Cent,,,Reverse,"coins/Lincoln Cents, 1909-Date/Lincoln Cent 41463_13 Reverse.jpg",https://www.kaggle.com/datasets/sergiosaharovskiy/uscoins,CC0: Public Domain
img_000764,USA,Penny,Lincoln Cent,,,Obverse,"coins/Lincoln Cents, 1909-Date/Lincoln Cent 69935_22 Obverse.jpg",https://www.kaggle.com/datasets/sergiosaharovskiy/uscoins,CC0: Public Domain
img_000765,USA,Penny,Lincoln Cent,,,Reverse,"coins/Lincoln Cents, 1909-Date/Lincoln Cent 107258_4 Reverse.jpg",https://www.kaggle.com/datasets/sergiosaharovskiy/uscoins,CC0: Public Domain
img_000766,USA,Penny,Lincoln Cent,,,Obverse,"coins/Lincoln Cents, 1909-Date/Lincoln Cent 2445_112 Obverse.jpg",https://www.kaggle.com/datasets/sergiosaharovskiy/uscoins,CC0: Public Domain
img_000767,USA,Penny,Lincoln Cent,,,Obverse,"coins/Lincoln Cents, 1909-Date/Lincoln Cent 107258_97 Obverse.jpg",https://www.kaggle.com/datasets/sergiosaharovskiy/uscoins,CC0: Public Domain
img_000768,USA,Penny,Lincoln Cent,,,Obverse,"coins/Lincoln Cents, 1909-Date/Lincoln Cent 320686_146 Obverse.jpg",https://www.kaggle.com/datasets/sergiosaharovskiy/uscoins,CC0: Public Domain
img_000769,USA,Penny,Lincoln Cent,,,Reverse,"coins/Lincoln Cents, 1909-Date/Lincoln Cent 2445_74 Reverse.jpg",https://www.kaggle.com/datasets/sergiosaharovskiy/uscoins,CC0: Public Domain
img_000770,USA,Penny,Lincoln Cent,,,Reverse,"coins/Lincoln Cents, 1909-Date/Lincoln Cent 69935_54 Reverse.jpg",https://www.kaggle.com/datasets/sergiosaharovskiy/uscoins,CC0: Public Domain
img_000771,USA,Penny,Lincoln Cent,,,Reverse,"coins/Lincoln Cents, 1909-Date/Lincoln Cent 47672_173 Reverse.jpg",https://www.kaggle.com/datasets/sergiosaharovskiy/uscoins,CC0: Public Domain
img_000772,USA,Penny,Lincoln Cent,,,Reverse,"coins/Lincoln Cents, 1909-Date/Lincoln Cent 41463_75 Reverse.jpg",https://www.kaggle.com/datasets/sergiosaharovskiy/uscoins,CC0: Public Domain
img_000773,USA,Penny,Lincoln Cent,,,Reverse,"coins/Lincoln Cents, 1909-Date/Lincoln Cent 107258_67 Reverse.jpg",https://www.kaggle.com/datasets/sergiosaharovskiy/uscoins,CC0: Public Domain
img_000774,USA,Penny,Lincoln Cent,,,Obverse,"coins/Lincoln Cents, 1909-Date/Lincoln Cent 37633_30 Obverse.jpg",https://www.kaggle.com/datasets/sergiosaharovskiy/uscoins,CC0: Public Domain
img_000775,USA,Penny,Lincoln Cent,,,Reverse,"coins/Lincoln Cents, 1909-Date/Lincoln Cent 69935_70 Reverse.jpg",https://www.kaggle.com/datasets/sergiosaharovskiy/uscoins,CC0: Public Domain
img_000776,USA,Penny,Lincoln Cent,,,Reverse,"coins/Lincoln Cents, 1909-Date/Lincoln Cent 2445_62 Reverse.jpg",https://www.kaggle.com/datasets/sergiosaharovskiy/uscoins,CC0: Public Domain
img_000777,USA,Penny,Lincoln Cent,,,Reverse,"coins/Lincoln Cents, 1909-Date/Lincoln Cent 37633_221 Reverse.jpg",https://www.kaggle.com/datasets/sergiosaharovskiy/uscoins,CC0: Public Domain
img_000778,USA,Penny,Lincoln Cent,,,Obverse,"coins/Lincoln Cents, 1909-Date/Lincoln Cent 37633_155 Obverse.jpg",https://www.kaggle.com/datasets/sergiosaharovskiy/uscoins,CC0: Public Domain
img_000779,USA,Penny,Lincoln Cent,,,Reverse,"coins/Lincoln Cents, 1909-Date/Lincoln Cent 107258_6 Reverse.jpg",https://www.kaggle.com/datasets/sergiosaharovskiy/uscoins,CC0: Public Domain
img_000780,USA,Penny,Lincoln Cent,,,Reverse,"coins/Lincoln Cents, 1909-Date/Lincoln Cent 41463_10 Reverse.jpg",https://www.kaggle.com/datasets/sergiosaharovskiy/uscoins,CC0: Public Domain
img_000781,USA,Penny,Lincoln Cent,,,Obverse,"coins/Lincoln Cents, 1909-Date/Lincoln Cent 2445_298 Obverse.jpg",https://www.kaggle.com/datasets/sergiosaharovskiy/uscoins,CC0: Public Domain
img_000782,USA,Penny,Lincoln Cent,,,Obverse,"coins/Lincoln Cents, 1909-Date/Lincoln Cent 47672_215 Obverse.jpg",https://www.kaggle.com/datasets/sergiosaharovskiy/uscoins,CC0: Public Domain
img_000783,USA,Penny,Lincoln Cent,,,Reverse,"coins/Lincoln Cents, 1909-Date/Lincoln Cent 69935_28 Reverse.jpg",https://www.kaggle.com/datasets/sergiosaharovskiy/uscoins,CC0: Public Domain
img_000784,USA,Penny,Lincoln Cent,,,Obverse,"coins/Lincoln Cents, 1909-Date/Lincoln Cent 2445_249 Obverse.jpg",https://www.kaggle.com/datasets/sergiosaharovskiy/uscoins,CC0: Public Domain
img_000785,USA,Penny,Lincoln Cent,,,Obverse,"coins/Lincoln Cents, 1909-Date/Lincoln Cent 69935_88 Obverse.jpg",https://www.kaggle.com/datasets/sergiosaharovskiy/uscoins,CC0: Public Domain
img_000786,USA,Penny,Lincoln Cent,,,Obverse,"coins/Lincoln Cents, 1909-Date/Lincoln Cent 37633_6 Obverse.jpg",https://www.kaggle.com/datasets/sergiosaharovskiy/uscoins,CC0: Public Domain
img_000787,USA,Penny,Lincoln Cent,,,Obverse,"coins/Lincoln Cents, 1909-Date/Lincoln Cent 41463_2 Obverse.jpg",https://www.kaggle.com/datasets/sergiosaharovskiy/uscoins,CC0: Public Domain
img_000788,USA,Penny,Lincoln Cent,,,Obverse,"coins/Lincoln Cents, 1909-Date/Lincoln Cent 2445_417 Obverse.jpg",https://www.kaggle.com/datasets/sergiosaharovskiy/uscoins,CC0: Public Domain
img_000789,USA,Penny,Lincoln Cent,,,Obverse,"coins/Lincoln Cents, 1909-Date/Lincoln Cent 320686_0 Obverse.jpg",https://www.kaggle.com/datasets/sergiosaharovskiy/uscoins,CC0: Public Domain
img_000790,USA,Penny,Lincoln Cent,,,Reverse,"coins/Lincoln Cents, 1909-Date/Lincoln Cent 41463_73 Reverse.jpg",https://www.kaggle.com/datasets/sergiosaharovskiy/uscoins,CC0: Public Domain
img_000791,USA,Penny,Lincoln Cent,,,Obverse,"coins/Lincoln Cents, 1909-Date/Lincoln Cent 2445_143 Obverse.jpg",https://www.kaggle.com/datasets/sergiosaharovskiy/uscoins,CC0: Public Domain
img_000792,USA,Penny,Lincoln Cent,,,Reverse,"coins/Lincoln Cents, 1909-Date/Lincoln Cent 320686_130 Reverse.jpg",https://www.kaggle.com/datasets/sergiosaharovskiy/uscoins,CC0: Public Domain
img_000793,USA,Penny,Lincoln Cent,,,Obverse,"coins/Lincoln Cents, 1909-Date/Lincoln Cent 320686_143 Obverse.jpg",https://www.kaggle.com/datasets/sergiosaharovskiy/uscoins,CC0: Public Domain
img_000794,USA,Penny,Lincoln Cent,,,Reverse,"coins/Lincoln Cents, 1909-Date/Lincoln Cent 320686_94 Reverse.jpg",https://www.kaggle.com/datasets/sergiosaharovskiy/uscoins,CC0: Public Domain
img_000795,USA,Penny,Lincoln Cent,,,Reverse,"coins/Lincoln Cents, 1909-Date/Lincoln Cent 47672_108 Reverse.jpg",https://www.kaggle.com/datasets/sergiosaharovskiy/uscoins,CC0: Public Domain
img_000796,USA,Penny,Lincoln Cent,,,Obverse,"coins/Lincoln Cents, 1909-Date/Lincoln Cent 2445_270 Obverse.jpg",https://www.kaggle.com/datasets/sergiosaharovskiy/uscoins,CC0: Public Domain
img_000797,USA,Penny,Lincoln Cent,,,Obverse,"coins/Lincoln Cents, 1909-Date/Lincoln Cent 37633_21 Obverse.jpg",https://www.kaggle.com/datasets/sergiosaharovskiy/uscoins,CC0: Public Domain
img_000798,USA,Penny,Lincoln Cent,,,Obverse,"coins/Lincoln Cents, 1909-Date/Lincoln Cent 37633_22 Obverse.jpg",https://www.kaggle.com/datasets/sergiosaharovskiy/uscoins,CC0: Public Domain
img_000799,USA,Penny,Lincoln Cent,,,Reverse,"coins/Lincoln Cents, 1909-Date/Lincoln Cent 47672_106 Reverse.jpg",https://www.kaggle.com/datasets/sergiosaharovskiy/uscoins,CC0: Public Domain
img_000800,USA,Penny,Lincoln Cent,,,Reverse,"coins/Lincoln Cents, 1909-Date/Lincoln Cent 2445_232 Reverse.jpg",https://www.kaggle.com/datasets/sergiosaharovskiy/uscoins,CC0: Public Domain
img_000801,USA,Penny,Lincoln Cent,,,Obverse,"coins/Lincoln Cents, 1909-Date/Lincoln Cent 107258_20 Obverse.jpg",https://www.kaggle.com/datasets/sergiosaharovskiy/uscoins,CC0: Public Domain
img_000802,USA,Penny,Lincoln Cent,,,Reverse,"coins/Lincoln Cents, 1909-Date/Lincoln Cent 320686_62 Reverse.jpg",https://www.kaggle.com/datasets/sergiosaharovskiy/uscoins,CC0: Public Domain
img_000803,USA,Penny,Lincoln Cent,,,Reverse,"coins/Lincoln Cents, 1909-Date/Lincoln Cent 320686_74 Reverse.jpg",https://www.kaggle.com/datasets/sergiosaharovskiy/uscoins,CC0: Public Domain
img_000804,USA,Penny,Lincoln Cent,,,Reverse,"coins/Lincoln Cents, 1909-Date/Lincoln Cent 47672_124 Reverse.jpg",https://www.kaggle.com/datasets/sergiosaharovskiy/uscoins,CC0: Public Domain
img_000805,USA,Penny,Lincoln Cent,,,Reverse,"coins/Lincoln Cents, 1909-Date/Lincoln Cent 2445_212 Reverse.jpg",https://www.kaggle.com/datasets/sergiosaharovskiy/uscoins,CC0: Public Domain
img_000806,USA,Penny,Lincoln Cent,,,Reverse,"coins/Lincoln Cents, 1909-Date/Lincoln Cent 2445_359 Reverse.jpg",https://www.kaggle.com/datasets/sergiosaharovskiy/uscoins,CC0: Public Domain
img_000807,USA,Penny,Lincoln Cent,,,Reverse,"coins/Lincoln Cents, 1909-Date/Lincoln Cent 47672_4 Reverse.jpg",https://www.kaggle.com/datasets/sergiosaharovskiy/uscoins,CC0: Public Domain
img_000808,USA,Penny,Lincoln Cent,,,Obverse,"coins/Lincoln Cents, 1909-Date/Lincoln Cent 107258_95 Obverse.jpg",https://www.kaggle.com/datasets/sergiosaharovskiy/uscoins,CC0: Public Domain
img_000809,USA,Penny,Lincoln Cent,,,Reverse,"coins/Lincoln Cents, 1909-Date/Lincoln Cent 47672_147 Reverse.jpg",https://www.kaggle.com/datasets/sergiosaharovskiy/uscoins,CC0: Public Domain
img_000810,USA,Penny,Lincoln Cent,,,Reverse,"coins/Lincoln Cents, 1909-Date/Lincoln Cent 2445_158 Reverse.jpg",https://www.kaggle.com/datasets/sergiosaharovskiy/uscoins,CC0: Public Domain
img_000811,USA,Penny,Lincoln Cent,,,Obverse,"coins/Lincoln Cents, 1909-Date/Lincoln Cent 2445_87 Obverse.jpg",https://www.kaggle.com/datasets/sergiosaharovskiy/uscoins,CC0: Public Domain
img_000812,USA,Penny,Lincoln Cent,,,Reverse,"coins/Lincoln Cents, 1909-Date/Lincoln Cent 320686_67 Reverse.jpg",https://www.kaggle.com/datasets/sergiosaharovskiy/uscoins,CC0: Public Domain
img_000813,USA,Penny,Lincoln Cent,,,Obverse,"coins/Lincoln Cents, 1909-Date/Lincoln Cent 2445_381 Obverse.jpg",https://www.kaggle.com/datasets/sergiosaharovskiy/uscoins,CC0: Public Domain
img_000814,USA,Penny,Lincoln Cent,,,Reverse,"coins/Lincoln Cents, 1909-Date/Lincoln Cent 2445_334 Reverse.jpg",https://www.kaggle.com/datasets/sergiosaharovskiy/uscoins,CC0: Public Domain
img_000815,USA,Penny,Lincoln Cent,,,Reverse,"coins/Lincoln Cents, 1909-Date/Lincoln Cent 2445_226 Reverse.jpg",https://www.kaggle.com/datasets/sergiosaharovskiy/uscoins,CC0: Public Domain
img_000816,USA,Penny,Lincoln Cent,,,Obverse,"coins/Lincoln Cents, 1909-Date/Lincoln Cent 2445_147 Obverse.jpg",https://www.kaggle.com/datasets/sergiosaharovskiy/uscoins,CC0: Public Domain
img_000817,USA,Penny,Lincoln Cent,,,Reverse,"coins/Lincoln Cents, 1909-Date/Lincoln Cent 107258_25 Reverse.jpg",https://www.kaggle.com/datasets/sergiosaharovskiy/uscoins,CC0: Public Domain
img_000818,USA,Penny,Lincoln Cent,,,Reverse,"coins/Lincoln Cents, 1909-Date/Lincoln Cent 320686_90 Reverse.jpg",https://www.kaggle.com/datasets/sergiosaharovskiy/uscoins,CC0: Public Domain
img_000819,USA,Penny,Lincoln Cent,,,Obverse,"coins/Lincoln Cents, 1909-Date/Lincoln Cent 320686_147 Obverse.jpg",https://www.kaggle.com/datasets/sergiosaharovskiy/uscoins,CC0: Public Domain
img_000820,USA,Penny,Lincoln Cent,,,Obverse,"coins/Lincoln Cents, 1909-Date/Lincoln Cent 37633_123 Obverse.jpg",https://www.kaggle.com/datasets/sergiosaharovskiy/uscoins,CC0: Public Domain
img_000821,USA,Penny,Lincoln Cent,,,Obverse,"coins/Lincoln Cents, 1909-Date/Lincoln Cent 37633_213 Obverse.jpg",https://www.kaggle.com/datasets/sergiosaharovskiy/uscoins,CC0: Public Domain
img_000822,USA,Penny,Lincoln Cent,,,Obverse,"coins/Lincoln Cents, 1909-Date/Lincoln Cent 37633_157 Obverse.jpg",https://www.kaggle.com/datasets/sergiosaharovskiy/uscoins,CC0: Public Domain
img_000823,USA,Penny,Lincoln Cent,,,Reverse,"coins/Lincoln Cents, 1909-Date/Lincoln Cent 37633_27 Reverse.jpg",https://www.kaggle.com/datasets/sergiosaharovskiy/uscoins,CC0: Public Domain
img_000824,USA,Penny,Lincoln Cent,,,Reverse,"coins/Lincoln Cents, 1909-Date/Lincoln Cent 2445_405 Reverse.jpg",https://www.kaggle.com/datasets/sergiosaharovskiy/uscoins,CC0: Public Domain
img_000825,USA,Penny,Lincoln Cent,,,Obverse,"coins/Lincoln Cents, 1909-Date/Lincoln Cent 2445_91 Obverse.jpg",https://www.kaggle.com/datasets/sergiosaharovskiy/uscoins,CC0: Public Domain
img_000826,USA,Penny,Lincoln Cent,,,Reverse,"coins/Lincoln Cents, 1909-Date/Lincoln Cent 47672_256 Reverse.jpg",https://www.kaggle.com/datasets/sergiosaharovskiy/uscoins,CC0: Public Domain
img_000827,USA,Penny,Lincoln Cent,,,Reverse,"coins/Lincoln Cents, 1909-Date/Lincoln Cent 47672_30 Reverse.jpg",https://www.kaggle.com/datasets/sergiosaharovskiy/uscoins,CC0: Public Domain
img_000828,USA,Penny,Lincoln Cent,,,Reverse,"coins/Lincoln Cents, 1909-Date/Lincoln Cent 2445_207 Reverse.jpg",https://www.kaggle.com/datasets/sergiosaharovskiy/uscoins,CC0: Public Domain
img_000829,USA,Penny,Lincoln Cent,,,Obverse,"coins/Lincoln Cents, 1909-Date/Lincoln Cent 69935_31 Obverse.jpg",https://www.kaggle.com/datasets/sergiosaharovskiy/uscoins,CC0: Public Domain
img_000830,USA,Penny,Lincoln Cent,,,Obverse,"coins/Lincoln Cents, 1909-Date/Lincoln Cent 69935_62 Obverse.jpg",https://www.kaggle.com/datasets/sergiosaharovskiy/uscoins,CC0: Public Domain
img_000831,USA,Penny,Lincoln Cent,,,Reverse,"coins/Lincoln Cents, 1909-Date/Lincoln Cent 47672_132 Reverse.jpg",https://www.kaggle.com/datasets/sergiosaharovskiy/uscoins,CC0: Public Domain
img_000832,USA,Penny,Lincoln Cent,,,Obverse,"coins/Lincoln Cents, 1909-Date/Lincoln Cent 320686_43 Obverse.jpg",https://www.kaggle.com/datasets/sergiosaharovskiy/uscoins,CC0: Public Domain
img_000833,USA,Penny,Lincoln Cent,,,Obverse,"coins/Lincoln Cents, 1909-Date/Lincoln Cent 47672_74 Obverse.jpg",https://www.kaggle.com/datasets/sergiosaharovskiy/uscoins,CC0: Public Domain
img_000834,USA,Penny,Lincoln Cent,,,Obverse,"coins/Lincoln Cents, 1909-Date/Lincoln Cent 320686_4 Obverse.jpg",https://www.kaggle.com/datasets/sergiosaharovskiy/uscoins,CC0: Public Domain
img_000835,USA,Penny,Lincoln Cent,,,Obverse,"coins/Lincoln Cents, 1909-Date/Lincoln Cent 107258_55 Obverse.jpg",https://www.kaggle.com/datasets/sergiosaharovskiy/uscoins,CC0: Public Domain
img_000836,USA,Penny,Lincoln Cent,,,Obverse,"coins/Lincoln Cents, 1909-Date/Lincoln Cent 37633_52 Obverse.jpg",https://www.kaggle.com/datasets/sergiosaharovskiy/uscoins,CC0: Public Domain
img_000837,USA,Penny,Lincoln Cent,,,Obverse,"coins/Lincoln Cents, 1909-Date/Lincoln Cent 2445_379 Obverse.jpg",https://www.kaggle.com/datasets/sergiosaharovskiy/uscoins,CC0: Public Domain
img_000838,USA,Penny,Lincoln Cent,,,Reverse,"coins/Lincoln Cents, 1909-Date/Lincoln Cent 2445_377 Reverse.jpg",https://www.kaggle.com/datasets/sergiosaharovskiy/uscoins,CC0: Public Domain
img_000839,USA,Penny,Lincoln Cent,,,Obverse,"coins/Lincoln Cents, 1909-Date/Lincoln Cent 107258_82 Obverse.jpg",https://www.kaggle.com/datasets/sergiosaharovskiy/uscoins,CC0: Public Domain
img_000840,USA,Penny,Lincoln Cent,,,Obverse,"coins/Lincoln Cents, 1909-Date/Lincoln Cent 41463_46 Obverse.jpg",https://www.kaggle.com/datasets/sergiosaharovskiy/uscoins,CC0: Public Domain
img_000841,USA,Penny,Lincoln Cent,,,Obverse,"coins/Lincoln Cents, 1909-Date/Lincoln Cent 47672_178 Obverse.jpg",https://www.kaggle.com/datasets/sergiosaharovskiy/uscoins,CC0: Public Domain
img_000842,USA,Penny,Lincoln Cent,,,Obverse,"coins/Lincoln Cents, 1909-Date/Lincoln Cent 47672_211 Obverse.jpg",https://www.kaggle.com/datasets/sergiosaharovskiy/uscoins,CC0: Public Domain
img_000843,USA,Penny,Lincoln Cent,,,Reverse,"coins/Lincoln Cents, 1909-Date/Lincoln Cent 320686_155 Reverse.jpg",https://www.kaggle.com/datasets/sergiosaharovskiy/uscoins,CC0: Public Domain
img_000844,USA,Penny,Lincoln Cent,,,Reverse,"coins/Lincoln Cents, 1909-Date/Lincoln Cent 320686_73 Reverse.jpg",https://www.kaggle.com/datasets/sergiosaharovskiy/uscoins,CC0: Public Domain
img_000845,USA,Penny,Lincoln Cent,,,Obverse,"coins/Lincoln Cents, 1909-Date/Lincoln Cent 69935_40 Obverse.jpg",https://www.kaggle.com/datasets/sergiosaharovskiy/uscoins,CC0: Public Domain
img_000846,USA,Penny,Lincoln Cent,,,Obverse,"coins/Lincoln Cents, 1909-Date/Lincoln Cent 2445_101 Obverse.jpg",https://www.kaggle.com/datasets/sergiosaharovskiy/uscoins,CC0: Public Domain
img_000847,USA,Penny,Lincoln Cent,,,Obverse,"coins/Lincoln Cents, 1909-Date/Lincoln Cent 69935_121 Obverse.jpg",https://www.kaggle.com/datasets/sergiosaharovskiy/uscoins,CC0: Public Domain
img_000848,USA,Penny,Lincoln Cent,,,Reverse,"coins/Lincoln Cents, 1909-Date/Lincoln Cent 37633_138 Reverse.jpg",https://www.kaggle.com/datasets/sergiosaharovskiy/uscoins,CC0: Public Domain
img_000849,USA,Penny,Lincoln Cent,,,Reverse,"coins/Lincoln Cents, 1909-Date/Lincoln Cent 37633_36 Reverse.jpg",https://www.kaggle.com/datasets/sergiosaharovskiy/uscoins,CC0: Public Domain
img_000850,USA,Penny,Lincoln Cent,,,Reverse,"coins/Lincoln Cents, 1909-Date/Lincoln Cent 69935_71 Reverse.jpg",https://www.kaggle.com/datasets/sergiosaharovskiy/uscoins,CC0: Public Domain
img_000851,USA,Penny,Lincoln Cent,,,Obverse,"coins/Lincoln Cents, 1909-Date/Lincoln Cent 47672_70 Obverse.jpg",https://www.kaggle.com/datasets/sergiosaharovskiy/uscoins,CC0: Public Domain
img_000852,USA,Penny,Lincoln Cent,,,Reverse,"coins/Lincoln Cents, 1909-Date/Lincoln Cent 37633_165 Reverse.jpg",https://www.kaggle.com/datasets/sergiosaharovskiy/uscoins,CC0: Public Domain
img_000853,USA,Penny,Lincoln Cent,,,Reverse,"coins/Lincoln Cents, 1909-Date/Lincoln Cent 41463_22 Reverse.jpg",https://www.kaggle.com/datasets/sergiosaharovskiy/uscoins,CC0: Public Domain
img_000854,USA,Penny,Lincoln Cent,,,Reverse,"coins/Lincoln Cents, 1909-Date/Lincoln Cent 320686_141 Reverse.jpg",https://www.kaggle.com/datasets/sergiosaharovskiy/uscoins,CC0: Public Domain
img_000855,USA,Penny,Lincoln Cent,,,Reverse,"coins/Lincoln Cents, 1909-Date/Lincoln Cent 37633_35 Reverse.jpg",https://www.kaggle.com/datasets/sergiosaharovskiy/uscoins,CC0: Public Domain
img_000856,USA,Penny,Lincoln Cent,,,Reverse,"coins/Lincoln Cents, 1909-Date/Lincoln Cent 320686_158 Reverse.jpg",https://www.kaggle.com/datasets/sergiosaharovskiy/uscoins,CC0: Public Domain
img_000857,USA,Penny,Lincoln Cent,,,Reverse,"coins/Lincoln Cents, 1909-Date/Lincoln Cent 320686_14 Reverse.jpg",https://www.kaggle.com/datasets/sergiosaharovskiy/uscoins,CC0: Public Domain
img_000858,USA,Penny,Lincoln Cent,,,Obverse,"coins/Lincoln Cents, 1909-Date/Lincoln Cent 69935_79 Obverse Obverse.jpg",https://www.kaggle.com/datasets/sergiosaharovskiy/uscoins,CC0: Public Domain
img_000859,USA,Penny,Lincoln Cent,,,Obverse,"coins/Lincoln Cents, 1909-Date/Lincoln Cent 37633_158 Obverse.jpg",https://www.kaggle.com/datasets/sergiosaharovskiy/uscoins,CC0: Public Domain
img_000860,USA,Penny,Lincoln Cent,,,Reverse,"coins/Lincoln Cents, 1909-Date/Lincoln Cent 320686_37 Reverse.jpg",https://www.kaggle.com/datasets/sergiosaharovskiy/uscoins,CC0: Public Domain
img_000861,USA,Penny,Lincoln Cent,,,Reverse,"coins/Lincoln Cents, 1909-Date/Lincoln Cent 320686_38 Reverse.jpg",https://www.kaggle.com/datasets/sergiosaharovskiy/uscoins,CC0: Public Domain
img_000862,USA,Penny,Lincoln Cent,,,Obverse,"coins/Lincoln Cents, 1909-Date/Lincoln Cent 2445_195 Obverse.jpg",https://www.kaggle.com/datasets/sergiosaharovskiy/uscoins,CC0: Public Domain
img_000863,USA,Penny,Lincoln Cent,,,Obverse,"coins/Lincoln Cents, 1909-Date/Lincoln Cent 2445_114 Obverse.jpg",https://www.kaggle.com/datasets/sergiosaharovskiy/uscoins,CC0: Public Domain
img_000864,USA,Penny,Lincoln Cent,,,Obverse,"coins/Lincoln Cents, 1909-Date/Lincoln Cent 69935_0 Obverse Obverse.jpg",https://www.kaggle.com/datasets/sergiosaharovskiy/uscoins,CC0: Public Domain
img_000865,USA,Penny,Lincoln Cent,,,Reverse,"coins/Lincoln Cents, 1909-Date/Lincoln Cent 47672_48 Reverse.jpg",https://www.kaggle.com/datasets/sergiosaharovskiy/uscoins,CC0: Public Domain
img_000866,USA,Penny,Lincoln Cent,,,Obverse,"coins/Lincoln Cents, 1909-Date/Lincoln Cent 2445_156 Obverse.jpg",https://www.kaggle.com/datasets/sergiosaharovskiy/uscoins,CC0: Public Domain
img_000867,USA,Penny,Lincoln Cent,,,Obverse,"coins/Lincoln Cents, 1909-Date/Lincoln Cent 107258_41 Obverse.jpg",https://www.kaggle.com/datasets/sergiosaharovskiy/uscoins,CC0: Public Domain
img_000868,USA,Penny,Lincoln Cent,,,Obverse,"coins/Lincoln Cents, 1909-Date/Lincoln Cent 320686_149 Obverse.jpg",https://www.kaggle.com/datasets/sergiosaharovskiy/uscoins,CC0: Public Domain
img_000869,USA,Penny,Lincoln Cent,,,Reverse,"coins/Lincoln Cents, 1909-Date/Lincoln Cent 41463_76 Reverse.jpg",https://www.kaggle.com/datasets/sergiosaharovskiy/uscoins,CC0: Public Domain
img_000870,USA,Penny,Lincoln Cent,,,Obverse,"coins/Lincoln Cents, 1909-Date/Lincoln Cent 2445_154 Obverse.jpg",https://www.kaggle.com/datasets/sergiosaharovskiy/uscoins,CC0: Public Domain
img_000871,USA,Penny,Lincoln Cent,,,Reverse,"coins/Lincoln Cents, 1909-Date/Lincoln Cent 37633_194 Reverse.jpg",https://www.kaggle.com/datasets/sergiosaharovskiy/uscoins,CC0: Public Domain
img_000872,USA,Penny,Lincoln Cent,,,Obverse,"coins/Lincoln Cents, 1909-Date/Lincoln Cent 47672_82 Obverse.jpg",https://www.kaggle.com/datasets/sergiosaharovskiy/uscoins,CC0: Public Domain
img_000873,USA,Penny,Lincoln Cent,,,Obverse,"coins/Lincoln Cents, 1909-Date/Lincoln Cent 2445_65 Obverse.jpg",https://www.kaggle.com/datasets/sergiosaharovskiy/uscoins,CC0: Public Domain
img_000874,USA,Penny,Lincoln Cent,,,Obverse,"coins/Lincoln Cents, 1909-Date/Lincoln Cent 69935_52 Obverse.jpg",https://www.kaggle.com/datasets/sergiosaharovskiy/uscoins,CC0: Public Domain
img_000875,USA,Penny,Lincoln Cent,,,Obverse,"coins/Lincoln Cents, 1909-Date/Lincoln Cent 2445_345 Obverse.jpg",https://www.kaggle.com/datasets/sergiosaharovskiy/uscoins,CC0: Public Domain
img_000876,USA,Penny,Lincoln Cent,,,Reverse,"coins/Lincoln Cents, 1909-Date/Lincoln Cent 320686_98 Reverse.jpg",https://www.kaggle.com/datasets/sergiosaharovskiy/uscoins,CC0: Public Domain
img_000877,USA,Penny,Lincoln Cent,,,Reverse,"coins/Lincoln Cents, 1909-Date/Lincoln Cent 2445_266 Reverse.jpg",https://www.kaggle.com/datasets/sergiosaharovskiy/uscoins,CC0: Public Domain
img_000878,USA,Penny,Lincoln Cent,,,Reverse,"coins/Lincoln Cents, 1909-Date/Lincoln Cent 2445_208 Reverse.jpg",https://www.kaggle.com/datasets/sergiosaharovskiy/uscoins,CC0: Public Domain
img_000879,USA,Penny,Lincoln Cent,,,Reverse,"coins/Lincoln Cents, 1909-Date/Lincoln Cent 69935_91 Reverse.jpg",https://www.kaggle.com/datasets/sergiosaharovskiy/uscoins,CC0: Public Domain
img_000880,USA,Penny,Lincoln Cent,,,Reverse,"coins/Lincoln Cents, 1909-Date/Lincoln Cent 47672_203 Reverse.jpg",https://www.kaggle.com/datasets/sergiosaharovskiy/uscoins,CC0: Public Domain
img_000881,USA,Penny,Lincoln Cent,,,Reverse,"coins/Lincoln Cents, 1909-Date/Lincoln Cent 37633_182 Reverse.jpg",https://www.kaggle.com/datasets/sergiosaharovskiy/uscoins,CC0: Public Domain
img_000882,USA,Penny,Lincoln Cent,,,Reverse,"coins/Lincoln Cents, 1909-Date/Lincoln Cent 69935_119 Reverse.jpg",https://www.kaggle.com/datasets/sergiosaharovskiy/uscoins,CC0: Public Domain
img_000883,USA,Penny,Lincoln Cent,,,Obverse,"coins/Lincoln Cents, 1909-Date/Lincoln Cent 37633_201 Obverse.jpg",https://www.kaggle.com/datasets/sergiosaharovskiy/uscoins,CC0: Public Domain
img_000884,USA,Penny,Lincoln Cent,,,Obverse,"coins/Lincoln Cents, 1909-Date/Lincoln Cent 37633_134 Obverse.jpg",https://www.kaggle.com/datasets/sergiosaharovskiy/uscoins,CC0: Public Domain
img_000885,USA,Penny,Lincoln Cent,,,Obverse,"coins/Lincoln Cents, 1909-Date/Lincoln Cent 37633_136 Obverse.jpg",https://www.kaggle.com/datasets/sergiosaharovskiy/uscoins,CC0: Public Domain
img_000886,USA,Penny,Lincoln Cent,,,Obverse,"coins/Lincoln Cents, 1909-Date/Lincoln Cent 37633_240 Obverse.jpg",https://www.kaggle.com/datasets/sergiosaharovskiy/uscoins,CC0: Public Domain
img_000887,USA,Penny,Lincoln Cent,,,Reverse,"coins/Lincoln Cents, 1909-Date/Lincoln Cent 37633_229 Reverse.jpg",https://www.kaggle.com/datasets/sergiosaharovskiy/uscoins,CC0: Public Domain
img_000888,USA,Penny,Lincoln Cent,,,Obverse,"coins/Lincoln Cents, 1909-Date/Lincoln Cent 107258_73 Obverse.jpg",https://www.kaggle.com/datasets/sergiosaharovskiy/uscoins,CC0: Public Domain
img_000889,USA,Penny,Lincoln Cent,,,Reverse,"coins/Lincoln Cents, 1909-Date/Lincoln Cent 2445_129 Reverse.jpg",https://www.kaggle.com/datasets/sergiosaharovskiy/uscoins,CC0: Public Domain
img_000890,USA,Penny,Lincoln Cent,,,Reverse,"coins/Lincoln Cents, 1909-Date/Lincoln Cent 107258_86 Reverse.jpg",https://www.kaggle.com/datasets/sergiosaharovskiy/uscoins,CC0: Public Domain
img_000891,USA,Penny,Lincoln Cent,,,Obverse,"coins/Lincoln Cents, 1909-Date/Lincoln Cent 47672_209 Obverse.jpg",https://www.kaggle.com/datasets/sergiosaharovskiy/uscoins,CC0: Public Domain
img_000892,USA,Penny,Lincoln Cent,,,Reverse,"coins/Lincoln Cents, 1909-Date/Lincoln Cent 320686_81 Reverse.jpg",https://www.kaggle.com/datasets/sergiosaharovskiy/uscoins,CC0: Public Domain
img_000893,USA,Penny,Lincoln Cent,,,Obverse,"coins/Lincoln Cents, 1909-Date/Lincoln Cent 37633_28 Obverse.jpg",https://www.kaggle.com/datasets/sergiosaharovskiy/uscoins,CC0: Public Domain
img_000894,USA,Penny,Lincoln Cent,,,Obverse,"coins/Lincoln Cents, 1909-Date/Lincoln Cent 37633_210 Obverse.jpg",https://www.kaggle.com/datasets/sergiosaharovskiy/uscoins,CC0: Public Domain
img_000895,USA,Penny,Lincoln Cent,,,Obverse,"coins/Lincoln Cents, 1909-Date/Lincoln Cent 37633_179 Obverse.jpg",https://www.kaggle.com/datasets/sergiosaharovskiy/uscoins,CC0: Public Domain
img_000896,USA,Penny,Lincoln Cent,,,Reverse,"coins/Lincoln Cents, 1909-Date/Lincoln Cent 2445_97 Reverse.jpg",https://www.kaggle.com/datasets/sergiosaharovskiy/uscoins,CC0: Public Domain
img_000897,USA,Penny,Lincoln Cent,,,Obverse,"coins/Lincoln Cents, 1909-Date/Lincoln Cent 2445_200 Obverse.jpg",https://www.kaggle.com/datasets/sergiosaharovskiy/uscoins,CC0: Public Domain
img_000898,USA,Penny,Lincoln Cent,,,Reverse,"coins/Lincoln Cents, 1909-Date/Lincoln Cent 47672_161 Reverse.jpg",https://www.kaggle.com/datasets/sergiosaharovskiy/uscoins,CC0: Public Domain
img_000899,USA,Penny,Lincoln Cent,,,Obverse,"coins/Lincoln Cents, 1909-Date/Lincoln Cent 47672_10 Obverse.jpg",https://www.kaggle.com/datasets/sergiosaharovskiy/uscoins,CC0: Public Domain
img_000900,USA,Penny,Lincoln Cent,,,Obverse,"coins/Lincoln Cents, 1909-Date/Lincoln Cent 37633_112 Obverse.jpg",https://www.kaggle.com/datasets/sergiosaharovskiy/uscoins,CC0: Public Domain
img_000901,USA,Penny,Lincoln Cent,,,Obverse,"coins/Lincoln Cents, 1909-Date/Lincoln Cent 47672_208 Obverse.jpg",https://www.kaggle.com/datasets/sergiosaharovskiy/uscoins,CC0: Public Domain
img_000902,USA,Penny,Lincoln Cent,,,Obverse,"coins/Lincoln Cents, 1909-Date/Lincoln Cent 69935_126 Obverse.jpg",https://www.kaggle.com/datasets/sergiosaharovskiy/uscoins,CC0: Public Domain
img_000903,USA,Penny,Lincoln Cent,,,Obverse,"coins/Lincoln Cents, 1909-Date/Lincoln Cent 69935_130 Obverse.jpg",https://www.kaggle.com/datasets/sergiosaharovskiy/uscoins,CC0: Public Domain
img_000904,USA,Penny,Lincoln Cent,,,Obverse,"coins/Lincoln Cents, 1909-Date/Lincoln Cent 107258_7 Obverse.jpg",https://www.kaggle.com/datasets/sergiosaharovskiy/uscoins,CC0: Public Domain
img_000905,USA,Penny,Lincoln Cent,,,Obverse,"coins/Lincoln Cents, 1909-Date/Lincoln Cent 69935_87 Obverse.jpg",https://www.kaggle.com/datasets/sergiosaharovskiy/uscoins,CC0: Public Domain
img_000906,USA,Penny,Lincoln Cent,,,Obverse,"coins/Lincoln Cents, 1909-Date/Lincoln Cent 320686_56 Obverse.jpg",https://www.kaggle.com/datasets/sergiosaharovskiy/uscoins,CC0: Public Domain
img_000907,USA,Penny,Lincoln Cent,,,Reverse,"coins/Lincoln Cents, 1909-Date/Lincoln Cent 69935_59 Reverse.jpg",https://www.kaggle.com/datasets/sergiosaharovskiy/uscoins,CC0: Public Domain
img_000908,USA,Penny,Lincoln Cent,,,Reverse,"coins/Lincoln Cents, 1909-Date/Lincoln Cent 320686_55 Reverse.jpg",https://www.kaggle.com/datasets/sergiosaharovskiy/uscoins,CC0: Public Domain
img_000909,USA,Penny,Lincoln Cent,,,Obverse,"coins/Lincoln Cents, 1909-Date/Lincoln Cent 2445_146 Obverse.jpg",https://www.kaggle.com/datasets/sergiosaharovskiy/uscoins,CC0: Public Domain
img_000910,USA,Penny,Lincoln Cent,,,Reverse,"coins/Lincoln Cents, 1909-Date/Lincoln Cent 47672_163 Reverse.jpg",https://www.kaggle.com/datasets/sergiosaharovskiy/uscoins,CC0: Public Domain
img_000911,USA,Penny,Lincoln Cent,,,Reverse,"coins/Lincoln Cents, 1909-Date/Lincoln Cent 37633_73 Reverse.jpg",https://www.kaggle.com/datasets/sergiosaharovskiy/uscoins,CC0: Public Domain
img_000912,USA,Penny,Lincoln Cent,,,Obverse,"coins/Lincoln Cents, 1909-Date/Lincoln Cent 47672_200 Obverse.jpg",https://www.kaggle.com/datasets/sergiosaharovskiy/uscoins,CC0: Public Domain
img_000913,USA,Penny,Lincoln Cent,,,Reverse,"coins/Lincoln Cents, 1909-Date/Lincoln Cent 69935_74 Reverse.jpg",https://www.kaggle.com/datasets/sergiosaharovskiy/uscoins,CC0: Public Domain
img_000914,USA,Penny,Lincoln Cent,,,Obverse,"coins/Lincoln Cents, 1909-Date/Lincoln Cent 107258_71 Obverse.jpg",https://www.kaggle.com/datasets/sergiosaharovskiy/uscoins,CC0: Public Domain
img_000915,USA,Penny,Lincoln Cent,,,Obverse,"coins/Lincoln Cents, 1909-Date/Lincoln Cent 47672_182 Obverse.jpg",https://www.kaggle.com/datasets/sergiosaharovskiy/uscoins,CC0: Public Domain
img_000916,USA,Penny,Lincoln Cent,,,Obverse,"coins/Lincoln Cents, 1909-Date/Lincoln Cent 41463_43 Obverse.jpg",https://www.kaggle.com/datasets/sergiosaharovskiy/uscoins,CC0: Public Domain
img_000917,USA,Penny,Lincoln Cent,,,Obverse,"coins/Lincoln Cents, 1909-Date/Lincoln Cent 47672_184 Obverse.jpg",https://www.kaggle.com/datasets/sergiosaharovskiy/uscoins,CC0: Public Domain
img_000918,USA,Penny,Lincoln Cent,,,Reverse,"coins/Lincoln Cents, 1909-Date/Lincoln Cent 320686_58 Reverse.jpg",https://www.kaggle.com/datasets/sergiosaharovskiy/uscoins,CC0: Public Domain
img_000919,USA,Penny,Lincoln Cent,,,Obverse,"coins/Lincoln Cents, 1909-Date/Lincoln Cent 47672_105 Obverse.jpg",https://www.kaggle.com/datasets/sergiosaharovskiy/uscoins,CC0: Public Domain
img_000920,USA,Penny,Lincoln Cent,,,Obverse,"coins/Lincoln Cents, 1909-Date/Lincoln Cent 2445_376 Obverse.jpg",https://www.kaggle.com/datasets/sergiosaharovskiy/uscoins,CC0: Public Domain
img_000921,USA,Penny,Lincoln Cent,,,Reverse,"coins/Lincoln Cents, 1909-Date/Lincoln Cent 37633_93 Reverse.jpg",https://www.kaggle.com/datasets/sergiosaharovskiy/uscoins,CC0: Public Domain
img_000922,USA,Penny,Lincoln Cent,,,Obverse,"coins/Lincoln Cents, 1909-Date/Lincoln Cent 69935_43 Obverse.jpg",https://www.kaggle.com/datasets/sergiosaharovskiy/uscoins,CC0: Public Domain
img_000923,USA,Penny,Lincoln Cent,,,Obverse,"coins/Lincoln Cents, 1909-Date/Lincoln Cent 47672_50 Obverse.jpg",https://www.kaggle.com/datasets/sergiosaharovskiy/uscoins,CC0: Public Domain
img_000924,USA,Penny,Lincoln Cent,,,Obverse,"coins/Lincoln Cents, 1909-Date/Lincoln Cent 47672_139 Obverse.jpg",https://www.kaggle.com/datasets/sergiosaharovskiy/uscoins,CC0: Public Domain
img_000925,USA,Penny,Lincoln Cent,,,Reverse,"coins/Lincoln Cents, 1909-Date/Lincoln Cent 2445_257 Reverse.jpg",https://www.kaggle.com/datasets/sergiosaharovskiy/uscoins,CC0: Public Domain
img_000926,USA,Penny,Lincoln Cent,,,Obverse,"coins/Lincoln Cents, 1909-Date/Lincoln Cent 37633_198 Obverse.jpg",https://www.kaggle.com/datasets/sergiosaharovskiy/uscoins,CC0: Public Domain
img_000927,USA,Penny,Lincoln Cent,,,Obverse,"coins/Lincoln Cents, 1909-Date/Lincoln Cent 37633_82 Obverse.jpg",https://www.kaggle.com/datasets/sergiosaharovskiy/uscoins,CC0: Public Domain
img_000928,USA,Penny,Lincoln Cent,,,Reverse,"coins/Lincoln Cents, 1909-Date/Lincoln Cent 47672_129 Reverse.jpg",https://www.kaggle.com/datasets/sergiosaharovskiy/uscoins,CC0: Public Domain
img_000929,USA,Penny,Lincoln Cent,,,Reverse,"coins/Lincoln Cents, 1909-Date/Lincoln Cent 47672_112 Reverse.jpg",https://www.kaggle.com/datasets/sergiosaharovskiy/uscoins,CC0: Public Domain
img_000930,USA,Penny,Lincoln Cent,,,Obverse,"coins/Lincoln Cents, 1909-Date/Lincoln Cent 320686_79 Obverse.jpg",https://www.kaggle.com/datasets/sergiosaharovskiy/uscoins,CC0: Public Domain
img_000931,USA,Penny,Lincoln Cent,,,Reverse,"coins/Lincoln Cents, 1909-Date/Lincoln Cent 47672_28 Reverse.jpg",https://www.kaggle.com/datasets/sergiosaharovskiy/uscoins,CC0: Public Domain
img_000932,USA,Penny,Lincoln Cent,,,Reverse,"coins/Lincoln Cents, 1909-Date/Lincoln Cent 107258_17 Reverse.jpg",https://www.kaggle.com/datasets/sergiosaharovskiy/uscoins,CC0: Public Domain
img_000933,USA,Penny,Lincoln Cent,,,Reverse,"coins/Lincoln Cents, 1909-Date/Lincoln Cent 69935_75 Reverse.jpg",https://www.kaggle.com/datasets/sergiosaharovskiy/uscoins,CC0: Public Domain
img_000934,USA,Penny,Lincoln Cent,,,Obverse,"coins/Lincoln Cents, 1909-Date/Lincoln Cent 69935_118 Obverse.jpg",https://www.kaggle.com/datasets/sergiosaharovskiy/uscoins,CC0: Public Domain
img_000935,USA,Penny,Lincoln Cent,,,Reverse,"coins/Lincoln Cents, 1909-Date/Lincoln Cent 320686_89 Reverse.jpg",https://www.kaggle.com/datasets/sergiosaharovskiy/uscoins,CC0: Public Domain
img_000936,USA,Penny,Lincoln Cent,,,Reverse,"coins/Lincoln Cents, 1909-Date/Lincoln Cent 47672_187 Reverse.jpg",https://www.kaggle.com/datasets/sergiosaharovskiy/uscoins,CC0: Public Domain
img_000937,USA,Penny,Lincoln Cent,,,Obverse,"coins/Lincoln Cents, 1909-Date/Lincoln Cent 107258_8 Obverse.jpg",https://www.kaggle.com/datasets/sergiosaharovskiy/uscoins,CC0: Public Domain
img_000938,USA,Penny,Lincoln Cent,,,Reverse,"coins/Lincoln Cents, 1909-Date/Lincoln Cent 41463_50 Reverse.jpg",https://www.kaggle.com/datasets/sergiosaharovskiy/uscoins,CC0: Public Domain
img_000939,USA,Penny,Lincoln Cent,,,Reverse,"coins/Lincoln Cents, 1909-Date/Lincoln Cent 69935_110 Reverse.jpg",https://www.kaggle.com/datasets/sergiosaharovskiy/uscoins,CC0: Public Domain
img_000940,USA,Penny,Lincoln Cent,,,Obverse,"coins/Lincoln Cents, 1909-Date/Lincoln Cent 69935_8 Obverse.jpg",https://www.kaggle.com/datasets/sergiosaharovskiy/uscoins,CC0: Public Domain
img_000941,USA,Penny,Lincoln Cent,,,Reverse,"coins/Lincoln Cents, 1909-Date/Lincoln Cent 320686_22 Reverse.jpg",https://www.kaggle.com/datasets/sergiosaharovskiy/uscoins,CC0: Public Domain
img_000942,USA,Penny,Lincoln Cent,,,Obverse,"coins/Lincoln Cents, 1909-Date/Lincoln Cent 47672_29 Obverse.jpg",https://www.kaggle.com/datasets/sergiosaharovskiy/uscoins,CC0: Public Domain
img_000943,USA,Penny,Lincoln Cent,,,Reverse,"coins/Lincoln Cents, 1909-Date/Lincoln Cent 37633_114 Reverse.jpg",https://www.kaggle.com/datasets/sergiosaharovskiy/uscoins,CC0: Public Domain
img_000944,USA,Penny,Lincoln Cent,,,Reverse,"coins/Lincoln Cents, 1909-Date/Lincoln Cent 69935_25 Reverse.jpg",https://www.kaggle.com/datasets/sergiosaharovskiy/uscoins,CC0: Public Domain
img_000945,USA,Penny,Lincoln Cent,,,Obverse,"coins/Lincoln Cents, 1909-Date/Lincoln Cent 41463_39 Obverse.jpg",https://www.kaggle.com/datasets/sergiosaharovskiy/uscoins,CC0: Public Domain
img_000946,USA,Penny,Lincoln Cent,,,Reverse,"coins/Lincoln Cents, 1909-Date/Lincoln Cent 47672_75 Reverse.jpg",https://www.kaggle.com/datasets/sergiosaharovskiy/uscoins,CC0: Public Domain
img_000947,USA,Penny,Lincoln Cent,,,Obverse,"coins/Lincoln Cents, 1909-Date/Lincoln Cent 107258_89 Obverse.jpg",https://www.kaggle.com/datasets/sergiosaharovskiy/uscoins,CC0: Public Domain
img_000948,USA,Penny,Lincoln Cent,,,Reverse,"coins/Lincoln Cents, 1909-Date/Lincoln Cent 2445_22 Reverse.jpg",https://www.kaggle.com/datasets/sergiosaharovskiy/uscoins,CC0: Public Domain
img_000949,USA,Penny,Lincoln Cent,,,Reverse,"coins/Lincoln Cents, 1909-Date/Lincoln Cent 37633_122 Reverse.jpg",https://www.kaggle.com/datasets/sergiosaharovskiy/uscoins,CC0: Public Domain
img_000950,USA,Penny,Lincoln Cent,,,Obverse,"coins/Lincoln Cents, 1909-Date/Lincoln Cent 107258_75 Obverse.jpg",https://www.kaggle.com/datasets/sergiosaharovskiy/uscoins,CC0: Public Domain
img_000951,USA,Penny,Lincoln Cent,,,Reverse,"coins/Lincoln Cents, 1909-Date/Lincoln Cent 47672_242 Reverse.jpg",https://www.kaggle.com/datasets/sergiosaharovskiy/uscoins,CC0: Public Domain
img_000952,USA,Penny,Lincoln Cent,,,Reverse,"coins/Lincoln Cents, 1909-Date/Lincoln Cent 37633_169 Reverse.jpg",https://www.kaggle.com/datasets/sergiosaharovskiy/uscoins,CC0: Public Domain
img_000953,USA,Penny,Lincoln Cent,,,Reverse,"coins/Lincoln Cents, 1909-Date/Lincoln Cent 320686_96 Reverse.jpg",https://www.kaggle.com/datasets/sergiosaharovskiy/uscoins,CC0: Public Domain
img_000954,USA,Penny,Lincoln Cent,,,Reverse,"coins/Lincoln Cents, 1909-Date/Lincoln Cent 2445_109 Reverse.jpg",https://www.kaggle.com/datasets/sergiosaharovskiy/uscoins,CC0: Public Domain
img_000955,USA,Penny,Lincoln Cent,,,Obverse,"coins/Lincoln Cents, 1909-Date/Lincoln Cent 107258_104 Obverse.jpg",https://www.kaggle.com/datasets/sergiosaharovskiy/uscoins,CC0: Public Domain
img_000956,USA,Penny,Lincoln Cent,,,Obverse,"coins/Lincoln Cents, 1909-Date/Lincoln Cent 320686_76 Obverse.jpg",https://www.kaggle.com/datasets/sergiosaharovskiy/uscoins,CC0: Public Domain
img_000957,USA,Penny,Lincoln Cent,,,Reverse,"coins/Lincoln Cents, 1909-Date/Lincoln Cent 2445_132 Reverse.jpg",https://www.kaggle.com/datasets/sergiosaharovskiy/uscoins,CC0: Public Domain
img_000958,USA,Penny,Lincoln Cent,,,Obverse,"coins/Lincoln Cents, 1909-Date/Lincoln Cent 37633_65 Obverse.jpg",https://www.kaggle.com/datasets/sergiosaharovskiy/uscoins,CC0: Public Domain
img_000959,USA,Penny,Lincoln Cent,,,Obverse,"coins/Lincoln Cents, 1909-Date/Lincoln Cent 37633_149 Obverse.jpg",https://www.kaggle.com/datasets/sergiosaharovskiy/uscoins,CC0: Public Domain
img_000960,USA,Penny,Lincoln Cent,,,Reverse,"coins/Lincoln Cents, 1909-Date/Lincoln Cent 2445_153 Reverse.jpg",https://www.kaggle.com/datasets/sergiosaharovskiy/uscoins,CC0: Public Domain
img_000961,USA,Penny,Lincoln Cent,,,Obverse,"coins/Lincoln Cents, 1909-Date/Lincoln Cent 41463_42 Obverse.jpg",https://www.kaggle.com/datasets/sergiosaharovskiy/uscoins,CC0: Public Domain
img_000962,USA,Penny,Lincoln Cent,,,Obverse,"coins/Lincoln Cents, 1909-Date/Lincoln Cent 2445_76 Obverse.jpg",https://www.kaggle.com/datasets/sergiosaharovskiy/uscoins,CC0: Public Domain
img_000963,USA,Penny,Lincoln Cent,,,Obverse,"coins/Lincoln Cents, 1909-Date/Lincoln Cent 47672_194 Obverse.jpg",https://www.kaggle.com/datasets/sergiosaharovskiy/uscoins,CC0: Public Domain
img_000964,USA,Penny,Lincoln Cent,,,Obverse,"coins/Lincoln Cents, 1909-Date/Lincoln Cent 320686_9 Obverse.jpg",https://www.kaggle.com/datasets/sergiosaharovskiy/uscoins,CC0: Public Domain
img_000965,USA,Penny,Lincoln Cent,,,Reverse,"coins/Lincoln Cents, 1909-Date/Lincoln Cent 37633_77 Reverse.jpg",https://www.kaggle.com/datasets/sergiosaharovskiy/uscoins,CC0: Public Domain
img_000966,USA,Penny,Lincoln Cent,,,Reverse,"coins/Lincoln Cents, 1909-Date/Lincoln Cent 320686_53 Reverse.jpg",https://www.kaggle.com/datasets/sergiosaharovskiy/uscoins,CC0: Public Domain
img_000967,USA,Penny,Lincoln Cent,,,Obverse,"coins/Lincoln Cents, 1909-Date/Lincoln Cent 37633_153 Obverse.jpg",https://www.kaggle.com/datasets/sergiosaharovskiy/uscoins,CC0: Public Domain
img_000968,USA,Penny,Lincoln Cent,,,Reverse,"coins/Lincoln Cents, 1909-Date/Lincoln Cent 2445_315 Reverse.jpg",https://www.kaggle.com/datasets/sergiosaharovskiy/uscoins,CC0: Public Domain
img_000969,USA,Penny,Lincoln Cent,,,Reverse,"coins/Lincoln Cents, 1909-Date/Lincoln Cent 47672_49 Reverse.jpg",https://www.kaggle.com/datasets/sergiosaharovskiy/uscoins,CC0: Public Domain
img_000970,USA,Penny,Lincoln Cent,,,Obverse,"coins/Lincoln Cents, 1909-Date/Lincoln Cent 2445_167 Obverse.jpg",https://www.kaggle.com/datasets/sergiosaharovskiy/uscoins,CC0: Public Domain
img_000971,USA,Penny,Lincoln Cent,,,Obverse,"coins/Lincoln Cents, 1909-Date/Lincoln Cent 69935_80 Obverse.jpg",https://www.kaggle.com/datasets/sergiosaharovskiy/uscoins,CC0: Public Domain
img_000972,USA,Penny,Lincoln Cent,,,Reverse,"coins/Lincoln Cents, 1909-Date/Lincoln Cent 2445_409 Reverse.jpg",https://www.kaggle.com/datasets/sergiosaharovskiy/uscoins,CC0: Public Domain
img_000973,USA,Penny,Lincoln Cent,,,Reverse,"coins/Lincoln Cents, 1909-Date/Lincoln Cent 69935_89 Reverse.jpg",https://www.kaggle.com/datasets/sergiosaharovskiy/uscoins,CC0: Public Domain
img_000974,USA,Penny,Lincoln Cent,,,Obverse,"coins/Lincoln Cents, 1909-Date/Lincoln Cent 107258_36 Obverse.jpg",https://www.kaggle.com/datasets/sergiosaharovskiy/uscoins,CC0: Public Domain
img_000975,USA,Penny,Lincoln Cent,,,Obverse,"coins/Lincoln Cents, 1909-Date/Lincoln Cent 37633_175 Obverse.jpg",https://www.kaggle.com/datasets/sergiosaharovskiy/uscoins,CC0: Public Domain
img_000976,USA,Penny,Lincoln Cent,,,Obverse,"coins/Lincoln Cents, 1909-Date/Lincoln Cent 47672_164 Obverse.jpg",https://www.kaggle.com/datasets/sergiosaharovskiy/uscoins,CC0: Public Domain
img_000977,USA,Penny,Lincoln Cent,,,Reverse,"coins/Lincoln Cents, 1909-Date/Lincoln Cent 47672_181 Reverse.jpg",https://www.kaggle.com/datasets/sergiosaharovskiy/uscoins,CC0: Public Domain
img_000978,USA,Penny,Lincoln Cent,,,Obverse,"coins/Lincoln Cents, 1909-Date/Lincoln Cent 37633_81 Obverse.jpg",https://www.kaggle.com/datasets/sergiosaharovskiy/uscoins,CC0: Public Domain
img_000979,USA,Penny,Lincoln Cent,,,Reverse,"coins/Lincoln Cents, 1909-Date/Lincoln Cent 37633_226 Reverse.jpg",https://www.kaggle.com/datasets/sergiosaharovskiy/uscoins,CC0: Public Domain
img_000980,USA,Penny,Lincoln Cent,,,Reverse,"coins/Lincoln Cents, 1909-Date/Lincoln Cent 69935_116 Reverse.jpg",https://www.kaggle.com/datasets/sergiosaharovskiy/uscoins,CC0: Public Domain
img_000981,USA,Penny,Lincoln Cent,,,Reverse,"coins/Lincoln Cents, 1909-Date/Lincoln Cent 47672_240 Reverse.jpg",https://www.kaggle.com/datasets/sergiosaharovskiy/uscoins,CC0: Public Domain
img_000982,USA,Penny,Lincoln Cent,,,Obverse,"coins/Lincoln Cents, 1909-Date/Lincoln Cent 107258_60 Obverse.jpg",https://www.kaggle.com/datasets/sergiosaharovskiy/uscoins,CC0: Public Domain
img_000983,USA,Penny,Lincoln Cent,,,Reverse,"coins/Lincoln Cents, 1909-Date/Lincoln Cent 2445_203 Reverse.jpg",https://www.kaggle.com/datasets/sergiosaharovskiy/uscoins,CC0: Public Domain
img_000984,USA,Penny,Lincoln Cent,,,Reverse,"coins/Lincoln Cents, 1909-Date/Lincoln Cent 2445_357 Reverse.jpg",https://www.kaggle.com/datasets/sergiosaharovskiy/uscoins,CC0: Public Domain
img_000985,USA,Penny,Lincoln Cent,,,Reverse,"coins/Lincoln Cents, 1909-Date/Lincoln Cent 69935_30 Reverse.jpg",https://www.kaggle.com/datasets/sergiosaharovskiy/uscoins,CC0: Public Domain
img_000986,USA,Penny,Lincoln Cent,,,Reverse,"coins/Lincoln Cents, 1909-Date/Lincoln Cent 2445_127 Reverse.jpg",https://www.kaggle.com/datasets/sergiosaharovskiy/uscoins,CC0: Public Domain
img_000987,USA,Penny,Lincoln Cent,,,Reverse,"coins/Lincoln Cents, 1909-Date/Lincoln Cent 47672_35 Reverse.jpg",https://www.kaggle.com/datasets/sergiosaharovskiy/uscoins,CC0: Public Domain
img_000988,USA,Penny,Lincoln Cent,,,Reverse,"coins/Lincoln Cents, 1909-Date/Lincoln Cent 69935_47 Reverse.jpg",https://www.kaggle.com/datasets/sergiosaharovskiy/uscoins,CC0: Public Domain
img_000989,USA,Penny,Lincoln Cent,,,Obverse,"coins/Lincoln Cents, 1909-Date/Lincoln Cent 320686_157 Obverse.jpg",https://www.kaggle.com/datasets/sergiosaharovskiy/uscoins,CC0: Public Domain
img_000990,USA,Penny,Lincoln Cent,,,Obverse,"coins/Lincoln Cents, 1909-Date/Lincoln Cent 2445_349 Obverse.jpg",https://www.kaggle.com/datasets/sergiosaharovskiy/uscoins,CC0: Public Domain
img_000991,USA,Penny,Lincoln Cent,,,Reverse,"coins/Lincoln Cents, 1909-Date/Lincoln Cent 69935_1 Reverse.jpg",https://www.kaggle.com/datasets/sergiosaharovskiy/uscoins,CC0: Public Domain
img_000992,USA,Penny,Lincoln Cent,,,Obverse,"coins/Lincoln Cents, 1909-Date/Lincoln Cent 47672_76 Obverse.jpg",https://www.kaggle.com/datasets/sergiosaharovskiy/uscoins,CC0: Public Domain
img_000993,USA,Penny,Lincoln Cent,,,Obverse,"coins/Lincoln Cents, 1909-Date/Lincoln Cent 47672_174 Obverse.jpg",https://www.kaggle.com/datasets/sergiosaharovskiy/uscoins,CC0: Public Domain
img_000994,USA,Penny,Lincoln Cent,,,Reverse,"coins/Lincoln Cents, 1909-Date/Lincoln Cent 2445_188 Reverse.jpg",https://www.kaggle.com/datasets/sergiosaharovskiy/uscoins,CC0: Public Domain
img_000995,USA,Penny,Lincoln Cent,,,Reverse,"coins/Lincoln Cents, 1909-Date/Lincoln Cent 320686_27 Reverse.jpg",https://www.kaggle.com/datasets/sergiosaharovskiy/uscoins,CC0: Public Domain
img_000996,USA,Penny,Lincoln Cent,,,Reverse,"coins/Lincoln Cents, 1909-Date/Lincoln Cent 47672_138 Reverse.jpg",https://www.kaggle.com/datasets/sergiosaharovskiy/uscoins,CC0: Public Domain
img_000997,USA,Penny,Lincoln Cent,,,Obverse,"coins/Lincoln Cents, 1909-Date/Lincoln Cent 47672_126 Obverse.jpg",https://www.kaggle.com/datasets/sergiosaharovskiy/uscoins,CC0: Public Domain
img_000998,USA,Penny,Lincoln Cent,,,Obverse,"coins/Lincoln Cents, 1909-Date/Lincoln Cent 69935_85 Obverse.jpg",https://www.kaggle.com/datasets/sergiosaharovskiy/uscoins,CC0: Public Domain
img_000999,USA,Penny,Lincoln Cent,,,Reverse,"coins/Lincoln Cents, 1909-Date/Lincoln Cent 2445_45 Reverse.jpg",https://www.kaggle.com/datasets/sergiosaharovskiy/uscoins,CC0: Public Domain
img_001000,USA,Penny,Lincoln Cent,,,Obverse,"coins/Lincoln Cents, 1909-Date/Lincoln Cent 2445_2 Obverse.jpg",https://www.kaggle.com/datasets/sergiosaharovskiy/uscoins,CC0: Public Domain
img_001001,USA,Penny,Lincoln Cent,,,Obverse,"coins/Lincoln Cents, 1909-Date/Lincoln Cent 320686_99 Obverse.jpg",https://www.kaggle.com/datasets/sergiosaharovskiy/uscoins,CC0: Public Domain
img_001002,USA,Penny,Lincoln Cent,,,Reverse,"coins/Lincoln Cents, 1909-Date/Lincoln Cent 37633_44 Reverse.jpg",https://www.kaggle.com/datasets/sergiosaharovskiy/uscoins,CC0: Public Domain
img_001003,USA,Penny,Lincoln Cent,,,Reverse,"coins/Lincoln Cents, 1909-Date/Lincoln Cent 2445_181 Reverse.jpg",https://www.kaggle.com/datasets/sergiosaharovskiy/uscoins,CC0: Public Domain
img_001004,USA,Penny,Lincoln Cent,,,Obverse,"coins/Lincoln Cents, 1909-Date/Lincoln Cent 47672_171 Obverse.jpg",https://www.kaggle.com/datasets/sergiosaharovskiy/uscoins,CC0: Public Domain
img_001005,USA,Penny,Lincoln Cent,,,Obverse,"coins/Lincoln Cents, 1909-Date/Lincoln Cent 47672_140 Obverse.jpg",https://www.kaggle.com/datasets/sergiosaharovskiy/uscoins,CC0: Public Domain
img_001006,USA,Penny,Lincoln Cent,,,Obverse,"coins/Lincoln Cents, 1909-Date/Lincoln Cent 320686_144 Obverse.jpg",https://www.kaggle.com/datasets/sergiosaharovskiy/uscoins,CC0: Public Domain
img_001007,USA,Penny,Lincoln Cent,,,Reverse,"coins/Lincoln Cents, 1909-Date/Lincoln Cent 47672_189 Reverse.jpg",https://www.kaggle.com/datasets/sergiosaharovskiy/uscoins,CC0: Public Domain
img_001008,USA,Penny,Lincoln Cent,,,Obverse,"coins/Lincoln Cents, 1909-Date/Lincoln Cent 47672_62 Obverse.jpg",https://www.kaggle.com/datasets/sergiosaharovskiy/uscoins,CC0: Public Domain
img_001009,USA,Penny,Lincoln Cent,,,Reverse,"coins/Lincoln Cents, 1909-Date/Lincoln Cent 320686_101 Reverse.jpg",https://www.kaggle.com/datasets/sergiosaharovskiy/uscoins,CC0: Public Domain
img_001010,USA,Penny,Lincoln Cent,,,Obverse,"coins/Lincoln Cents, 1909-Date/Lincoln Cent 37633_195 Obverse.jpg",https://www.kaggle.com/datasets/sergiosaharovskiy/uscoins,CC0: Public Domain
img_001011,USA,Penny,Lincoln Cent,,,Obverse,"coins/Lincoln Cents, 1909-Date/Lincoln Cent 2445_185 Obverse.jpg",https://www.kaggle.com/datasets/sergiosaharovskiy/uscoins,CC0: Public Domain
img_001012,USA,Penny,Lincoln Cent,,,Obverse,"coins/Lincoln Cents, 1909-Date/Lincoln Cent 47672_97 Obverse.jpg",https://www.kaggle.com/datasets/sergiosaharovskiy/uscoins,CC0: Public Domain
img_001013,USA,Penny,Lincoln Cent,,,Obverse,"coins/Lincoln Cents, 1909-Date/Lincoln Cent 41463_51 Obverse.jpg",https://www.kaggle.com/datasets/sergiosaharovskiy/uscoins,CC0: Public Domain
img_001014,USA,Penny,Lincoln Cent,,,Reverse,"coins/Lincoln Cents, 1909-Date/Lincoln Cent 2445_278 Reverse.jpg",https://www.kaggle.com/datasets/sergiosaharovskiy/uscoins,CC0: Public Domain
img_001015,USA,Penny,Lincoln Cent,,,Reverse,"coins/Lincoln Cents, 1909-Date/Lincoln Cent 320686_115 Reverse.jpg",https://www.kaggle.com/datasets/sergiosaharovskiy/uscoins,CC0: Public Domain
img_001016,USA,Penny,Lincoln Cent,,,Obverse,"coins/Lincoln Cents, 1909-Date/Lincoln Cent 107258_23 Obverse.jpg",https://www.kaggle.com/datasets/sergiosaharovskiy/uscoins,CC0: Public Domain
img_001017,USA,Penny,Lincoln Cent,,,Reverse,"coins/Lincoln Cents, 1909-Date/Lincoln Cent 47672_157 Reverse.jpg",https://www.kaggle.com/datasets/sergiosaharovskiy/uscoins,CC0: Public Domain
img_001018,USA,Penny,Lincoln Cent,,,Obverse,"coins/Lincoln Cents, 1909-Date/Lincoln Cent 2445_403 Obverse.jpg",https://www.kaggle.com/datasets/sergiosaharovskiy/uscoins,CC0: Public Domain
img_001019,USA,Penny,Lincoln Cent,,,Obverse,"coins/Lincoln Cents, 1909-Date/Lincoln Cent 107258_24 Obverse.jpg",https://www.kaggle.com/datasets/sergiosaharovskiy/uscoins,CC0: Public Domain
img_001020,USA,Penny,Lincoln Cent,,,Obverse,"coins/Lincoln Cents, 1909-Date/Lincoln Cent 320686_134 Obverse.jpg",https://www.kaggle.com/datasets/sergiosaharovskiy/uscoins,CC0: Public Domain
img_001021,USA,Penny,Lincoln Cent,,,Reverse,"coins/Lincoln Cents, 1909-Date/Lincoln Cent 47672_38 Reverse.jpg",https://www.kaggle.com/datasets/sergiosaharovskiy/uscoins,CC0: Public Domain
img_001022,USA,Penny,Lincoln Cent,,,Reverse,"coins/Lincoln Cents, 1909-Date/Lincoln Cent 37633_168 Reverse.jpg",https://www.kaggle.com/datasets/sergiosaharovskiy/uscoins,CC0: Public Domain
img_001023,USA,Penny,Lincoln Cent,,,Obverse,"coins/Lincoln Cents, 1909-Date/Lincoln Cent 320686_84 Obverse.jpg",https://www.kaggle.com/datasets/sergiosaharovskiy/uscoins,CC0: Public Domain
img_001024,USA,Penny,Lincoln Cent,,,Reverse,"coins/Lincoln Cents, 1909-Date/Lincoln Cent 69935_73 Reverse.jpg",https://www.kaggle.com/datasets/sergiosaharovskiy/uscoins,CC0: Public Domain
img_001025,USA,Penny,Lincoln Cent,,,Reverse,"coins/Lincoln Cents, 1909-Date/Lincoln Cent 37633_237 Reverse.jpg",https://www.kaggle.com/datasets/sergiosaharovskiy/uscoins,CC0: Public Domain
img_001026,USA,Penny,Lincoln Cent,,,Reverse,"coins/Lincoln Cents, 1909-Date/Lincoln Cent 41463_32 Reverse.jpg",https://www.kaggle.com/datasets/sergiosaharovskiy/uscoins,CC0: Public Domain
img_001027,USA,Penny,Lincoln Cent,,,Reverse,"coins/Lincoln Cents, 1909-Date/Lincoln Cent 320686_68 Reverse.jpg",https://www.kaggle.com/datasets/sergiosaharovskiy/uscoins,CC0: Public Domain
img_001028,USA,Penny,Lincoln Cent,,,Obverse,"coins/Lincoln Cents, 1909-Date/Lincoln Cent 41463_70 Obverse.jpg",https://www.kaggle.com/datasets/sergiosaharovskiy/uscoins,CC0: Public Domain
img_001029,USA,Penny,Lincoln Cent,,,Obverse,"coins/Lincoln Cents, 1909-Date/Lincoln Cent 41463_21 Obverse.jpg",https://www.kaggle.com/datasets/sergiosaharovskiy/uscoins,CC0: Public Domain
img_001030,USA,Penny,Lincoln Cent,,,Reverse,"coins/Lincoln Cents, 1909-Date/Lincoln Cent 2445_228 Reverse.jpg",https://www.kaggle.com/datasets/sergiosaharovskiy/uscoins,CC0: Public Domain
img_001031,USA,Penny,Lincoln Cent,,,Reverse,"coins/Lincoln Cents, 1909-Date/Lincoln Cent 47672_14 Reverse.jpg",https://www.kaggle.com/datasets/sergiosaharovskiy/uscoins,CC0: Public Domain
img_001032,USA,Penny,Lincoln Cent,,,Reverse,"coins/Lincoln Cents, 1909-Date/Lincoln Cent 2445_361 Reverse.jpg",https://www.kaggle.com/datasets/sergiosaharovskiy/uscoins,CC0: Public Domain
img_001033,USA,Penny,Lincoln Cent,,,Reverse,"coins/Lincoln Cents, 1909-Date/Lincoln Cent 69935_60 Reverse.jpg",https://www.kaggle.com/datasets/sergiosaharovskiy/uscoins,CC0: Public Domain
img_001034,USA,Penny,Lincoln Cent,,,Obverse,"coins/Lincoln Cents, 1909-Date/Lincoln Cent 47672_79 Obverse.jpg",https://www.kaggle.com/datasets/sergiosaharovskiy/uscoins,CC0: Public Domain
img_001035,USA,Penny,Lincoln Cent,,,Reverse,"coins/Lincoln Cents, 1909-Date/Lincoln Cent 107258_103 Reverse.jpg",https://www.kaggle.com/datasets/sergiosaharovskiy/uscoins,CC0: Public Domain
img_001036,USA,Penny,Lincoln Cent,,,Reverse,"coins/Lincoln Cents, 1909-Date/Lincoln Cent 69935_45 Reverse.jpg",https://www.kaggle.com/datasets/sergiosaharovskiy/uscoins,CC0: Public Domain
img_001037,USA,Penny,Lincoln Cent,,,Reverse,"coins/Lincoln Cents, 1909-Date/Lincoln Cent 47672_149 Reverse.jpg",https://www.kaggle.com/datasets/sergiosaharovskiy/uscoins,CC0: Public Domain
img_001038,USA,Penny,Lincoln Cent,,,Reverse,"coins/Lincoln Cents, 1909-Date/Lincoln Cent 41463_57 Reverse.jpg",https://www.kaggle.com/datasets/sergiosaharovskiy/uscoins,CC0: Public Domain
img_001039,USA,Penny,Lincoln Cent,,,Obverse,"coins/Lincoln Cents, 1909-Date/Lincoln Cent 41463_66 Obverse.jpg",https://www.kaggle.com/datasets/sergiosaharovskiy/uscoins,CC0: Public Domain
img_001040,USA,Penny,Lincoln Cent,,,Obverse,"coins/Lincoln Cents, 1909-Date/Lincoln Cent 37633_205 Obverse.jpg",https://www.kaggle.com/datasets/sergiosaharovskiy/uscoins,CC0: Public Domain
img_001041,USA,Penny,Lincoln Cent,,,Obverse,"coins/Lincoln Cents, 1909-Date/Lincoln Cent 47672_168 Obverse.jpg",https://www.kaggle.com/datasets/sergiosaharovskiy/uscoins,CC0: Public Domain
img_001042,USA,Penny,Lincoln Cent,,,Reverse,"coins/Lincoln Cents, 1909-Date/Lincoln Cent 37633_215 Reverse.jpg",https://www.kaggle.com/datasets/sergiosaharovskiy/uscoins,CC0: Public Domain
img_001043,USA,Penny,Lincoln Cent,,,Reverse,"coins/Lincoln Cents, 1909-Date/Lincoln Cent 37633_146 Reverse.jpg",https://www.kaggle.com/datasets/sergiosaharovskiy/uscoins,CC0: Public Domain
img_001044,USA,Penny,Lincoln Cent,,,Reverse,"coins/Lincoln Cents, 1909-Date/Lincoln Cent 2445_0 Reverse.jpg",https://www.kaggle.com/datasets/sergiosaharovskiy/uscoins,CC0: Public Domain
img_001045,USA,Penny,Lincoln Cent,,,Obverse,"coins/Lincoln Cents, 1909-Date/Lincoln Cent 320686_69 Obverse.jpg",https://www.kaggle.com/datasets/sergiosaharovskiy/uscoins,CC0: Public Domain
img_001046,USA,Penny,Lincoln Cent,,,Reverse,"coins/Lincoln Cents, 1909-Date/Lincoln Cent 47672_8 Reverse.jpg",https://www.kaggle.com/datasets/sergiosaharovskiy/uscoins,CC0: Public Domain
img_001047,USA,Penny,Lincoln Cent,,,Obverse,"coins/Lincoln Cents, 1909-Date/Lincoln Cent 47672_32 Obverse.jpg",https://www.kaggle.com/datasets/sergiosaharovskiy/uscoins,CC0: Public Domain
img_001048,USA,Penny,Lincoln Cent,,,Reverse,"coins/Lincoln Cents, 1909-Date/Lincoln Cent 320686_159 Reverse.jpg",https://www.kaggle.com/datasets/sergiosaharovskiy/uscoins,CC0: Public Domain
img_001049,USA,Penny,Lincoln Cent,,,Obverse,"coins/Lincoln Cents, 1909-Date/Lincoln Cent 320686_26 Obverse.jpg",https://www.kaggle.com/datasets/sergiosaharovskiy/uscoins,CC0: Public Domain
img_001050,USA,Penny,Lincoln Cent,,,Obverse,"coins/Lincoln Cents, 1909-Date/Lincoln Cent 107258_47 Obverse.jpg",https://www.kaggle.com/datasets/sergiosaharovskiy/uscoins,CC0: Public Domain
img_001051,USA,Penny,Lincoln Cent,,,Obverse,"coins/Lincoln Cents, 1909-Date/Lincoln Cent 37633_34 Obverse.jpg",https://www.kaggle.com/datasets/sergiosaharovskiy/uscoins,CC0: Public Domain
img_001052,USA,Penny,Lincoln Cent,,,Obverse,"coins/Lincoln Cents, 1909-Date/Lincoln Cent 47672_58 Obverse.jpg",https://www.kaggle.com/datasets/sergiosaharovskiy/uscoins,CC0: Public Domain
img_001053,USA,Penny,Lincoln Cent,,,Reverse,"coins/Lincoln Cents, 1909-Date/Lincoln Cent 47672_158 Reverse.jpg",https://www.kaggle.com/datasets/sergiosaharovskiy/uscoins,CC0: Public Domain
img_001054,USA,Penny,Lincoln Cent,,,Obverse,"coins/Lincoln Cents, 1909-Date/Lincoln Cent 2445_54 Obverse.jpg",https://www.kaggle.com/datasets/sergiosaharovskiy/uscoins,CC0: Public Domain
img_001055,USA,Penny,Lincoln Cent,,,Reverse,"coins/Lincoln Cents, 1909-Date/Lincoln Cent 320686_156 Reverse.jpg",https://www.kaggle.com/datasets/sergiosaharovskiy/uscoins,CC0: Public Domain
img_001056,USA,Penny,Lincoln Cent,,,Reverse,"coins/Lincoln Cents, 1909-Date/Lincoln Cent 37633_85 Reverse.jpg",https://www.kaggle.com/datasets/sergiosaharovskiy/uscoins,CC0: Public Domain
img_001057,USA,Penny,Lincoln Cent,,,Reverse,"coins/Lincoln Cents, 1909-Date/Lincoln Cent 2445_318 Reverse.jpg",https://www.kaggle.com/datasets/sergiosaharovskiy/uscoins,CC0: Public Domain
img_001058,USA,Penny,Lincoln Cent,,,Obverse,"coins/Lincoln Cents, 1909-Date/Lincoln Cent 2445_251 Obverse.jpg",https://www.kaggle.com/datasets/sergiosaharovskiy/uscoins,CC0: Public Domain
img_001059,USA,Penny,Lincoln Cent,,,Obverse,"coins/Lincoln Cents, 1909-Date/Lincoln Cent 47672_41 Obverse.jpg",https://www.kaggle.com/datasets/sergiosaharovskiy/uscoins,CC0: Public Domain
img_001060,USA,Penny,Lincoln Cent,,,Obverse,"coins/Lincoln Cents, 1909-Date/Lincoln Cent 2445_93 Obverse.jpg",https://www.kaggle.com/datasets/sergiosaharovskiy/uscoins,CC0: Public Domain
img_001061,USA,Penny,Lincoln Cent,,,Reverse,"coins/Lincoln Cents, 1909-Date/Lincoln Cent 37633_224 Reverse.jpg",https://www.kaggle.com/datasets/sergiosaharovskiy/uscoins,CC0: Public Domain
img_001062,USA,Penny,Lincoln Cent,,,Reverse,"coins/Lincoln Cents, 1909-Date/Lincoln Cent 41463_12 Reverse.jpg",https://www.kaggle.com/datasets/sergiosaharovskiy/uscoins,CC0: Public Domain
img_001063,USA,Penny,Lincoln Cent,,,Obverse,"coins/Lincoln Cents, 1909-Date/Lincoln Cent 37633_2 Obverse.jpg",https://www.kaggle.com/datasets/sergiosaharovskiy/uscoins,CC0: Public Domain
img_001064,USA,Penny,Lincoln Cent,,,Obverse,"coins/Lincoln Cents, 1909-Date/Lincoln Cent 47672_31 Obverse.jpg",https://www.kaggle.com/datasets/sergiosaharovskiy/uscoins,CC0: Public Domain
img_001065,USA,Penny,Lincoln Cent,,,Reverse,"coins/Lincoln Cents, 1909-Date/Lincoln Cent 2445_400 Reverse.jpg",https://www.kaggle.com/datasets/sergiosaharovskiy/uscoins,CC0: Public Domain
img_001066,USA,Penny,Lincoln Cent,,,Reverse,"coins/Lincoln Cents, 1909-Date/Lincoln Cent 320686_82 Reverse.jpg",https://www.kaggle.com/datasets/sergiosaharovskiy/uscoins,CC0: Public Domain
img_001067,USA,Penny,Lincoln Cent,,,Obverse,"coins/Lincoln Cents, 1909-Date/Lincoln Cent 2445_25 Obverse.jpg",https://www.kaggle.com/datasets/sergiosaharovskiy/uscoins,CC0: Public Domain
img_001068,USA,Penny,Lincoln Cent,,,Reverse,"coins/Lincoln Cents, 1909-Date/Lincoln Cent 37633_57 Reverse.jpg",https://www.kaggle.com/datasets/sergiosaharovskiy/uscoins,CC0: Public Domain
img_001069,USA,Penny,Lincoln Cent,,,Reverse,"coins/Lincoln Cents, 1909-Date/Lincoln Cent 2445_271 Reverse.jpg",https://www.kaggle.com/datasets/sergiosaharovskiy/uscoins,CC0: Public Domain
img_001070,USA,Penny,Lincoln Cent,,,Reverse,"coins/Lincoln Cents, 1909-Date/Lincoln Cent 37633_151 Reverse.jpg",https://www.kaggle.com/datasets/sergiosaharovskiy/uscoins,CC0: Public Domain
img_001071,USA,Penny,Lincoln Cent,,,Obverse,"coins/Lincoln Cents, 1909-Date/Lincoln Cent 107258_12 Obverse.jpg",https://www.kaggle.com/datasets/sergiosaharovskiy/uscoins,CC0: Public Domain
img_001072,USA,Penny,Lincoln Cent,,,Obverse,"coins/Lincoln Cents, 1909-Date/Lincoln Cent 69935_86 Obverse.jpg",https://www.kaggle.com/datasets/sergiosaharovskiy/uscoins,CC0: Public Domain
img_001073,USA,Penny,Lincoln Cent,,,Reverse,"coins/Lincoln Cents, 1909-Date/Lincoln Cent 37633_113 Reverse.jpg",https://www.kaggle.com/datasets/sergiosaharovskiy/uscoins,CC0: Public Domain
img_001074,USA,Penny,Lincoln Cent,,,Obverse,"coins/Lincoln Cents, 1909-Date/Lincoln Cent 2445_134 Obverse.jpg",https://www.kaggle.com/datasets/sergiosaharovskiy/uscoins,CC0: Public Domain
img_001075,USA,Penny,Lincoln Cent,,,Obverse,"coins/Lincoln Cents, 1909-Date/Lincoln Cent 47672_83 Obverse.jpg",https://www.kaggle.com/datasets/sergiosaharovskiy/uscoins,CC0: Public Domain
img_001076,USA,Penny,Lincoln Cent,,,Reverse,"coins/Lincoln Cents, 1909-Date/Lincoln Cent 2445_306 Reverse.jpg",https://www.kaggle.com/datasets/sergiosaharovskiy/uscoins,CC0: Public Domain
img_001077,USA,Penny,Lincoln Cent,,,Reverse,"coins/Lincoln Cents, 1909-Date/Lincoln Cent 47672_115 Reverse.jpg",https://www.kaggle.com/datasets/sergiosaharovskiy/uscoins,CC0: Public Domain
img_001078,USA,Penny,Lincoln Cent,,,Reverse,"coins/Lincoln Cents, 1909-Date/Lincoln Cent 320686_41 Reverse.jpg",https://www.kaggle.com/datasets/sergiosaharovskiy/uscoins,CC0: Public Domain
img_001079,USA,Penny,Lincoln Cent,,,Reverse,"coins/Lincoln Cents, 1909-Date/Lincoln Cent 107258_33 Reverse.jpg",https://www.kaggle.com/datasets/sergiosaharovskiy/uscoins,CC0: Public Domain
img_001080,USA,Penny,Lincoln Cent,,,Reverse,"coins/Lincoln Cents, 1909-Date/Lincoln Cent 37633_117 Reverse.jpg",https://www.kaggle.com/datasets/sergiosaharovskiy/uscoins,CC0: Public Domain
img_001081,USA,Penny,Lincoln Cent,,,Reverse,"coins/Lincoln Cents, 1909-Date/Lincoln Cent 2445_267 Reverse.jpg",https://www.kaggle.com/datasets/sergiosaharovskiy/uscoins,CC0: Public Domain
img_001082,USA,Penny,Lincoln Cent,,,Obverse,"coins/Lincoln Cents, 1909-Date/Lincoln Cent 2445_367 Obverse.jpg",https://www.kaggle.com/datasets/sergiosaharovskiy/uscoins,CC0: Public Domain
img_001083,USA,Penny,Lincoln Cent,,,Reverse,"coins/Lincoln Cents, 1909-Date/Lincoln Cent 320686_47 Reverse.jpg",https://www.kaggle.com/datasets/sergiosaharovskiy/uscoins,CC0: Public Domain
img_001084,USA,Penny,Lincoln Cent,,,Obverse,"coins/Lincoln Cents, 1909-Date/Lincoln Cent 107258_50 Obverse.jpg",https://www.kaggle.com/datasets/sergiosaharovskiy/uscoins,CC0: Public Domain
img_001085,USA,Penny,Lincoln Cent,,,Reverse,"coins/Lincoln Cents, 1909-Date/Lincoln Cent 2445_395 Reverse.jpg",https://www.kaggle.com/datasets/sergiosaharovskiy/uscoins,CC0: Public Domain
img_001086,USA,Penny,Lincoln Cent,,,Reverse,"coins/Lincoln Cents, 1909-Date/Lincoln Cent 2445_227 Reverse.jpg",https://www.kaggle.com/datasets/sergiosaharovskiy/uscoins,CC0: Public Domain
img_001087,USA,Penny,Lincoln Cent,,,Reverse,"coins/Lincoln Cents, 1909-Date/Lincoln Cent 47672_197 Reverse.jpg",https://www.kaggle.com/datasets/sergiosaharovskiy/uscoins,CC0: Public Domain
img_001088,USA,Penny,Lincoln Cent,,,Reverse,"coins/Lincoln Cents, 1909-Date/Lincoln Cent 2445_390 Reverse.jpg",https://www.kaggle.com/datasets/sergiosaharovskiy/uscoins,CC0: Public Domain
img_001089,USA,Penny,Lincoln Cent,,,Reverse,"coins/Lincoln Cents, 1909-Date/Lincoln Cent 47672_212 Reverse.jpg",https://www.kaggle.com/datasets/sergiosaharovskiy/uscoins,CC0: Public Domain
img_001090,USA,Penny,Lincoln Cent,,,Obverse,"coins/Lincoln Cents, 1909-Date/Lincoln Cent 37633_189 Obverse.jpg",https://www.kaggle.com/datasets/sergiosaharovskiy/uscoins,CC0: Public Domain
img_001091,USA,Penny,Lincoln Cent,,,Reverse,"coins/Lincoln Cents, 1909-Date/Lincoln Cent 37633_108 Reverse.jpg",https://www.kaggle.com/datasets/sergiosaharovskiy/uscoins,CC0: Public Domain
img_001092,USA,Penny,Lincoln Cent,,,Reverse,"coins/Lincoln Cents, 1909-Date/Lincoln Cent 2445_57 Reverse.jpg",https://www.kaggle.com/datasets/sergiosaharovskiy/uscoins,CC0: Public Domain
img_001093,USA,Penny,Lincoln Cent,,,Obverse,"coins/Lincoln Cents, 1909-Date/Lincoln Cent 37633_181 Obverse.jpg",https://www.kaggle.com/datasets/sergiosaharovskiy/uscoins,CC0: Public Domain
img_001094,USA,Penny,Lincoln Cent,,,Obverse,"coins/Lincoln Cents, 1909-Date/Lincoln Cent 2445_290 Obverse.jpg",https://www.kaggle.com/datasets/sergiosaharovskiy/uscoins,CC0: Public Domain
img_001095,USA,Penny,Lincoln Cent,,,Reverse,"coins/Lincoln Cents, 1909-Date/Lincoln Cent 69935_4 Reverse.jpg",https://www.kaggle.com/datasets/sergiosaharovskiy/uscoins,CC0: Public Domain
img_001096,USA,Penny,Lincoln Cent,,,Obverse,"coins/Lincoln Cents, 1909-Date/Lincoln Cent 37633_13 Obverse.jpg",https://www.kaggle.com/datasets/sergiosaharovskiy/uscoins,CC0: Public Domain
img_001097,USA,Penny,Lincoln Cent,,,Reverse,"coins/Lincoln Cents, 1909-Date/Lincoln Cent 2445_11 Reverse.jpg",https://www.kaggle.com/datasets/sergiosaharovskiy/uscoins,CC0: Public Domain
img_001098,USA,Penny,Lincoln Cent,,,Obverse,"coins/Lincoln Cents, 1909-Date/Lincoln Cent 107258_70 Obverse.jpg",https://www.kaggle.com/datasets/sergiosaharovskiy/uscoins,CC0: Public Domain
img_001099,USA,Penny,Lincoln Cent,,,Reverse,"coins/Lincoln Cents, 1909-Date/Lincoln Cent 107258_5 Reverse.jpg",https://www.kaggle.com/datasets/sergiosaharovskiy/uscoins,CC0: Public Domain
img_001100,USA,Penny,Lincoln Cent,,,Obverse,"coins/Lincoln Cents, 1909-Date/Lincoln Cent 2445_142 Obverse.jpg",https://www.kaggle.com/datasets/sergiosaharovskiy/uscoins,CC0: Public Domain
img_001101,USA,Penny,Lincoln Cent,,,Obverse,"coins/Lincoln Cents, 1909-Date/Lincoln Cent 37633_161 Obverse.jpg",https://www.kaggle.com/datasets/sergiosaharovskiy/uscoins,CC0: Public Domain
img_001102,USA,Penny,Lincoln Cent,,,Obverse,"coins/Lincoln Cents, 1909-Date/Lincoln Cent 107258_58 Obverse.jpg",https://www.kaggle.com/datasets/sergiosaharovskiy/uscoins,CC0: Public Domain
img_001103,USA,Penny,Lincoln Cent,,,Reverse,"coins/Lincoln Cents, 1909-Date/Lincoln Cent 37633_121 Reverse.jpg",https://www.kaggle.com/datasets/sergiosaharovskiy/uscoins,CC0: Public Domain
img_001104,USA,Penny,Lincoln Cent,,,Obverse,"coins/Lincoln Cents, 1909-Date/Lincoln Cent 2445_414 Obverse.jpg",https://www.kaggle.com/datasets/sergiosaharovskiy/uscoins,CC0: Public Domain
img_001105,USA,Penny,Lincoln Cent,,,Obverse,"coins/Lincoln Cents, 1909-Date/Lincoln Cent 320686_19 Obverse.jpg",https://www.kaggle.com/datasets/sergiosaharovskiy/uscoins,CC0: Public Domain
img_001106,USA,Penny,Lincoln Cent,,,Obverse,"coins/Lincoln Cents, 1909-Date/Lincoln Cent 37633_7 Obverse.jpg",https://www.kaggle.com/datasets/sergiosaharovskiy/uscoins,CC0: Public Domain
img_001107,USA,Penny,Lincoln Cent,,,Reverse,"coins/Lincoln Cents, 1909-Date/Lincoln Cent 47672_228 Reverse.jpg",https://www.kaggle.com/datasets/sergiosaharovskiy/uscoins,CC0: Public Domain
img_001108,USA,Penny,Lincoln Cent,,,Obverse,"coins/Lincoln Cents, 1909-Date/Lincoln Cent 37633_15 Obverse.jpg",https://www.kaggle.com/datasets/sergiosaharovskiy/uscoins,CC0: Public Domain
img_001109,USA,Penny,Lincoln Cent,,,Obverse,"coins/Lincoln Cents, 1909-Date/Lincoln Cent 37633_147 Obverse.jpg",https://www.kaggle.com/datasets/sergiosaharovskiy/uscoins,CC0: Public Domain
img_001110,USA,Penny,Lincoln Cent,,,Reverse,"coins/Lincoln Cents, 1909-Date/Lincoln Cent 37633_120 Reverse.jpg",https://www.kaggle.com/datasets/sergiosaharovskiy/uscoins,CC0: Public Domain
img_001111,USA,Penny,Lincoln Cent,,,Obverse,"coins/Lincoln Cents, 1909-Date/Lincoln Cent 2445_341 Obverse.jpg",https://www.kaggle.com/datasets/sergiosaharovskiy/uscoins,CC0: Public Domain
img_001112,USA,Penny,Lincoln Cent,,,Obverse,"coins/Lincoln Cents, 1909-Date/Lincoln Cent 320686_104 Obverse.jpg",https://www.kaggle.com/datasets/sergiosaharovskiy/uscoins,CC0: Public Domain
img_001113,USA,Penny,Lincoln Cent,,,Obverse,"coins/Lincoln Cents, 1909-Date/Lincoln Cent 37633_12 Obverse.jpg",https://www.kaggle.com/datasets/sergiosaharovskiy/uscoins,CC0: Public Domain
img_001114,USA,Penny,Lincoln Cent,,,Obverse,"coins/Lincoln Cents, 1909-Date/Lincoln Cent 2445_292 Obverse.jpg",https://www.kaggle.com/datasets/sergiosaharovskiy/uscoins,CC0: Public Domain
img_001115,USA,Penny,Lincoln Cent,,,Reverse,"coins/Lincoln Cents, 1909-Date/Lincoln Cent 2445_182 Reverse.jpg",https://www.kaggle.com/datasets/sergiosaharovskiy/uscoins,CC0: Public Domain
img_001116,USA,Penny,Lincoln Cent,,,Reverse,"coins/Lincoln Cents, 1909-Date/Lincoln Cent 2445_177 Reverse.jpg",https://www.kaggle.com/datasets/sergiosaharovskiy/uscoins,CC0: Public Domain
img_001117,USA,Penny,Lincoln Cent,,,Reverse,"coins/Lincoln Cents, 1909-Date/Lincoln Cent 37633_78 Reverse.jpg",https://www.kaggle.com/datasets/sergiosaharovskiy/uscoins,CC0: Public Domain
img_001118,USA,Penny,Lincoln Cent,,,Obverse,"coins/Lincoln Cents, 1909-Date/Lincoln Cent 320686_116 Obverse.jpg",https://www.kaggle.com/datasets/sergiosaharovskiy/uscoins,CC0: Public Domain
img_001119,USA,Penny,Lincoln Cent,,,Reverse,"coins/Lincoln Cents, 1909-Date/Lincoln Cent 47672_214 Reverse.jpg",https://www.kaggle.com/datasets/sergiosaharovskiy/uscoins,CC0: Public Domain
img_001120,USA,Penny,Lincoln Cent,,,Reverse,"coins/Lincoln Cents, 1909-Date/Lincoln Cent 107258_91 Reverse.jpg",https://www.kaggle.com/datasets/sergiosaharovskiy/uscoins,CC0: Public Domain
img_001121,USA,Penny,Lincoln Cent,,,Obverse,"coins/Lincoln Cents, 1909-Date/Lincoln Cent 47672_91 Obverse.jpg",https://www.kaggle.com/datasets/sergiosaharovskiy/uscoins,CC0: Public Domain
img_001122,USA,Penny,Lincoln Cent,,,Obverse,"coins/Lincoln Cents, 1909-Date/Lincoln Cent 47672_232 Obverse.jpg",https://www.kaggle.com/datasets/sergiosaharovskiy/uscoins,CC0: Public Domain
img_001123,USA,Penny,Lincoln Cent,,,Obverse,"coins/Lincoln Cents, 1909-Date/Lincoln Cent 2445_402 Obverse.jpg",https://www.kaggle.com/datasets/sergiosaharovskiy/uscoins,CC0: Public Domain
img_001124,USA,Penny,Lincoln Cent,,,Reverse,"coins/Lincoln Cents, 1909-Date/Lincoln Cent 69935_53 Reverse.jpg",https://www.kaggle.com/datasets/sergiosaharovskiy/uscoins,CC0: Public Domain
img_001125,USA,Penny,Lincoln Cent,,,Reverse,"coins/Lincoln Cents, 1909-Date/Lincoln Cent 69935_32 Reverse.jpg",https://www.kaggle.com/datasets/sergiosaharovskiy/uscoins,CC0: Public Domain
img_001126,USA,Penny,Lincoln Cent,,,Obverse,"coins/Lincoln Cents, 1909-Date/Lincoln Cent 37633_20 Obverse.jpg",https://www.kaggle.com/datasets/sergiosaharovskiy/uscoins,CC0: Public Domain
img_001127,USA,Penny,Lincoln Cent,,,Obverse,"coins/Lincoln Cents, 1909-Date/Lincoln Cent 41463_72 Obverse.jpg",https://www.kaggle.com/datasets/sergiosaharovskiy/uscoins,CC0: Public Domain
img_001128,USA,Penny,Lincoln Cent,,,Obverse,"coins/Lincoln Cents, 1909-Date/Lincoln Cent 47672_155 Obverse.jpg",https://www.kaggle.com/datasets/sergiosaharovskiy/uscoins,CC0: Public Domain
img_001129,USA,Penny,Lincoln Cent,,,Obverse,"coins/Lincoln Cents, 1909-Date/Lincoln Cent 41463_17 Obverse.jpg",https://www.kaggle.com/datasets/sergiosaharovskiy/uscoins,CC0: Public Domain
img_001130,USA,Penny,Lincoln Cent,,,Reverse,"coins/Lincoln Cents, 1909-Date/Lincoln Cent 320686_114 Reverse.jpg",https://www.kaggle.com/datasets/sergiosaharovskiy/uscoins,CC0: Public Domain
img_001131,USA,Penny,Lincoln Cent,,,Obverse,"coins/Lincoln Cents, 1909-Date/Lincoln Cent 37633_187 Obverse.jpg",https://www.kaggle.com/datasets/sergiosaharovskiy/uscoins,CC0: Public Domain
img_001132,USA,Penny,Lincoln Cent,,,Reverse,"coins/Lincoln Cents, 1909-Date/Lincoln Cent 37633_25 Reverse.jpg",https://www.kaggle.com/datasets/sergiosaharovskiy/uscoins,CC0: Public Domain
img_001133,USA,Penny,Lincoln Cent,,,Obverse,"coins/Lincoln Cents, 1909-Date/Lincoln Cent 37633_186 Obverse.jpg",https://www.kaggle.com/datasets/sergiosaharovskiy/uscoins,CC0: Public Domain
img_001134,USA,Penny,Lincoln Cent,,,Obverse,"coins/Lincoln Cents, 1909-Date/Lincoln Cent 37633_139 Obverse.jpg",https://www.kaggle.com/datasets/sergiosaharovskiy/uscoins,CC0: Public Domain
img_001135,USA,Penny,Lincoln Cent,,,Reverse,"coins/Lincoln Cents, 1909-Date/Lincoln Cent 47672_55 Reverse.jpg",https://www.kaggle.com/datasets/sergiosaharovskiy/uscoins,CC0: Public Domain
img_001136,USA,Penny,Lincoln Cent,,,Reverse,"coins/Lincoln Cents, 1909-Date/Lincoln Cent 41463_37 Reverse.jpg",https://www.kaggle.com/datasets/sergiosaharovskiy/uscoins,CC0: Public Domain
img_001137,USA,Penny,Lincoln Cent,,,Reverse,"coins/Lincoln Cents, 1909-Date/Lincoln Cent 37633_37 Reverse.jpg",https://www.kaggle.com/datasets/sergiosaharovskiy/uscoins,CC0: Public Domain
img_001138,USA,Penny,Lincoln Cent,,,Reverse,"coins/Lincoln Cents, 1909-Date/Lincoln Cent 320686_66 Reverse.jpg",https://www.kaggle.com/datasets/sergiosaharovskiy/uscoins,CC0: Public Domain
img_001139,USA,Penny,Lincoln Cent,,,Obverse,"coins/Lincoln Cents, 1909-Date/Lincoln Cent 37633_66 Obverse.jpg",https://www.kaggle.com/datasets/sergiosaharovskiy/uscoins,CC0: Public Domain
img_001140,USA,Penny,Lincoln Cent,,,Obverse,"coins/Lincoln Cents, 1909-Date/Lincoln Cent 69935_107 Obverse.jpg",https://www.kaggle.com/datasets/sergiosaharovskiy/uscoins,CC0: Public Domain
img_001141,USA,Penny,Lincoln Cent,,,Reverse,"coins/Lincoln Cents, 1909-Date/Lincoln Cent 37633_214 Reverse.jpg",https://www.kaggle.com/datasets/sergiosaharovskiy/uscoins,CC0: Public Domain
img_001142,USA,Penny,Lincoln Cent,,,Obverse,"coins/Lincoln Cents, 1909-Date/Lincoln Cent 37633_162 Obverse.jpg",https://www.kaggle.com/datasets/sergiosaharovskiy/uscoins,CC0: Public Domain
img_001143,USA,Penny,Lincoln Cent,,,Obverse,"coins/Lincoln Cents, 1909-Date/Lincoln Cent 69935_37 Obverse.jpg",https://www.kaggle.com/datasets/sergiosaharovskiy/uscoins,CC0: Public Domain
img_001144,USA,Penny,Lincoln Cent,,,Reverse,"coins/Lincoln Cents, 1909-Date/Lincoln Cent 37633_56 Reverse.jpg",https://www.kaggle.com/datasets/sergiosaharovskiy/uscoins,CC0: Public Domain
img_001145,USA,Penny,Lincoln Cent,,,Reverse,"coins/Lincoln Cents, 1909-Date/Lincoln Cent 47672_111 Reverse.jpg",https://www.kaggle.com/datasets/sergiosaharovskiy/uscoins,CC0: Public Domain
img_001146,USA,Penny,Lincoln Cent,,,Reverse,"coins/Lincoln Cents, 1909-Date/Lincoln Cent 47672_222 Reverse.jpg",https://www.kaggle.com/datasets/sergiosaharovskiy/uscoins,CC0: Public Domain
img_001147,USA,Penny,Lincoln Cent,,,Obverse,"coins/Lincoln Cents, 1909-Date/Lincoln Cent 2445_122 Obverse.jpg",https://www.kaggle.com/datasets/sergiosaharovskiy/uscoins,CC0: Public Domain
img_001148,USA,Penny,Lincoln Cent,,,Obverse,"coins/Lincoln Cents, 1909-Date/Lincoln Cent 37633_50 Obverse.jpg",https://www.kaggle.com/datasets/sergiosaharovskiy/uscoins,CC0: Public Domain
img_001149,USA,Penny,Lincoln Cent,,,Reverse,"coins/Lincoln Cents, 1909-Date/Lincoln Cent 69935_48 Reverse.jpg",https://www.kaggle.com/datasets/sergiosaharovskiy/uscoins,CC0: Public Domain
img_001150,USA,Penny,Lincoln Cent,,,Reverse,"coins/Lincoln Cents, 1909-Date/Lincoln Cent 37633_116 Reverse.jpg",https://www.kaggle.com/datasets/sergiosaharovskiy/uscoins,CC0: Public Domain
img_001151,USA,Penny,Lincoln Cent,,,Reverse,"coins/Lincoln Cents, 1909-Date/Lincoln Cent 47672_103 Reverse.jpg",https://www.kaggle.com/datasets/sergiosaharovskiy/uscoins,CC0: Public Domain
img_001152,USA,Penny,Lincoln Cent,,,Reverse,"coins/Lincoln Cents, 1909-Date/Lincoln Cent 2445_418 Reverse.jpg",https://www.kaggle.com/datasets/sergiosaharovskiy/uscoins,CC0: Public Domain
img_001153,USA,Penny,Lincoln Cent,,,Reverse,"coins/Lincoln Cents, 1909-Date/Lincoln Cent 2445_36 Reverse.jpg",https://www.kaggle.com/datasets/sergiosaharovskiy/uscoins,CC0: Public Domain
img_001154,USA,Penny,Lincoln Cent,,,Obverse,"coins/Lincoln Cents, 1909-Date/Lincoln Cent 47672_0 Obverse.jpg",https://www.kaggle.com/datasets/sergiosaharovskiy/uscoins,CC0: Public Domain
img_001155,USA,Penny,Lincoln Cent,,,Reverse,"coins/Lincoln Cents, 1909-Date/Lincoln Cent 47672_186 Reverse.jpg",https://www.kaggle.com/datasets/sergiosaharovskiy/uscoins,CC0: Public Domain
img_001156,USA,Penny,Lincoln Cent,,,Obverse,"coins/Lincoln Cents, 1909-Date/Lincoln Cent 37633_208 Obverse.jpg",https://www.kaggle.com/datasets/sergiosaharovskiy/uscoins,CC0: Public Domain
img_001157,USA,Penny,Lincoln Cent,,,Reverse,"coins/Lincoln Cents, 1909-Date/Lincoln Cent 2445_105 Reverse.jpg",https://www.kaggle.com/datasets/sergiosaharovskiy/uscoins,CC0: Public Domain
img_001158,USA,Penny,Lincoln Cent,,,Obverse,"coins/Lincoln Cents, 1909-Date/Lincoln Cent 47672_146 Obverse.jpg",https://www.kaggle.com/datasets/sergiosaharovskiy/uscoins,CC0: Public Domain
img_001159,USA,Penny,Lincoln Cent,,,Reverse,"coins/Lincoln Cents, 1909-Date/Lincoln Cent 2445_235 Reverse.jpg",https://www.kaggle.com/datasets/sergiosaharovskiy/uscoins,CC0: Public Domain
img_001160,USA,Penny,Lincoln Cent,,,Reverse,"coins/Lincoln Cents, 1909-Date/Lincoln Cent 2445_30 Reverse.jpg",https://www.kaggle.com/datasets/sergiosaharovskiy/uscoins,CC0: Public Domain
img_001161,USA,Penny,Lincoln Cent,,,Reverse,"coins/Lincoln Cents, 1909-Date/Lincoln Cent 320686_50 Reverse.jpg",https://www.kaggle.com/datasets/sergiosaharovskiy/uscoins,CC0: Public Domain
img_001162,USA,Penny,Lincoln Cent,,,Obverse,"coins/Lincoln Cents, 1909-Date/Lincoln Cent 2445_309 Obverse.jpg",https://www.kaggle.com/datasets/sergiosaharovskiy/uscoins,CC0: Public Domain
img_001163,USA,Penny,Lincoln Cent,,,Reverse,"coins/Lincoln Cents, 1909-Date/Lincoln Cent 47672_193 Reverse.jpg",https://www.kaggle.com/datasets/sergiosaharovskiy/uscoins,CC0: Public Domain
img_001164,USA,Penny,Lincoln Cent,,,Obverse,"coins/Lincoln Cents, 1909-Date/Lincoln Cent 69935_111 Obverse.jpg",https://www.kaggle.com/datasets/sergiosaharovskiy/uscoins,CC0: Public Domain
img_001165,USA,Penny,Lincoln Cent,,,Reverse,"coins/Lincoln Cents, 1909-Date/Lincoln Cent 37633_188 Reverse.jpg",https://www.kaggle.com/datasets/sergiosaharovskiy/uscoins,CC0: Public Domain
img_001166,USA,Penny,Lincoln Cent,,,Obverse,"coins/Lincoln Cents, 1909-Date/Lincoln Cent 107258_81 Obverse.jpg",https://www.kaggle.com/datasets/sergiosaharovskiy/uscoins,CC0: Public Domain
img_001167,USA,Penny,Lincoln Cent,,,Obverse,"coins/Lincoln Cents, 1909-Date/Lincoln Cent 37633_127 Obverse.jpg",https://www.kaggle.com/datasets/sergiosaharovskiy/uscoins,CC0: Public Domain
img_001168,USA,Penny,Lincoln Cent,,,Obverse,"coins/Lincoln Cents, 1909-Date/Lincoln Cent 47672_15 Obverse.jpg",https://www.kaggle.com/datasets/sergiosaharovskiy/uscoins,CC0: Public Domain
img_001169,USA,Penny,Lincoln Cent,,,Reverse,"coins/Lincoln Cents, 1909-Date/Lincoln Cent 69935_104 Reverse.jpg",https://www.kaggle.com/datasets/sergiosaharovskiy/uscoins,CC0: Public Domain
img_001170,USA,Penny,Lincoln Cent,,,Reverse,"coins/Lincoln Cents, 1909-Date/Lincoln Cent 47672_67 Reverse.jpg",https://www.kaggle.com/datasets/sergiosaharovskiy/uscoins,CC0: Public Domain
img_001171,USA,Penny,Lincoln Cent,,,Obverse,"coins/Lincoln Cents, 1909-Date/Lincoln Cent 69935_15 Obverse.jpg",https://www.kaggle.com/datasets/sergiosaharovskiy/uscoins,CC0: Public Domain
img_001172,USA,Penny,Lincoln Cent,,,Obverse,"coins/Lincoln Cents, 1909-Date/Lincoln Cent 2445_303 Obverse.jpg",https://www.kaggle.com/datasets/sergiosaharovskiy/uscoins,CC0: Public Domain
img_001173,USA,Penny,Lincoln Cent,,,Obverse,"coins/Lincoln Cents, 1909-Date/Lincoln Cent 37633_101 Obverse.jpg",https://www.kaggle.com/datasets/sergiosaharovskiy/uscoins,CC0: Public Domain
img_001174,USA,Penny,Lincoln Cent,,,Reverse,"coins/Lincoln Cents, 1909-Date/Lincoln Cent 2445_301 Reverse.jpg",https://www.kaggle.com/datasets/sergiosaharovskiy/uscoins,CC0: Public Domain
img_001175,USA,Penny,Lincoln Cent,,,Obverse,"coins/Lincoln Cents, 1909-Date/Lincoln Cent 2445_88 Obverse.jpg",https://www.kaggle.com/datasets/sergiosaharovskiy/uscoins,CC0: Public Domain
img_001176,USA,Penny,Lincoln Cent,,,Obverse,"coins/Lincoln Cents, 1909-Date/Lincoln Cent 2445_219 Obverse.jpg",https://www.kaggle.com/datasets/sergiosaharovskiy/uscoins,CC0: Public Domain
img_001177,USA,Penny,Lincoln Cent,,,Reverse,"coins/Lincoln Cents, 1909-Date/Lincoln Cent 47672_188 Reverse.jpg",https://www.kaggle.com/datasets/sergiosaharovskiy/uscoins,CC0: Public Domain
img_001178,USA,Penny,Lincoln Cent,,,Obverse,"coins/Lincoln Cents, 1909-Date/Lincoln Cent 320686_118 Obverse.jpg",https://www.kaggle.com/datasets/sergiosaharovskiy/uscoins,CC0: Public Domain
img_001179,USA,Penny,Lincoln Cent,,,Reverse,"coins/Lincoln Cents, 1909-Date/Lincoln Cent 320686_57 Reverse.jpg",https://www.kaggle.com/datasets/sergiosaharovskiy/uscoins,CC0: Public Domain
img_001180,USA,Penny,Lincoln Cent,,,Obverse,"coins/Lincoln Cents, 1909-Date/Lincoln Cent 69935_57 Obverse.jpg",https://www.kaggle.com/datasets/sergiosaharovskiy/uscoins,CC0: Public Domain
img_001181,USA,Penny,Lincoln Cent,,,Reverse,"coins/Lincoln Cents, 1909-Date/Lincoln Cent 69935_108 Reverse.jpg",https://www.kaggle.com/datasets/sergiosaharovskiy/uscoins,CC0: Public Domain
img_001182,USA,Penny,Lincoln Cent,,,Obverse,"coins/Lincoln Cents, 1909-Date/Lincoln Cent 47672_249 Obverse.jpg",https://www.kaggle.com/datasets/sergiosaharovskiy/uscoins,CC0: Public Domain
img_001183,USA,Penny,Lincoln Cent,,,Obverse,"coins/Lincoln Cents, 1909-Date/Lincoln Cent 37633_206 Obverse.jpg",https://www.kaggle.com/datasets/sergiosaharovskiy/uscoins,CC0: Public Domain
img_001184,USA,Penny,Lincoln Cent,,,Obverse,"coins/Lincoln Cents, 1909-Date/Lincoln Cent 2445_128 Obverse.jpg",https://www.kaggle.com/datasets/sergiosaharovskiy/uscoins,CC0: Public Domain
img_001185,USA,Penny,Lincoln Cent,,,Reverse,"coins/Lincoln Cents, 1909-Date/Lincoln Cent 37633_74 Reverse.jpg",https://www.kaggle.com/datasets/sergiosaharovskiy/uscoins,CC0: Public Domain
img_001186,USA,Penny,Lincoln Cent,,,Reverse,"coins/Lincoln Cents, 1909-Date/Lincoln Cent 69935_69 Reverse.jpg",https://www.kaggle.com/datasets/sergiosaharovskiy/uscoins,CC0: Public Domain
img_001187,USA,Penny,Lincoln Cent,,,Reverse,"coins/Lincoln Cents, 1909-Date/Lincoln Cent 37633_196 Reverse.jpg",https://www.kaggle.com/datasets/sergiosaharovskiy/uscoins,CC0: Public Domain
img_001188,USA,Penny,Lincoln Cent,,,Obverse,"coins/Lincoln Cents, 1909-Date/Lincoln Cent 37633_19 Obverse.jpg",https://www.kaggle.com/datasets/sergiosaharovskiy/uscoins,CC0: Public Domain
img_001189,USA,Penny,Lincoln Cent,,,Reverse,"coins/Lincoln Cents, 1909-Date/Lincoln Cent 47672_195 Reverse.jpg",https://www.kaggle.com/datasets/sergiosaharovskiy/uscoins,CC0: Public Domain
img_001190,USA,Penny,Lincoln Cent,,,Reverse,"coins/Lincoln Cents, 1909-Date/Lincoln Cent 2445_205 Reverse.jpg",https://www.kaggle.com/datasets/sergiosaharovskiy/uscoins,CC0: Public Domain
img_001191,USA,Penny,Lincoln Cent,,,Obverse,"coins/Lincoln Cents, 1909-Date/Lincoln Cent 37633_228 Obverse.jpg",https://www.kaggle.com/datasets/sergiosaharovskiy/uscoins,CC0: Public Domain
img_001192,USA,Penny,Lincoln Cent,,,Obverse,"coins/Lincoln Cents, 1909-Date/Lincoln Cent 37633_45 Obverse.jpg",https://www.kaggle.com/datasets/sergiosaharovskiy/uscoins,CC0: Public Domain
img_001193,USA,Penny,Lincoln Cent,,,Obverse,"coins/Lincoln Cents, 1909-Date/Lincoln Cent 69935_127 Obverse.jpg",https://www.kaggle.com/datasets/sergiosaharovskiy/uscoins,CC0: Public Domain
img_001194,USA,Penny,Lincoln Cent,,,Reverse,"coins/Lincoln Cents, 1909-Date/Lincoln Cent 37633_97 Reverse.jpg",https://www.kaggle.com/datasets/sergiosaharovskiy/uscoins,CC0: Public Domain
img_001195,USA,Penny,Lincoln Cent,,,Reverse,"coins/Lincoln Cents, 1909-Date/Lincoln Cent 47672_148 Reverse.jpg",https://www.kaggle.com/datasets/sergiosaharovskiy/uscoins,CC0: Public Domain
img_001196,USA,Penny,Lincoln Cent,,,Reverse,"coins/Lincoln Cents, 1909-Date/Lincoln Cent 107258_46 Reverse.jpg",https://www.kaggle.com/datasets/sergiosaharovskiy/uscoins,CC0: Public Domain
img_001197,USA,Penny,Lincoln Cent,,,Reverse,"coins/Lincoln Cents, 1909-Date/Lincoln Cent 320686_128 Reverse.jpg",https://www.kaggle.com/datasets/sergiosaharovskiy/uscoins,CC0: Public Domain
img_001198,USA,Penny,Lincoln Cent,,,Obverse,"coins/Lincoln Cents, 1909-Date/Lincoln Cent 2445_24 Obverse.jpg",https://www.kaggle.com/datasets/sergiosaharovskiy/uscoins,CC0: Public Domain
img_001199,USA,Penny,Lincoln Cent,,,Reverse,"coins/Lincoln Cents, 1909-Date/Lincoln Cent 2445_296 Reverse.jpg",https://www.kaggle.com/datasets/sergiosaharovskiy/uscoins,CC0: Public Domain
img_001200,USA,Penny,Lincoln Cent,,,Obverse,"coins/Lincoln Cents, 1909-Date/Lincoln Cent 47672_159 Obverse.jpg",https://www.kaggle.com/datasets/sergiosaharovskiy/uscoins,CC0: Public Domain
img_001201,USA,Penny,Lincoln Cent,,,Reverse,"coins/Lincoln Cents, 1909-Date/Lincoln Cent 37633_79 Reverse.jpg",https://www.kaggle.com/datasets/sergiosaharovskiy/uscoins,CC0: Public Domain
img_001202,USA,Penny,Lincoln Cent,,,Obverse,"coins/Lincoln Cents, 1909-Date/Lincoln Cent 69935_113 Obverse.jpg",https://www.kaggle.com/datasets/sergiosaharovskiy/uscoins,CC0: Public Domain
img_001203,USA,Penny,Lincoln Cent,,,Obverse,"coins/Lincoln Cents, 1909-Date/Lincoln Cent 37633_238 Obverse.jpg",https://www.kaggle.com/datasets/sergiosaharovskiy/uscoins,CC0: Public Domain
img_001204,USA,Penny,Lincoln Cent,,,Obverse,"coins/Lincoln Cents, 1909-Date/Lincoln Cent 2445_237 Obverse.jpg",https://www.kaggle.com/datasets/sergiosaharovskiy/uscoins,CC0: Public Domain
img_001205,USA,Penny,Lincoln Cent,,,Reverse,"coins/Lincoln Cents, 1909-Date/Lincoln Cent 2445_415 Reverse.jpg",https://www.kaggle.com/datasets/sergiosaharovskiy/uscoins,CC0: Public Domain
img_001206,USA,Penny,Lincoln Cent,,,Obverse,"coins/Lincoln Cents, 1909-Date/Lincoln Cent 2445_389 Obverse.jpg",https://www.kaggle.com/datasets/sergiosaharovskiy/uscoins,CC0: Public Domain
img_001207,USA,Penny,Lincoln Cent,,,Obverse,"coins/Lincoln Cents, 1909-Date/Lincoln Cent 2445_233 Obverse.jpg",https://www.kaggle.com/datasets/sergiosaharovskiy/uscoins,CC0: Public Domain
img_001208,USA,Penny,Lincoln Cent,,,Reverse,"coins/Lincoln Cents, 1909-Date/Lincoln Cent 37633_137 Reverse.jpg",https://www.kaggle.com/datasets/sergiosaharovskiy/uscoins,CC0: Public Domain
img_001209,USA,Penny,Lincoln Cent,,,Reverse,"coins/Lincoln Cents, 1909-Date/Lincoln Cent 2445_100 Reverse.jpg",https://www.kaggle.com/datasets/sergiosaharovskiy/uscoins,CC0: Public Domain
img_001210,USA,Penny,Lincoln Cent,,,Reverse,"coins/Lincoln Cents, 1909-Date/Lincoln Cent 47672_213 Reverse.jpg",https://www.kaggle.com/datasets/sergiosaharovskiy/uscoins,CC0: Public Domain
img_001211,USA,Penny,Lincoln Cent,,,Obverse,"coins/Lincoln Cents, 1909-Date/Lincoln Cent 2445_382 Obverse.jpg",https://www.kaggle.com/datasets/sergiosaharovskiy/uscoins,CC0: Public Domain
img_001212,USA,Penny,Lincoln Cent,,,Obverse,"coins/Lincoln Cents, 1909-Date/Lincoln Cent 37633_124 Obverse.jpg",https://www.kaggle.com/datasets/sergiosaharovskiy/uscoins,CC0: Public Domain
img_001213,USA,Penny,Lincoln Cent,,,Reverse,"coins/Lincoln Cents, 1909-Date/Lincoln Cent 69935_123 Reverse.jpg",https://www.kaggle.com/datasets/sergiosaharovskiy/uscoins,CC0: Public Domain
img_001214,USA,Penny,Lincoln Cent,,,Obverse,"coins/Lincoln Cents, 1909-Date/Lincoln Cent 69935_125 Obverse.jpg",https://www.kaggle.com/datasets/sergiosaharovskiy/uscoins,CC0: Public Domain
img_001215,USA,Penny,Lincoln Cent,,,Reverse,"coins/Lincoln Cents, 1909-Date/Lincoln Cent 47672_16 Reverse.jpg",https://www.kaggle.com/datasets/sergiosaharovskiy/uscoins,CC0: Public Domain
img_001216,USA,Penny,Lincoln Cent,,,Obverse,"coins/Lincoln Cents, 1909-Date/Lincoln Cent 37633_14 Obverse.jpg",https://www.kaggle.com/datasets/sergiosaharovskiy/uscoins,CC0: Public Domain
img_001217,USA,Penny,Lincoln Cent,,,Obverse,"coins/Lincoln Cents, 1909-Date/Lincoln Cent 37633_96 Obverse.jpg",https://www.kaggle.com/datasets/sergiosaharovskiy/uscoins,CC0: Public Domain
img_001218,USA,Penny,Lincoln Cent,,,Obverse,"coins/Lincoln Cents, 1909-Date/Lincoln Cent 2445_90 Obverse.jpg",https://www.kaggle.com/datasets/sergiosaharovskiy/uscoins,CC0: Public Domain
img_001219,USA,Penny,Lincoln Cent,,,Obverse,"coins/Lincoln Cents, 1909-Date/Lincoln Cent 320686_2 Obverse.jpg",https://www.kaggle.com/datasets/sergiosaharovskiy/uscoins,CC0: Public Domain
img_001220,USA,Penny,Lincoln Cent,,,Reverse,"coins/Lincoln Cents, 1909-Date/Lincoln Cent 47672_143 Reverse.jpg",https://www.kaggle.com/datasets/sergiosaharovskiy/uscoins,CC0: Public Domain
img_001221,USA,Penny,Lincoln Cent,,,Obverse,"coins/Lincoln Cents, 1909-Date/Lincoln Cent 47672_93 Obverse.jpg",https://www.kaggle.com/datasets/sergiosaharovskiy/uscoins,CC0: Public Domain
img_001222,USA,Penny,Lincoln Cent,,,Reverse,"coins/Lincoln Cents, 1909-Date/Lincoln Cent 69935_51 Reverse.jpg",https://www.kaggle.com/datasets/sergiosaharovskiy/uscoins,CC0: Public Domain
img_001223,USA,Penny,Lincoln Cent,,,Obverse,"coins/Lincoln Cents, 1909-Date/Lincoln Cent 2445_77 Obverse.jpg",https://www.kaggle.com/datasets/sergiosaharovskiy/uscoins,CC0: Public Domain
img_001224,USA,Penny,Lincoln Cent,,,Reverse,"coins/Lincoln Cents, 1909-Date/Lincoln Cent 107258_59 Reverse.jpg",https://www.kaggle.com/datasets/sergiosaharovskiy/uscoins,CC0: Public Domain
img_001225,USA,Penny,Lincoln Cent,,,Obverse,"coins/Lincoln Cents, 1909-Date/Lincoln Cent 2445_238 Obverse.jpg",https://www.kaggle.com/datasets/sergiosaharovskiy/uscoins,CC0: Public Domain
img_001226,USA,Penny,Lincoln Cent,,,Obverse,"coins/Lincoln Cents, 1909-Date/Lincoln Cent 47672_237 Obverse.jpg",https://www.kaggle.com/datasets/sergiosaharovskiy/uscoins,CC0: Public Domain
img_001227,USA,Penny,Lincoln Cent,,,Obverse,"coins/Lincoln Cents, 1909-Date/Lincoln Cent 320686_42 Obverse.jpg",https://www.kaggle.com/datasets/sergiosaharovskiy/uscoins,CC0: Public Domain
img_001228,USA,Penny,Lincoln Cent,,,Obverse,"coins/Lincoln Cents, 1909-Date/Lincoln Cent 69935_14 Obverse.jpg",https://www.kaggle.com/datasets/sergiosaharovskiy/uscoins,CC0: Public Domain
img_001229,USA,Penny,Lincoln Cent,,,Reverse,"coins/Lincoln Cents, 1909-Date/Lincoln Cent 47672_102 Reverse.jpg",https://www.kaggle.com/datasets/sergiosaharovskiy/uscoins,CC0: Public Domain
img_001230,USA,Penny,Lincoln Cent,,,Obverse,"coins/Lincoln Cents, 1909-Date/Lincoln Cent 107258_26 Obverse.jpg",https://www.kaggle.com/datasets/sergiosaharovskiy/uscoins,CC0: Public Domain
img_001231,USA,Penny,Lincoln Cent,,,Obverse,"coins/Lincoln Cents, 1909-Date/Lincoln Cent 37633_110 Obverse.jpg",https://www.kaggle.com/datasets/sergiosaharovskiy/uscoins,CC0: Public Domain
img_001232,USA,Penny,Lincoln Cent,,,Reverse,"coins/Lincoln Cents, 1909-Date/Lincoln Cent 41463_38 Reverse.jpg",https://www.kaggle.com/datasets/sergiosaharovskiy/uscoins,CC0: Public Domain
img_001233,USA,Penny,Lincoln Cent,,,Reverse,"coins/Lincoln Cents, 1909-Date/Lincoln Cent 2445_369 Reverse.jpg",https://www.kaggle.com/datasets/sergiosaharovskiy/uscoins,CC0: Public Domain
img_001234,USA,Penny,Lincoln Cent,,,Obverse,"coins/Lincoln Cents, 1909-Date/Lincoln Cent 37633_197 Obverse.jpg",https://www.kaggle.com/datasets/sergiosaharovskiy/uscoins,CC0: Public Domain
img_001235,USA,Penny,Lincoln Cent,,,Obverse,"coins/Lincoln Cents, 1909-Date/Lincoln Cent 37633_144 Obverse.jpg",https://www.kaggle.com/datasets/sergiosaharovskiy/uscoins,CC0: Public Domain
img_001236,USA,Penny,Lincoln Cent,,,Obverse,"coins/Lincoln Cents, 1909-Date/Lincoln Cent 107258_78 Obverse.jpg",https://www.kaggle.com/datasets/sergiosaharovskiy/uscoins,CC0: Public Domain
img_001237,USA,Penny,Lincoln Cent,,,Reverse,"coins/Lincoln Cents, 1909-Date/Lincoln Cent 2445_29 Reverse.jpg",https://www.kaggle.com/datasets/sergiosaharovskiy/uscoins,CC0: Public Domain
img_001238,USA,Penny,Lincoln Cent,,,Reverse,"coins/Lincoln Cents, 1909-Date/Lincoln Cent 47672_36 Reverse.jpg",https://www.kaggle.com/datasets/sergiosaharovskiy/uscoins,CC0: Public Domain
img_001239,USA,Penny,Lincoln Cent,,,Reverse,"coins/Lincoln Cents, 1909-Date/Lincoln Cent 107258_105 Reverse.jpg",https://www.kaggle.com/datasets/sergiosaharovskiy/uscoins,CC0: Public Domain
img_001240,USA,Penny,Lincoln Cent,,,Reverse,"coins/Lincoln Cents, 1909-Date/Lincoln Cent 320686_129 Reverse.jpg",https://www.kaggle.com/datasets/sergiosaharovskiy/uscoins,CC0: Public Domain
img_001241,USA,Penny,Lincoln Cent,,,Reverse,"coins/Lincoln Cents, 1909-Date/Lincoln Cent 37633_183 Reverse.jpg",https://www.kaggle.com/datasets/sergiosaharovskiy/uscoins,CC0: Public Domain
img_001242,USA,Penny,Lincoln Cent,,,Reverse,"coins/Lincoln Cents, 1909-Date/Lincoln Cent 69935_50 Reverse.jpg",https://www.kaggle.com/datasets/sergiosaharovskiy/uscoins,CC0: Public Domain
img_001243,USA,Penny,Lincoln Cent,,,Obverse,"coins/Lincoln Cents, 1909-Date/Lincoln Cent 37633_159 Obverse.jpg",https://www.kaggle.com/datasets/sergiosaharovskiy/uscoins,CC0: Public Domain
img_001244,USA,Penny,Lincoln Cent,,,Reverse,"coins/Lincoln Cents, 1909-Date/Lincoln Cent 2445_368 Reverse.jpg",https://www.kaggle.com/datasets/sergiosaharovskiy/uscoins,CC0: Public Domain
img_001245,USA,Penny,Lincoln Cent,,,Reverse,"coins/Lincoln Cents, 1909-Date/Lincoln Cent 2445_33 Reverse.jpg",https://www.kaggle.com/datasets/sergiosaharovskiy/uscoins,CC0: Public Domain
img_001246,USA,Penny,Lincoln Cent,,,Reverse,"coins/Lincoln Cents, 1909-Date/Lincoln Cent 37633_107 Reverse.jpg",https://www.kaggle.com/datasets/sergiosaharovskiy/uscoins,CC0: Public Domain
img_001247,USA,Penny,Lincoln Cent,,,Obverse,"coins/Lincoln Cents, 1909-Date/Lincoln Cent 41463_44 Obverse.jpg",https://www.kaggle.com/datasets/sergiosaharovskiy/uscoins,CC0: Public Domain
img_001248,USA,Penny,Lincoln Cent,,,Obverse,"coins/Lincoln Cents, 1909-Date/Lincoln Cent 47672_134 Obverse.jpg",https://www.kaggle.com/datasets/sergiosaharovskiy/uscoins,CC0: Public Domain
img_001249,USA,Penny,Lincoln Cent,,,Obverse,"coins/Lincoln Cents, 1909-Date/Lincoln Cent 2445_240 Obverse.jpg",https://www.kaggle.com/datasets/sergiosaharovskiy/uscoins,CC0: Public Domain
img_001250,USA,Penny,Lincoln Cent,,,Obverse,"coins/Lincoln Cents, 1909-Date/Lincoln Cent 320686_110 Obverse.jpg",https://www.kaggle.com/datasets/sergiosaharovskiy/uscoins,CC0: Public Domain
img_001251,USA,Penny,Lincoln Cent,,,Obverse,"coins/Lincoln Cents, 1909-Date/Lincoln Cent 47672_37 Obverse.jpg",https://www.kaggle.com/datasets/sergiosaharovskiy/uscoins,CC0: Public Domain
img_001252,USA,Penny,Lincoln Cent,,,Reverse,"coins/Lincoln Cents, 1909-Date/Lincoln Cent 69935_63 Reverse.jpg",https://www.kaggle.com/datasets/sergiosaharovskiy/uscoins,CC0: Public Domain
img_001253,USA,Penny,Lincoln Cent,,,Obverse,"coins/Lincoln Cents, 1909-Date/Lincoln Cent 320686_103 Obverse.jpg",https://www.kaggle.com/datasets/sergiosaharovskiy/uscoins,CC0: Public Domain
img_001254,USA,Penny,Lincoln Cent,,,Reverse,"coins/Lincoln Cents, 1909-Date/Lincoln Cent 107258_2 Reverse.jpg",https://www.kaggle.com/datasets/sergiosaharovskiy/uscoins,CC0: Public Domain
img_001255,USA,Penny,Lincoln Cent,,,Reverse,"coins/Lincoln Cents, 1909-Date/Lincoln Cent 320686_31 Reverse.jpg",https://www.kaggle.com/datasets/sergiosaharovskiy/uscoins,CC0: Public Domain
img_001256,USA,Penny,Lincoln Cent,,,Reverse,"coins/Lincoln Cents, 1909-Date/Lincoln Cent 37633_95 Reverse.jpg",https://www.kaggle.com/datasets/sergiosaharovskiy/uscoins,CC0: Public Domain
img_001257,USA,Penny,Lincoln Cent,,,Reverse,"coins/Lincoln Cents, 1909-Date/Lincoln Cent 37633_40 Reverse.jpg",https://www.kaggle.com/datasets/sergiosaharovskiy/uscoins,CC0: Public Domain
img_001258,USA,Penny,Lincoln Cent,,,Reverse,"coins/Lincoln Cents, 1909-Date/Lincoln Cent 69935_0 Obverse Reverse.jpg",https://www.kaggle.com/datasets/sergiosaharovskiy/uscoins,CC0: Public Domain
img_001259,USA,Penny,Lincoln Cent,,,Obverse,"coins/Lincoln Cents, 1909-Date/Lincoln Cent 320686_97 Obverse.jpg",https://www.kaggle.com/datasets/sergiosaharovskiy/uscoins,CC0: Public Domain
img_001260,USA,Penny,Lincoln Cent,,,Obverse,"coins/Lincoln Cents, 1909-Date/Lincoln Cent 2445_144 Obverse.jpg",https://www.kaggle.com/datasets/sergiosaharovskiy/uscoins,CC0: Public Domain
img_001261,USA,Penny,Lincoln Cent,,,Reverse,"coins/Lincoln Cents, 1909-Date/Lincoln Cent 41463_30 Reverse.jpg",https://www.kaggle.com/datasets/sergiosaharovskiy/uscoins,CC0: Public Domain
img_001262,USA,Penny,Lincoln Cent,,,Obverse,"coins/Lincoln Cents, 1909-Date/Lincoln Cent 41463_11 Obverse.jpg",https://www.kaggle.com/datasets/sergiosaharovskiy/uscoins,CC0: Public Domain
img_001263,USA,Penny,Lincoln Cent,,,Reverse,"coins/Lincoln Cents, 1909-Date/Lincoln Cent 41463_45 Reverse.jpg",https://www.kaggle.com/datasets/sergiosaharovskiy/uscoins,CC0: Public Domain
img_001264,USA,Penny,Lincoln Cent,,,Reverse,"coins/Lincoln Cents, 1909-Date/Lincoln Cent 2445_27 Reverse.jpg",https://www.kaggle.com/datasets/sergiosaharovskiy/uscoins,CC0: Public Domain
img_001265,USA,Penny,Lincoln Cent,,,Obverse,"coins/Lincoln Cents, 1909-Date/Lincoln Cent 47672_241 Obverse.jpg",https://www.kaggle.com/datasets/sergiosaharovskiy/uscoins,CC0: Public Domain
img_001266,USA,Penny,Lincoln Cent,,,Obverse,"coins/Lincoln Cents, 1909-Date/Lincoln Cent 320686_48 Obverse.jpg",https://www.kaggle.com/datasets/sergiosaharovskiy/uscoins,CC0: Public Domain
img_001267,USA,Penny,Lincoln Cent,,,Obverse,"coins/Lincoln Cents, 1909-Date/Lincoln Cent 2445_380 Obverse.jpg",https://www.kaggle.com/datasets/sergiosaharovskiy/uscoins,CC0: Public Domain
img_001268,USA,Penny,Lincoln Cent,,,Reverse,"coins/Lincoln Cents, 1909-Date/Lincoln Cent 107258_99 Reverse.jpg",https://www.kaggle.com/datasets/sergiosaharovskiy/uscoins,CC0: Public Domain
img_001269,USA,Penny,Lincoln Cent,,,Obverse,"coins/Lincoln Cents, 1909-Date/Lincoln Cent 320686_18 Obverse.jpg",https://www.kaggle.com/datasets/sergiosaharovskiy/uscoins,CC0: Public Domain
img_001270,USA,Penny,Lincoln Cent,,,Obverse,"coins/Lincoln Cents, 1909-Date/Lincoln Cent 2445_324 Obverse.jpg",https://www.kaggle.com/datasets/sergiosaharovskiy/uscoins,CC0: Public Domain
img_001271,USA,Penny,Lincoln Cent,,,Obverse,"coins/Lincoln Cents, 1909-Date/Lincoln Cent 2445_211 Obverse.jpg",https://www.kaggle.com/datasets/sergiosaharovskiy/uscoins,CC0: Public Domain
img_001272,USA,Penny,Lincoln Cent,,,Obverse,"coins/Lincoln Cents, 1909-Date/Lincoln Cent 320686_145 Obverse.jpg",https://www.kaggle.com/datasets/sergiosaharovskiy/uscoins,CC0: Public Domain
img_001273,USA,Penny,Lincoln Cent,,,Reverse,"coins/Lincoln Cents, 1909-Date/Lincoln Cent 37633_60 Reverse.jpg",https://www.kaggle.com/datasets/sergiosaharovskiy/uscoins,CC0: Public Domain
img_001274,USA,Penny,Lincoln Cent,,,Reverse,"coins/Lincoln Cents, 1909-Date/Lincoln Cent 107258_44 Reverse.jpg",https://www.kaggle.com/datasets/sergiosaharovskiy/uscoins,CC0: Public Domain
img_001275,USA,Penny,Lincoln Cent,,,Obverse,"coins/Lincoln Cents, 1909-Date/Lincoln Cent 47672_5 Obverse.jpg",https://www.kaggle.com/datasets/sergiosaharovskiy/uscoins,CC0: Public Domain
img_001276,USA,Penny,Lincoln Cent,,,Obverse,"coins/Lincoln Cents, 1909-Date/Lincoln Cent 37633_11 Obverse.jpg",https://www.kaggle.com/datasets/sergiosaharovskiy/uscoins,CC0: Public Domain
img_001277,USA,Penny,Lincoln Cent,,,Reverse,"coins/Lincoln Cents, 1909-Date/Lincoln Cent 37633_217 Reverse.jpg",https://www.kaggle.com/datasets/sergiosaharovskiy/uscoins,CC0: Public Domain
img_001278,USA,Penny,Lincoln Cent,,,Reverse,"coins/Lincoln Cents, 1909-Date/Lincoln Cent 47672_210 Reverse.jpg",https://www.kaggle.com/datasets/sergiosaharovskiy/uscoins,CC0: Public Domain
img_001279,USA,Penny,Lincoln Cent,,,Obverse,"coins/Lincoln Cents, 1909-Date/Lincoln Cent 47672_24 Obverse.jpg",https://www.kaggle.com/datasets/sergiosaharovskiy/uscoins,CC0: Public Domain
img_001280,USA,Penny,Lincoln Cent,,,Obverse,"coins/Lincoln Cents, 1909-Date/Lincoln Cent 37633_109 Obverse.jpg",https://www.kaggle.com/datasets/sergiosaharovskiy/uscoins,CC0: Public Domain
img_001281,USA,Penny,Lincoln Cent,,,Reverse,"coins/Lincoln Cents, 1909-Date/Lincoln Cent 37633_63 Reverse.jpg",https://www.kaggle.com/datasets/sergiosaharovskiy/uscoins,CC0: Public Domain
img_001282,USA,Penny,Lincoln Cent,,,Reverse,"coins/Lincoln Cents, 1909-Date/Lincoln Cent 37633_173 Reverse.jpg",https://www.kaggle.com/datasets/sergiosaharovskiy/uscoins,CC0: Public Domain
img_001283,USA,Penny,Lincoln Cent,,,Reverse,"coins/Lincoln Cents, 1909-Date/Lincoln Cent 2445_83 Reverse.jpg",https://www.kaggle.com/datasets/sergiosaharovskiy/uscoins,CC0: Public Domain
img_001284,USA,Penny,Lincoln Cent,,,Obverse,"coins/Lincoln Cents, 1909-Date/Lincoln Cent 47672_26 Obverse.jpg",https://www.kaggle.com/datasets/sergiosaharovskiy/uscoins,CC0: Public Domain
img_001285,USA,Penny,Lincoln Cent,,,Reverse,"coins/Lincoln Cents, 1909-Date/Lincoln Cent 47672_27 Reverse.jpg",https://www.kaggle.com/datasets/sergiosaharovskiy/uscoins,CC0: Public Domain
img_001286,USA,Quarter,Washington Quarter,,,Obverse,"coins/Washington Quarters, 1932-1998/Washington Quarter 148771_59 Obverse.jpg",https://www.kaggle.com/datasets/sergiosaharovskiy/uscoins,CC0: Public Domain
img_001287,USA,Quarter,Washington Quarter,,,Reverse,"coins/Washington Quarters, 1932-1998/Washington Quarter 17345_24 Reverse.jpg",https://www.kaggle.com/datasets/sergiosaharovskiy/uscoins,CC0: Public Domain
img_001288,USA,Quarter,Washington Quarter,,,Reverse,"coins/Washington Quarters, 1932-1998/Washington Quarter 17345_28 Reverse.jpg",https://www.kaggle.com/datasets/sergiosaharovskiy/uscoins,CC0: Public Domain
img_001289,USA,Quarter,Washington Quarter,,,Obverse,"coins/Washington Quarters, 1932-1998/Washington Quarter 148771_85 Obverse.jpg",https://www.kaggle.com/datasets/sergiosaharovskiy/uscoins,CC0: Public Domain
img_001290,USA,Quarter,Washington Quarter,,,Reverse,"coins/Washington Quarters, 1932-1998/Washington Quarter 219644_40 Reverse.jpg",https://www.kaggle.com/datasets/sergiosaharovskiy/uscoins,CC0: Public Domain
img_001291,USA,Quarter,Washington Quarter,,,,"coins/Washington Quarters, 1932-1998/Washington Quarter 8 0_3.jpg",https://www.kaggle.com/datasets/sergiosaharovskiy/uscoins,CC0: Public Domain
img_001292,USA,Quarter,Washington Quarter,,,Obverse,"coins/Washington Quarters, 1932-1998/Washington Quarter 72403_32 Obverse.jpg",https://www.kaggle.com/datasets/sergiosaharovskiy/uscoins,CC0: Public Domain
img_001293,USA,Quarter,Washington Quarter,,,Obverse,"coins/Washington Quarters, 1932-1998/Washington Quarter 72403_191 Obverse.jpg",https://www.kaggle.com/datasets/sergiosaharovskiy/uscoins,CC0: Public Domain
img_001294,USA,Quarter,Washington Quarter,,,Obverse,"coins/Washington Quarters, 1932-1998/Washington Quarter 148771_170 Obverse.jpg",https://www.kaggle.com/datasets/sergiosaharovskiy/uscoins,CC0: Public Domain
img_001295,USA,Quarter,Washington Quarter,,,Reverse,"coins/Washington Quarters, 1932-1998/Washington Quarter 148771_189 Reverse.jpg",https://www.kaggle.com/datasets/sergiosaharovskiy/uscoins,CC0: Public Domain
img_001296,USA,Quarter,Washington Quarter,,,,"coins/Washington Quarters, 1932-1998/Washington Quarter 34 20_1.jpg",https://www.kaggle.com/datasets/sergiosaharovskiy/uscoins,CC0: Public Domain
img_001297,USA,Quarter,Washington Quarter,,,Obverse,"coins/Washington Quarters, 1932-1998/Washington Quarter 219644_138 Obverse.jpg",https://www.kaggle.com/datasets/sergiosaharovskiy/uscoins,CC0: Public Domain
img_001298,USA,Quarter,Washington Quarter,,,,"coins/Washington Quarters, 1932-1998/Washington Quarter 2 8_2.jpg",https://www.kaggle.com/datasets/sergiosaharovskiy/uscoins,CC0: Public Domain
img_001299,USA,Quarter,Washington Quarter,,,,"coins/Washington Quarters, 1932-1998/Washington Quarter 6 4_1.jpg",https://www.kaggle.com/datasets/sergiosaharovskiy/uscoins,CC0: Public Domain
img_001300,USA,Quarter,Washington Quarter,,,Obverse,"coins/Washington Quarters, 1932-1998/Washington Quarter 72403_156 Obverse.jpg",https://www.kaggle.com/datasets/sergiosaharovskiy/uscoins,CC0: Public Domain
img_001301,USA,Quarter,Washington Quarter,,,,"coins/Washington Quarters, 1932-1998/Washington Quarter 10 12_2.jpg",https://www.kaggle.com/datasets/sergiosaharovskiy/uscoins,CC0: Public Domain
img_001302,USA,Quarter,Washington Quarter,,,,"coins/Washington Quarters, 1932-1998/Washington Quarter 20 1_2.jpg",https://www.kaggle.com/datasets/sergiosaharovskiy/uscoins,CC0: Public Domain
img_001303,USA,Quarter,Washington Quarter,,,,"coins/Washington Quarters, 1932-1998/Washington Quarter 1 2_1.jpg",https://www.kaggle.com/datasets/sergiosaharovskiy/uscoins,CC0: Public Domain
img_001304,USA,Quarter,Washington Quarter,,,Obverse,"coins/Washington Quarters, 1932-1998/Washington Quarter 17345_5 Obverse.jpg",https://www.kaggle.com/datasets/sergiosaharovskiy/uscoins,CC0: Public Domain
img_001305,USA,Quarter,Washington Quarter,,,Reverse,"coins/Washington Quarters, 1932-1998/Washington Quarter 148771_244 Reverse.jpg",https://www.kaggle.com/datasets/sergiosaharovskiy/uscoins,CC0: Public Domain
img_001306,USA,Quarter,Washington Quarter,,,Obverse,"coins/Washington Quarters, 1932-1998/Washington Quarter 148771_145 Obverse.jpg",https://www.kaggle.com/datasets/sergiosaharovskiy/uscoins,CC0: Public Domain
img_001307,USA,Quarter,Washington Quarter,,,,"coins/Washington Quarters, 1932-1998/Washington Quarter 1 17_1.jpg",https://www.kaggle.com/datasets/sergiosaharovskiy/uscoins,CC0: Public Domain
img_001308,USA,Quarter,Washington Quarter,,,Obverse,"coins/Washington Quarters, 1932-1998/Washington Quarter 219644_120 Obverse.jpg",https://www.kaggle.com/datasets/sergiosaharovskiy/uscoins,CC0: Public Domain
img_001309,USA,Quarter,Washington Quarter,,,,"coins/Washington Quarters, 1932-1998/Washington Quarter 1 15_3.jpg",https://www.kaggle.com/datasets/sergiosaharovskiy/uscoins,CC0: Public Domain
img_001310,USA,Quarter,Washington Quarter,,,Reverse,"coins/Washington Quarters, 1932-1998/Washington Quarter 148771_282 Reverse.jpg",https://www.kaggle.com/datasets/sergiosaharovskiy/uscoins,CC0: Public Domain
img_001311,USA,Quarter,Washington Quarter,,,Obverse,"coins/Washington Quarters, 1932-1998/Washington Quarter 72403_176 Obverse.jpg",https://www.kaggle.com/datasets/sergiosaharovskiy/uscoins,CC0: Public Domain
img_001312,USA,Quarter,Washington Quarter,,,Reverse,"coins/Washington Quarters, 1932-1998/Washington Quarter 219644_43 Reverse.jpg",https://www.kaggle.com/datasets/sergiosaharovskiy/uscoins,CC0: Public Domain
img_001313,USA,Quarter,Washington Quarter,,,,"coins/Washington Quarters, 1932-1998/Washington Quarter 30 10_3.jpg",https://www.kaggle.com/datasets/sergiosaharovskiy/uscoins,CC0: Public Domain
img_001314,USA,Quarter,Washington Quarter,,,Reverse,"coins/Washington Quarters, 1932-1998/Washington Quarter 72403_2 Reverse.jpg",https://www.kaggle.com/datasets/sergiosaharovskiy/uscoins,CC0: Public Domain
img_001315,USA,Quarter,Washington Quarter,,,Reverse,"coins/Washington Quarters, 1932-1998/Washington Quarter 148771_110 Reverse.jpg",https://www.kaggle.com/datasets/sergiosaharovskiy/uscoins,CC0: Public Domain
img_001316,USA,Quarter,Washington Quarter,,,Reverse,"coins/Washington Quarters, 1932-1998/Washington Quarter 218987_1 Reverse.jpg",https://www.kaggle.com/datasets/sergiosaharovskiy/uscoins,CC0: Public Domain
img_001317,USA,Quarter,Washington Quarter,,,Reverse,"coins/Washington Quarters, 1932-1998/Washington Quarter 17345_11 Reverse.jpg",https://www.kaggle.com/datasets/sergiosaharovskiy/uscoins,CC0: Public Domain
img_001318,USA,Quarter,Washington Quarter,,,Obverse,"coins/Washington Quarters, 1932-1998/Washington Quarter 148771_94 Obverse.jpg",https://www.kaggle.com/datasets/sergiosaharovskiy/uscoins,CC0: Public Domain
img_001319,USA,Quarter,Washington Quarter,,,Obverse,"coins/Washington Quarters, 1932-1998/Washington Quarter 219644_105 Obverse.jpg",https://www.kaggle.com/datasets/sergiosaharovskiy/uscoins,CC0: Public Domain
img_001320,USA,Quarter,Washington Quarter,,,Reverse,"coins/Washington Quarters, 1932-1998/Washington Quarter 72403_96 Reverse.jpg",https://www.kaggle.com/datasets/sergiosaharovskiy/uscoins,CC0: Public Domain
img_001321,USA,Quarter,Washington Quarter,,,,"coins/Washington Quarters, 1932-1998/Washington Quarter 19 10_3.jpg",https://www.kaggle.com/datasets/sergiosaharovskiy/uscoins,CC0: Public Domain
img_001322,USA,Quarter,Washington Quarter,,,,"coins/Washington Quarters, 1932-1998/Washington Quarter 5 12_0.jpg",https://www.kaggle.com/datasets/sergiosaharovskiy/uscoins,CC0: Public Domain
img_001323,USA,Quarter,Washington Quarter,,,Reverse,"coins/Washington Quarters, 1932-1998/Washington Quarter 17345_13 Reverse.jpg",https://www.kaggle.com/datasets/sergiosaharovskiy/uscoins,CC0: Public Domain
img_001324,USA,Quarter,Washington Quarter,,,,"coins/Washington Quarters, 1932-1998/Washington Quarter 40 6_0.jpg",https://www.kaggle.com/datasets/sergiosaharovskiy/uscoins,CC0: Public Domain
img_001325,USA,Quarter,Washington Quarter,,,Reverse,"coins/Washington Quarters, 1932-1998/Washington Quarter 148771_252 Reverse.jpg",https://www.kaggle.com/datasets/sergiosaharovskiy/uscoins,CC0: Public Domain
img_001326,USA,Quarter,Washington Quarter,,,Reverse,"coins/Washington Quarters, 1932-1998/Washington Quarter 218987_63 Reverse.jpg",https://www.kaggle.com/datasets/sergiosaharovskiy/uscoins,CC0: Public Domain
img_001327,USA,Quarter,Washington Quarter,,,,"coins/Washington Quarters, 1932-1998/Washington Quarter 38 14_0.jpg",https://www.kaggle.com/datasets/sergiosaharovskiy/uscoins,CC0: Public Domain
img_001328,USA,Quarter,Washington Quarter,,,Reverse,"coins/Washington Quarters, 1932-1998/Washington Quarter 219644_77 Reverse.jpg",https://www.kaggle.com/datasets/sergiosaharovskiy/uscoins,CC0: Public Domain
img_001329,USA,Quarter,Washington Quarter,,,,"coins/Washington Quarters, 1932-1998/Washington Quarter 11 15_0.jpg",https://www.kaggle.com/datasets/sergiosaharovskiy/uscoins,CC0: Public Domain
img_001330,USA,Quarter,Washington Quarter,,,Obverse,"coins/Washington Quarters, 1932-1998/Washington Quarter 219644_6 Obverse.jpg",https://www.kaggle.com/datasets/sergiosaharovskiy/uscoins,CC0: Public Domain
img_001331,USA,Quarter,Washington Quarter,,,,"coins/Washington Quarters, 1932-1998/Washington Quarter 6 1_0.jpg",https://www.kaggle.com/datasets/sergiosaharovskiy/uscoins,CC0: Public Domain
img_001332,USA,Quarter,Washington Quarter,,,Obverse,"coins/Washington Quarters, 1932-1998/Washington Quarter 148771_43 Obverse.jpg",https://www.kaggle.com/datasets/sergiosaharovskiy/uscoins,CC0: Public Domain
img_001333,USA,Quarter,Washington Quarter,,,Reverse,"coins/Washington Quarters, 1932-1998/Washington Quarter 148771_7 Reverse.jpg",https://www.kaggle.com/datasets/sergiosaharovskiy/uscoins,CC0: Public Domain
img_001334,USA,Quarter,Washington Quarter,,,,"coins/Washington Quarters, 1932-1998/Washington Quarter 3 1_3.jpg",https://www.kaggle.com/datasets/sergiosaharovskiy/uscoins,CC0: Public Domain
img_001335,USA,Quarter,Washington Quarter,,,Obverse,"coins/Washington Quarters, 1932-1998/Washington Quarter 218987_36 Obverse.jpg",https://www.kaggle.com/datasets/sergiosaharovskiy/uscoins,CC0: Public Domain
img_001336,USA,Quarter,Washington Quarter,,,Reverse,"coins/Washington Quarters, 1932-1998/Washington Quarter 148771_280 Reverse.jpg",https://www.kaggle.com/datasets/sergiosaharovskiy/uscoins,CC0: Public Domain
img_001337,USA,Quarter,Washington Quarter,,,Obverse,"coins/Washington Quarters, 1932-1998/Washington Quarter 219644_152 Obverse.jpg",https://www.kaggle.com/datasets/sergiosaharovskiy/uscoins,CC0: Public Domain
img_001338,USA,Quarter,Washington Quarter,,,Reverse,"coins/Washington Quarters, 1932-1998/Washington Quarter 148771_219 Reverse.jpg",https://www.kaggle.com/datasets/sergiosaharovskiy/uscoins,CC0: Public Domain
img_001339,USA,Quarter,Washington Quarter,,,Obverse,"coins/Washington Quarters, 1932-1998/Washington Quarter 148771_272 Obverse.jpg",https://www.kaggle.com/datasets/sergiosaharovskiy/uscoins,CC0: Public Domain
img_001340,USA,Quarter,Washington Quarter,,,Obverse,"coins/Washington Quarters, 1932-1998/Washington Quarter 72403_26 Obverse.jpg",https://www.kaggle.com/datasets/sergiosaharovskiy/uscoins,CC0: Public Domain
img_001341,USA,Quarter,Washington Quarter,,,Reverse,"coins/Washington Quarters, 1932-1998/Washington Quarter 219644_42 Reverse.jpg",https://www.kaggle.com/datasets/sergiosaharovskiy/uscoins,CC0: Public Domain
img_001342,USA,Quarter,Washington Quarter,,,Obverse,"coins/Washington Quarters, 1932-1998/Washington Quarter 148771_83 Obverse.jpg",https://www.kaggle.com/datasets/sergiosaharovskiy/uscoins,CC0: Public Domain
img_001343,USA,Quarter,Washington Quarter,,,,"coins/Washington Quarters, 1932-1998/Washington Quarter 39 6_0.jpg",https://www.kaggle.com/datasets/sergiosaharovskiy/uscoins,CC0: Public Domain
img_001344,USA,Quarter,Washington Quarter,,,Reverse,"coins/Washington Quarters, 1932-1998/Washington Quarter 72403_79 Reverse.jpg",https://www.kaggle.com/datasets/sergiosaharovskiy/uscoins,CC0: Public Domain
img_001345,USA,Quarter,Washington Quarter,,,Reverse,"coins/Washington Quarters, 1932-1998/Washington Quarter 148771_45 Reverse.jpg",https://www.kaggle.com/datasets/sergiosaharovskiy/uscoins,CC0: Public Domain
img_001346,USA,Quarter,Washington Quarter,,,,"coins/Washington Quarters, 1932-1998/Washington Quarter 38 13_1.jpg",https://www.kaggle.com/datasets/sergiosaharovskiy/uscoins,CC0: Public Domain
img_001347,USA,Quarter,Washington Quarter,,,Obverse,"coins/Washington Quarters, 1932-1998/Washington Quarter 219644_70 Obverse.jpg",https://www.kaggle.com/datasets/sergiosaharovskiy/uscoins,CC0: Public Domain
img_001348,USA,Quarter,Washington Quarter,,,Obverse,"coins/Washington Quarters, 1932-1998/Washington Quarter 219644_22 Obverse.jpg",https://www.kaggle.com/datasets/sergiosaharovskiy/uscoins,CC0: Public Domain
img_001349,USA,Quarter,Washington Quarter,,,Reverse,"coins/Washington Quarters, 1932-1998/Washington Quarter 218987_8 Reverse.jpg",https://www.kaggle.com/datasets/sergiosaharovskiy/uscoins,CC0: Public Domain
img_001350,USA,Quarter,Washington Quarter,,,,"coins/Washington Quarters, 1932-1998/Washington Quarter 3 6_1.jpg",https://www.kaggle.com/datasets/sergiosaharovskiy/uscoins,CC0: Public Domain
img_001351,USA,Quarter,Washington Quarter,,,,"coins/Washington Quarters, 1932-1998/Washington Quarter 4 25_0.jpg",https://www.kaggle.com/datasets/sergiosaharovskiy/uscoins,CC0: Public Domain
img_001352,USA,Quarter,Washington Quarter,,,,"coins/Washington Quarters, 1932-1998/Washington Quarter 1 20_0.jpg",https://www.kaggle.com/datasets/sergiosaharovskiy/uscoins,CC0: Public Domain
img_001353,USA,Quarter,Washington Quarter,,,Obverse,"coins/Washington Quarters, 1932-1998/Washington Quarter 148771_135 Obverse.jpg",https://www.kaggle.com/datasets/sergiosaharovskiy/uscoins,CC0: Public Domain
img_001354,USA,Quarter,Washington Quarter,,,,"coins/Washington Quarters, 1932-1998/Washington Quarter 6 4_3.jpg",https://www.kaggle.com/datasets/sergiosaharovskiy/uscoins,CC0: Public Domain
img_001355,USA,Quarter,Washington Quarter,,,,"coins/Washington Quarters, 1932-1998/Washington Quarter 28 16_2.jpg",https://www.kaggle.com/datasets/sergiosaharovskiy/uscoins,CC0: Public Domain
img_001356,USA,Quarter,Washington Quarter,,,Reverse,"coins/Washington Quarters, 1932-1998/Washington Quarter 72403_117 Reverse.jpg",https://www.kaggle.com/datasets/sergiosaharovskiy/uscoins,CC0: Public Domain
img_001357,USA,Quarter,Washington Quarter,,,,"coins/Washington Quarters, 1932-1998/Washington Quarter 21 21_3.jpg",https://www.kaggle.com/datasets/sergiosaharovskiy/uscoins,CC0: Public Domain
img_001358,USA,Quarter,Washington Quarter,,,,"coins/Washington Quarters, 1932-1998/Washington Quarter 12 1_2.jpg",https://www.kaggle.com/datasets/sergiosaharovskiy/uscoins,CC0: Public Domain
img_001359,USA,Quarter,Washington Quarter,,,Reverse,"coins/Washington Quarters, 1932-1998/Washington Quarter 72403_70 Reverse.jpg",https://www.kaggle.com/datasets/sergiosaharovskiy/uscoins,CC0: Public Domain
img_001360,USA,Quarter,Washington Quarter,,,Obverse,"coins/Washington Quarters, 1932-1998/Washington Quarter 148771_225 Obverse.jpg",https://www.kaggle.com/datasets/sergiosaharovskiy/uscoins,CC0: Public Domain
img_001361,USA,Quarter,Washington Quarter,,,Reverse,"coins/Washington Quarters, 1932-1998/Washington Quarter 219644_24 Reverse.jpg",https://www.kaggle.com/datasets/sergiosaharovskiy/uscoins,CC0: Public Domain
img_001362,USA,Quarter,Washington Quarter,,,Reverse,"coins/Washington Quarters, 1932-1998/Washington Quarter 219644_60 Reverse.jpg",https://www.kaggle.com/datasets/sergiosaharovskiy/uscoins,CC0: Public Domain
img_001363,USA,Quarter,Washington Quarter,,,Reverse,"coins/Washington Quarters, 1932-1998/Washington Quarter 72403_29 Reverse.jpg",https://www.kaggle.com/datasets/sergiosaharovskiy/uscoins,CC0: Public Domain
img_001364,USA,Quarter,Washington Quarter,,,Obverse,"coins/Washington Quarters, 1932-1998/Washington Quarter 219644_121 Obverse.jpg",https://www.kaggle.com/datasets/sergiosaharovskiy/uscoins,CC0: Public Domain
img_001365,USA,Quarter,Washington Quarter,,,,"coins/Washington Quarters, 1932-1998/Washington Quarter 24 25_3.jpg",https://www.kaggle.com/datasets/sergiosaharovskiy/uscoins,CC0: Public Domain
img_001366,USA,Quarter,Washington Quarter,,,Reverse,"coins/Washington Quarters, 1932-1998/Washington Quarter 148771_12 Reverse.jpg",https://www.kaggle.com/datasets/sergiosaharovskiy/uscoins,CC0: Public Domain
img_001367,USA,Quarter,Washington Quarter,,,Reverse,"coins/Washington Quarters, 1932-1998/Washington Quarter 218987_102 Reverse.jpg",https://www.kaggle.com/datasets/sergiosaharovskiy/uscoins,CC0: Public Domain
img_001368,USA,Quarter,Washington Quarter,,,Obverse,"coins/Washington Quarters, 1932-1998/Washington Quarter 17345_8 Obverse.jpg",https://www.kaggle.com/datasets/sergiosaharovskiy/uscoins,CC0: Public Domain
img_001369,USA,Quarter,Washington Quarter,,,Obverse,"coins/Washington Quarters, 1932-1998/Washington Quarter 148771_118 Obverse.jpg",https://www.kaggle.com/datasets/sergiosaharovskiy/uscoins,CC0: Public Domain
img_001370,USA,Quarter,Washington Quarter,,,Obverse,"coins/Washington Quarters, 1932-1998/Washington Quarter 72403_11 Obverse.jpg",https://www.kaggle.com/datasets/sergiosaharovskiy/uscoins,CC0: Public Domain
img_001371,USA,Quarter,Washington Quarter,,,,"coins/Washington Quarters, 1932-1998/Washington Quarter 6 9_3.jpg",https://www.kaggle.com/datasets/sergiosaharovskiy/uscoins,CC0: Public Domain
img_001372,USA,Quarter,Washington Quarter,,,Obverse,"coins/Washington Quarters, 1932-1998/Washington Quarter 72403_115 Obverse.jpg",https://www.kaggle.com/datasets/sergiosaharovskiy/uscoins,CC0: Public Domain
img_001373,USA,Quarter,Washington Quarter,,,,"coins/Washington Quarters, 1932-1998/Washington Quarter 9 13_1.jpg",https://www.kaggle.com/datasets/sergiosaharovskiy/uscoins,CC0: Public Domain
img_001374,USA,Quarter,Washington Quarter,,,,"coins/Washington Quarters, 1932-1998/Washington Quarter 1 11_3.jpg",https://www.kaggle.com/datasets/sergiosaharovskiy/uscoins,CC0: Public Domain
img_001375,USA,Quarter,Washington Quarter,,,Obverse,"coins/Washington Quarters, 1932-1998/Washington Quarter 218987_70 Obverse.jpg",https://www.kaggle.com/datasets/sergiosaharovskiy/uscoins,CC0: Public Domain
img_001376,USA,Quarter,Washington Quarter,,,Reverse,"coins/Washington Quarters, 1932-1998/Washington Quarter 148771_48 Reverse.jpg",https://www.kaggle.com/datasets/sergiosaharovskiy/uscoins,CC0: Public Domain
img_001377,USA,Quarter,Washington Quarter,,,,"coins/Washington Quarters, 1932-1998/Washington Quarter 31 21_1.jpg",https://www.kaggle.com/datasets/sergiosaharovskiy/uscoins,CC0: Public Domain
img_001378,USA,Quarter,Washington Quarter,,,,"coins/Washington Quarters, 1932-1998/Washington Quarter 38 8_0.jpg",https://www.kaggle.com/datasets/sergiosaharovskiy/uscoins,CC0: Public Domain
img_001379,USA,Quarter,Washington Quarter,,,,"coins/Washington Quarters, 1932-1998/Washington Quarter 20 25_1.jpg",https://www.kaggle.com/datasets/sergiosaharovskiy/uscoins,CC0: Public Domain
img_001380,USA,Quarter,Washington Quarter,,,,"coins/Washington Quarters, 1932-1998/Washington Quarter 35 16_2.jpg",https://www.kaggle.com/datasets/sergiosaharovskiy/uscoins,CC0: Public Domain
img_001381,USA,Quarter,Washington Quarter,,,,"coins/Washington Quarters, 1932-1998/Washington Quarter 9 9_3.jpg",https://www.kaggle.com/datasets/sergiosaharovskiy/uscoins,CC0: Public Domain
img_001382,USA,Quarter,Washington Quarter,,,Obverse,"coins/Washington Quarters, 1932-1998/Washington Quarter 218987_69 Obverse.jpg",https://www.kaggle.com/datasets/sergiosaharovskiy/uscoins,CC0: Public Domain
img_001383,USA,Quarter,Washington Quarter,,,,"coins/Washington Quarters, 1932-1998/Washington Quarter 1 6_0.jpg",https://www.kaggle.com/datasets/sergiosaharovskiy/uscoins,CC0: Public Domain
img_001384,USA,Quarter,Washington Quarter,,,Reverse,"coins/Washington Quarters, 1932-1998/Washington Quarter 219644_97 Reverse.jpg",https://www.kaggle.com/datasets/sergiosaharovskiy/uscoins,CC0: Public Domain
img_001385,USA,Quarter,Washington Quarter,,,Obverse,"coins/Washington Quarters, 1932-1998/Washington Quarter 72403_170 Obverse.jpg",https://www.kaggle.com/datasets/sergiosaharovskiy/uscoins,CC0: Public Domain
img_001386,USA,Quarter,Washington Quarter,,,,"coins/Washington Quarters, 1932-1998/Washington Quarter 2 0_1.jpg",https://www.kaggle.com/datasets/sergiosaharovskiy/uscoins,CC0: Public Domain
img_001387,USA,Quarter,Washington Quarter,,,Reverse,"coins/Washington Quarters, 1932-1998/Washington Quarter 72403_46 Reverse.jpg",https://www.kaggle.com/datasets/sergiosaharovskiy/uscoins,CC0: Public Domain
img_001388,USA,Quarter,Washington Quarter,,,Obverse,"coins/Washington Quarters, 1932-1998/Washington Quarter 218987_130 Obverse.jpg",https://www.kaggle.com/datasets/sergiosaharovskiy/uscoins,CC0: Public Domain
img_001389,USA,Quarter,Washington Quarter,,,,"coins/Washington Quarters, 1932-1998/Washington Quarter 11 9_2.jpg",https://www.kaggle.com/datasets/sergiosaharovskiy/uscoins,CC0: Public Domain
img_001390,USA,Quarter,Washington Quarter,,,Reverse,"coins/Washington Quarters, 1932-1998/Washington Quarter 219644_80 Reverse.jpg",https://www.kaggle.com/datasets/sergiosaharovskiy/uscoins,CC0: Public Domain
img_001391,USA,Quarter,Washington Quarter,,,Obverse,"coins/Washington Quarters, 1932-1998/Washington Quarter 17345_38 Obverse.jpg",https://www.kaggle.com/datasets/sergiosaharovskiy/uscoins,CC0: Public Domain
img_001392,USA,Quarter,Washington Quarter,,,Obverse,"coins/Washington Quarters, 1932-1998/Washington Quarter 218987_9 Obverse.jpg",https://www.kaggle.com/datasets/sergiosaharovskiy/uscoins,CC0: Public Domain
img_001393,USA,Quarter,Washington Quarter,,,Reverse,"coins/Washington Quarters, 1932-1998/Washington Quarter 148771_120 Reverse.jpg",https://www.kaggle.com/datasets/sergiosaharovskiy/uscoins,CC0: Public Domain
img_001394,USA,Quarter,Washington Quarter,,,Reverse,"coins/Washington Quarters, 1932-1998/Washington Quarter 148771_166 Reverse.jpg",https://www.kaggle.com/datasets/sergiosaharovskiy/uscoins,CC0: Public Domain
img_001395,USA,Quarter,Washington Quarter,,,Reverse,"coins/Washington Quarters, 1932-1998/Washington Quarter 219644_11 Reverse.jpg",https://www.kaggle.com/datasets/sergiosaharovskiy/uscoins,CC0: Public Domain
img_001396,USA,Quarter,Washington Quarter,,,Reverse,"coins/Washington Quarters, 1932-1998/Washington Quarter 72403_84 Reverse.jpg",https://www.kaggle.com/datasets/sergiosaharovskiy/uscoins,CC0: Public Domain
img_001397,USA,Quarter,Washington Quarter,,,,"coins/Washington Quarters, 1932-1998/Washington Quarter 18 21_3.jpg",https://www.kaggle.com/datasets/sergiosaharovskiy/uscoins,CC0: Public Domain
img_001398,USA,Quarter,Washington Quarter,,,,"coins/Washington Quarters, 1932-1998/Washington Quarter 1 20_2.jpg",https://www.kaggle.com/datasets/sergiosaharovskiy/uscoins,CC0: Public Domain
img_001399,USA,Quarter,Washington Quarter,,,,"coins/Washington Quarters, 1932-1998/Washington Quarter 36 25_3.jpg",https://www.kaggle.com/datasets/sergiosaharovskiy/uscoins,CC0: Public Domain
img_001400,USA,Quarter,Washington Quarter,,,Reverse,"coins/Washington Quarters, 1932-1998/Washington Quarter 148771_95 Reverse.jpg",https://www.kaggle.com/datasets/sergiosaharovskiy/uscoins,CC0: Public Domain
img_001401,USA,Quarter,Washington Quarter,,,,"coins/Washington Quarters, 1932-1998/Washington Quarter 22 19_0.jpg",https://www.kaggle.com/datasets/sergiosaharovskiy/uscoins,CC0: Public Domain
img_001402,USA,Quarter,Washington Quarter,,,,"coins/Washington Quarters, 1932-1998/Washington Quarter 25 11_0.jpg",https://www.kaggle.com/datasets/sergiosaharovskiy/uscoins,CC0: Public Domain
img_001403,USA,Quarter,Washington Quarter,,,,"coins/Washington Quarters, 1932-1998/Washington Quarter 1 17_0.jpg",https://www.kaggle.com/datasets/sergiosaharovskiy/uscoins,CC0: Public Domain
img_001404,USA,Quarter,Washington Quarter,,,,"coins/Washington Quarters, 1932-1998/Washington Quarter 37 25_0.jpg",https://www.kaggle.com/datasets/sergiosaharovskiy/uscoins,CC0: Public Domain
img_001405,USA,Quarter,Washington Quarter,,,,"coins/Washington Quarters, 1932-1998/Washington Quarter 8 2_3.jpg",https://www.kaggle.com/datasets/sergiosaharovskiy/uscoins,CC0: Public Domain
img_001406,USA,Quarter,Washington Quarter,,,,"coins/Washington Quarters, 1932-1998/Washington Quarter 5 25_0.jpg",https://www.kaggle.com/datasets/sergiosaharovskiy/uscoins,CC0: Public Domain
img_001407,USA,Quarter,Washington Quarter,,,Reverse,"coins/Washington Quarters, 1932-1998/Washington Quarter 148771_22 Reverse.jpg",https://www.kaggle.com/datasets/sergiosaharovskiy/uscoins,CC0: Public Domain
img_001408,USA,Quarter,Washington Quarter,,,Reverse,"coins/Washington Quarters, 1932-1998/Washington Quarter 148771_19 Reverse.jpg",https://www.kaggle.com/datasets/sergiosaharovskiy/uscoins,CC0: Public Domain
img_001409,USA,Quarter,Washington Quarter,,,Obverse,"coins/Washington Quarters, 1932-1998/Washington Quarter 72403_203 Obverse.jpg",https://www.kaggle.com/datasets/sergiosaharovskiy/uscoins,CC0: Public Domain
img_001410,USA,Quarter,Washington Quarter,,,Obverse,"coins/Washington Quarters, 1932-1998/Washington Quarter 148771_72 Obverse.jpg",https://www.kaggle.com/datasets/sergiosaharovskiy/uscoins,CC0: Public Domain
img_001411,USA,Quarter,Washington Quarter,,,Reverse,"coins/Washington Quarters, 1932-1998/Washington Quarter 17345_15 Reverse.jpg",https://www.kaggle.com/datasets/sergiosaharovskiy/uscoins,CC0: Public Domain
img_001412,USA,Quarter,Washington Quarter,,,,"coins/Washington Quarters, 1932-1998/Washington Quarter 11 25_1.jpg",https://www.kaggle.com/datasets/sergiosaharovskiy/uscoins,CC0: Public Domain
img_001413,USA,Quarter,Washington Quarter,,,Reverse,"coins/Washington Quarters, 1932-1998/Washington Quarter 148771_76 Reverse.jpg",https://www.kaggle.com/datasets/sergiosaharovskiy/uscoins,CC0: Public Domain
img_001414,USA,Quarter,Washington Quarter,,,Obverse,"coins/Washington Quarters, 1932-1998/Washington Quarter 148771_146 Obverse.jpg",https://www.kaggle.com/datasets/sergiosaharovskiy/uscoins,CC0: Public Domain
img_001415,USA,Quarter,Washington Quarter,,,Obverse,"coins/Washington Quarters, 1932-1998/Washington Quarter 218987_49 Obverse.jpg",https://www.kaggle.com/datasets/sergiosaharovskiy/uscoins,CC0: Public Domain
img_001416,USA,Quarter,Washington Quarter,,,,"coins/Washington Quarters, 1932-1998/Washington Quarter 13 6_1.jpg",https://www.kaggle.com/datasets/sergiosaharovskiy/uscoins,CC0: Public Domain
img_001417,USA,Quarter,Washington Quarter,,,Reverse,"coins/Washington Quarters, 1932-1998/Washington Quarter 148771_202 Reverse.jpg",https://www.kaggle.com/datasets/sergiosaharovskiy/uscoins,CC0: Public Domain
img_001418,USA,Quarter,Washington Quarter,,,,"coins/Washington Quarters, 1932-1998/Washington Quarter 38 13_3.jpg",https://www.kaggle.com/datasets/sergiosaharovskiy/uscoins,CC0: Public Domain
img_001419,USA,Quarter,Washington Quarter,,,Obverse,"coins/Washington Quarters, 1932-1998/Washington Quarter 148771_293 Obverse.jpg",https://www.kaggle.com/datasets/sergiosaharovskiy/uscoins,CC0: Public Domain
img_001420,USA,Quarter,Washington Quarter,,,Obverse,"coins/Washington Quarters, 1932-1998/Washington Quarter 148771_61 Obverse.jpg",https://www.kaggle.com/datasets/sergiosaharovskiy/uscoins,CC0: Public Domain
img_001421,USA,Quarter,Washington Quarter,,,,"coins/Washington Quarters, 1932-1998/Washington Quarter 1 12_1.jpg",https://www.kaggle.com/datasets/sergiosaharovskiy/uscoins,CC0: Public Domain
img_001422,USA,Quarter,Washington Quarter,,,Obverse,"coins/Washington Quarters, 1932-1998/Washington Quarter 148771_248 Obverse.jpg",https://www.kaggle.com/datasets/sergiosaharovskiy/uscoins,CC0: Public Domain
img_001423,USA,Quarter,Washington Quarter,,,Reverse,"coins/Washington Quarters, 1932-1998/Washington Quarter 148771_178 Reverse.jpg",https://www.kaggle.com/datasets/sergiosaharovskiy/uscoins,CC0: Public Domain
img_001424,USA,Quarter,Washington Quarter,,,Reverse,"coins/Washington Quarters, 1932-1998/Washington Quarter 219644_143 Reverse.jpg",https://www.kaggle.com/datasets/sergiosaharovskiy/uscoins,CC0: Public Domain
img_001425,USA,Quarter,Washington Quarter,,,Obverse,"coins/Washington Quarters, 1932-1998/Washington Quarter 17345_20 Obverse.jpg",https://www.kaggle.com/datasets/sergiosaharovskiy/uscoins,CC0: Public Domain
img_001426,USA,Quarter,Washington Quarter,,,,"coins/Washington Quarters, 1932-1998/Washington Quarter 16 18_2.jpg",https://www.kaggle.com/datasets/sergiosaharovskiy/uscoins,CC0: Public Domain
img_001427,USA,Quarter,Washington Quarter,,,Reverse,"coins/Washington Quarters, 1932-1998/Washington Quarter 72403_59 Reverse.jpg",https://www.kaggle.com/datasets/sergiosaharovskiy/uscoins,CC0: Public Domain
img_001428,USA,Quarter,Washington Quarter,,,Obverse,"coins/Washington Quarters, 1932-1998/Washington Quarter 17345_17 Obverse.jpg",https://www.kaggle.com/datasets/sergiosaharovskiy/uscoins,CC0: Public Domain
img_001429,USA,Quarter,Washington Quarter,,,Reverse,"coins/Washington Quarters, 1932-1998/Washington Quarter 17345_36 Reverse.jpg",https://www.kaggle.com/datasets/sergiosaharovskiy/uscoins,CC0: Public Domain
img_001430,USA,Quarter,Washington Quarter,,,Reverse,"coins/Washington Quarters, 1932-1998/Washington Quarter 148771_230 Reverse.jpg",https://www.kaggle.com/datasets/sergiosaharovskiy/uscoins,CC0: Public Domain
img_001431,USA,Quarter,Washington Quarter,,,,"coins/Washington Quarters, 1932-1998/Washington Quarter 39 7_0.jpg",https://www.kaggle.com/datasets/sergiosaharovskiy/uscoins,CC0: Public Domain
img_001432,USA,Quarter,Washington Quarter,,,Obverse,"coins/Washington Quarters, 1932-1998/Washington Quarter 72403_244 Obverse.jpg",https://www.kaggle.com/datasets/sergiosaharovskiy/uscoins,CC0: Public Domain
img_001433,USA,Quarter,Washington Quarter,,,Obverse,"coins/Washington Quarters, 1932-1998/Washington Quarter 72403_220 Obverse.jpg",https://www.kaggle.com/datasets/sergiosaharovskiy/uscoins,CC0: Public Domain
img_001434,USA,Quarter,Washington Quarter,,,Obverse,"coins/Washington Quarters, 1932-1998/Washington Quarter 17345_6 Obverse.jpg",https://www.kaggle.com/datasets/sergiosaharovskiy/uscoins,CC0: Public Domain
img_001435,USA,Quarter,Washington Quarter,,,,"coins/Washington Quarters, 1932-1998/Washington Quarter 2 15_3.jpg",https://www.kaggle.com/datasets/sergiosaharovskiy/uscoins,CC0: Public Domain
img_001436,USA,Quarter,Washington Quarter,,,Reverse,"coins/Washington Quarters, 1932-1998/Washington Quarter 218987_18 Reverse.jpg",https://www.kaggle.com/datasets/sergiosaharovskiy/uscoins,CC0: Public Domain
img_001437,USA,Quarter,Washington Quarter,,,,"coins/Washington Quarters, 1932-1998/Washington Quarter 1 14_2.jpg",https://www.kaggle.com/datasets/sergiosaharovskiy/uscoins,CC0: Public Domain
img_001438,USA,Quarter,Washington Quarter,,,Reverse,"coins/Washington Quarters, 1932-1998/Washington Quarter 148771_67 Reverse.jpg",https://www.kaggle.com/datasets/sergiosaharovskiy/uscoins,CC0: Public Domain
img_001439,USA,Quarter,Washington Quarter,,,,"coins/Washington Quarters, 1932-1998/Washington Quarter 39 24_0.jpg",https://www.kaggle.com/datasets/sergiosaharovskiy/uscoins,CC0: Public Domain
img_001440,USA,Quarter,Washington Quarter,,,,"coins/Washington Quarters, 1932-1998/Washington Quarter 40 7_0.jpg",https://www.kaggle.com/datasets/sergiosaharovskiy/uscoins,CC0: Public Domain
img_001441,USA,Quarter,Washington Quarter,,,Obverse,"coins/Washington Quarters, 1932-1998/Washington Quarter 148771_23 Obverse.jpg",https://www.kaggle.com/datasets/sergiosaharovskiy/uscoins,CC0: Public Domain
img_001442,USA,Quarter,Washington Quarter,,,Reverse,"coins/Washington Quarters, 1932-1998/Washington Quarter 148771_66 Reverse.jpg",https://www.kaggle.com/datasets/sergiosaharovskiy/uscoins,CC0: Public Domain
img_001443,USA,Quarter,Washington Quarter,,,Reverse,"coins/Washington Quarters, 1932-1998/Washington Quarter 219644_56 Reverse.jpg",https://www.kaggle.com/datasets/sergiosaharovskiy/uscoins,CC0: Public Domain
img_001444,USA,Quarter,Washington Quarter,,,,"coins/Washington Quarters, 1932-1998/Washington Quarter 35 25_0.jpg",https://www.kaggle.com/datasets/sergiosaharovskiy/uscoins,CC0: Public Domain
img_001445,USA,Quarter,Washington Quarter,,,,"coins/Washington Quarters, 1932-1998/Washington Quarter 36 25_0.jpg",https://www.kaggle.com/datasets/sergiosaharovskiy/uscoins,CC0: Public Domain
img_001446,USA,Quarter,Washington Quarter,,,Obverse,"coins/Washington Quarters, 1932-1998/Washington Quarter 218987_111 Obverse.jpg",https://www.kaggle.com/datasets/sergiosaharovskiy/uscoins,CC0: Public Domain
img_001447,USA,Quarter,Washington Quarter,,,Reverse,"coins/Washington Quarters, 1932-1998/Washington Quarter 148771_161 Reverse.jpg",https://www.kaggle.com/datasets/sergiosaharovskiy/uscoins,CC0: Public Domain
img_001448,USA,Quarter,Washington Quarter,,,,"coins/Washington Quarters, 1932-1998/Washington Quarter 14 19_2.jpg",https://www.kaggle.com/datasets/sergiosaharovskiy/uscoins,CC0: Public Domain
img_001449,USA,Quarter,Washington Quarter,,,,"coins/Washington Quarters, 1932-1998/Washington Quarter 22 19_3.jpg",https://www.kaggle.com/datasets/sergiosaharovskiy/uscoins,CC0: Public Domain
img_001450,USA,Quarter,Washington Quarter,,,,"coins/Washington Quarters, 1932-1998/Washington Quarter 38 14_3.jpg",https://www.kaggle.com/datasets/sergiosaharovskiy/uscoins,CC0: Public Domain
img_001451,USA,Quarter,Washington Quarter,,,,"coins/Washington Quarters, 1932-1998/Washington Quarter 11 15_1.jpg",https://www.kaggle.com/datasets/sergiosaharovskiy/uscoins,CC0: Public Domain
img_001452,USA,Quarter,Washington Quarter,,,Obverse,"coins/Washington Quarters, 1932-1998/Washington Quarter 148771_273 Obverse.jpg",https://www.kaggle.com/datasets/sergiosaharovskiy/uscoins,CC0: Public Domain
img_001453,USA,Quarter,Washington Quarter,,,Reverse,"coins/Washington Quarters, 1932-1998/Washington Quarter 219644_104 Reverse.jpg",https://www.kaggle.com/datasets/sergiosaharovskiy/uscoins,CC0: Public Domain
img_001454,USA,Quarter,Washington Quarter,,,Reverse,"coins/Washington Quarters, 1932-1998/Washington Quarter 148771_24 Reverse.jpg",https://www.kaggle.com/datasets/sergiosaharovskiy/uscoins,CC0: Public Domain
img_001455,USA,Quarter,Washington Quarter,,,Obverse,"coins/Washington Quarters, 1932-1998/Washington Quarter 148771_281 Obverse.jpg",https://www.kaggle.com/datasets/sergiosaharovskiy/uscoins,CC0: Public Domain
img_001456,USA,Quarter,Washington Quarter,,,Obverse,"coins/Washington Quarters, 1932-1998/Washington Quarter 148771_174 Obverse.jpg",https://www.kaggle.com/datasets/sergiosaharovskiy/uscoins,CC0: Public Domain
img_001457,USA,Quarter,Washington Quarter,,,Obverse,"coins/Washington Quarters, 1932-1998/Washington Quarter 148771_102 Obverse.jpg",https://www.kaggle.com/datasets/sergiosaharovskiy/uscoins,CC0: Public Domain
img_001458,USA,Quarter,Washington Quarter,,,Obverse,"coins/Washington Quarters, 1932-1998/Washington Quarter 218987_109 Obverse.jpg",https://www.kaggle.com/datasets/sergiosaharovskiy/uscoins,CC0: Public Domain
img_001459,USA,Quarter,Washington Quarter,,,Reverse,"coins/Washington Quarters, 1932-1998/Washington Quarter 148771_206 Reverse.jpg",https://www.kaggle.com/datasets/sergiosaharovskiy/uscoins,CC0: Public Domain
img_001460,USA,Quarter,Washington Quarter,,,Reverse,"coins/Washington Quarters, 1932-1998/Washington Quarter 148771_207 Reverse.jpg",https://www.kaggle.com/datasets/sergiosaharovskiy/uscoins,CC0: Public Domain
img_001461,USA,Quarter,Washington Quarter,,,,"coins/Washington Quarters, 1932-1998/Washington Quarter 9 20_0.jpg",https://www.kaggle.com/datasets/sergiosaharovskiy/uscoins,CC0: Public Domain
img_001462,USA,Quarter,Washington Quarter,,,Reverse,"coins/Washington Quarters, 1932-1998/Washington Quarter 148771_209 Reverse.jpg",https://www.kaggle.com/datasets/sergiosaharovskiy/uscoins,CC0: Public Domain
img_001463,USA,Quarter,Washington Quarter,,,Reverse,"coins/Washington Quarters, 1932-1998/Washington Quarter 72403_110 Reverse.jpg",https://www.kaggle.com/datasets/sergiosaharovskiy/uscoins,CC0: Public Domain
img_001464,USA,Quarter,Washington Quarter,,,Obverse,"coins/Washington Quarters, 1932-1998/Washington Quarter 219644_95 Obverse.jpg",https://www.kaggle.com/datasets/sergiosaharovskiy/uscoins,CC0: Public Domain
img_001465,USA,Quarter,Washington Quarter,,,Reverse,"coins/Washington Quarters, 1932-1998/Washington Quarter 218987_26 Reverse.jpg",https://www.kaggle.com/datasets/sergiosaharovskiy/uscoins,CC0: Public Domain
img_001466,USA,Quarter,Washington Quarter,,,Obverse,"coins/Washington Quarters, 1932-1998/Washington Quarter 218987_133 Obverse.jpg",https://www.kaggle.com/datasets/sergiosaharovskiy/uscoins,CC0: Public Domain
img_001467,USA,Quarter,Washington Quarter,,,Reverse,"coins/Washington Quarters, 1932-1998/Washington Quarter 72403_38 Reverse.jpg",https://www.kaggle.com/datasets/sergiosaharovskiy/uscoins,CC0: Public Domain
img_001468,USA,Quarter,Washington Quarter,,,,"coins/Washington Quarters, 1932-1998/Washington Quarter 9 9_2.jpg",https://www.kaggle.com/datasets/sergiosaharovskiy/uscoins,CC0: Public Domain
img_001469,USA,Quarter,Washington Quarter,,,Obverse,"coins/Washington Quarters, 1932-1998/Washington Quarter 148771_256 Obverse.jpg",https://www.kaggle.com/datasets/sergiosaharovskiy/uscoins,CC0: Public Domain
img_001470,USA,Quarter,Washington Quarter,,,Obverse,"coins/Washington Quarters, 1932-1998/Washington Quarter 219644_137 Obverse.jpg",https://www.kaggle.com/datasets/sergiosaharovskiy/uscoins,CC0: Public Domain
img_001471,USA,Quarter,Washington Quarter,,,,"coins/Washington Quarters, 1932-1998/Washington Quarter 13 6_2.jpg",https://www.kaggle.com/datasets/sergiosaharovskiy/uscoins,CC0: Public Domain
img_001472,USA,Quarter,Washington Quarter,,,Reverse,"coins/Washington Quarters, 1932-1998/Washington Quarter 148771_60 Reverse.jpg",https://www.kaggle.com/datasets/sergiosaharovskiy/uscoins,CC0: Public Domain
img_001473,USA,Quarter,Washington Quarter,,,Reverse,"coins/Washington Quarters, 1932-1998/Washington Quarter 148771_176 Reverse.jpg",https://www.kaggle.com/datasets/sergiosaharovskiy/uscoins,CC0: Public Domain
img_001474,USA,Quarter,Washington Quarter,,,Reverse,"coins/Washington Quarters, 1932-1998/Washington Quarter 219644_132 Reverse.jpg",https://www.kaggle.com/datasets/sergiosaharovskiy/uscoins,CC0: Public Domain
img_001475,USA,Quarter,Washington Quarter,,,,"coins/Washington Quarters, 1932-1998/Washington Quarter 36 9_0.jpg",https://www.kaggle.com/datasets/sergiosaharovskiy/uscoins,CC0: Public Domain
img_001476,USA,Quarter,Washington Quarter,,,Reverse,"coins/Washington Quarters, 1932-1998/Washington Quarter 72403_72 Reverse.jpg",https://www.kaggle.com/datasets/sergiosaharovskiy/uscoins,CC0: Public Domain
img_001477,USA,Quarter,Washington Quarter,,,Reverse,"coins/Washington Quarters, 1932-1998/Washington Quarter 17345_43 Reverse.jpg",https://www.kaggle.com/datasets/sergiosaharovskiy/uscoins,CC0: Public Domain
img_001478,USA,Quarter,Washington Quarter,,,,"coins/Washington Quarters, 1932-1998/Washington Quarter 2 21_2.jpg",https://www.kaggle.com/datasets/sergiosaharovskiy/uscoins,CC0: Public Domain
img_001479,USA,Quarter,Washington Quarter,,,Reverse,"coins/Washington Quarters, 1932-1998/Washington Quarter 72403_219 Reverse.jpg",https://www.kaggle.com/datasets/sergiosaharovskiy/uscoins,CC0: Public Domain
img_001480,USA,Quarter,Washington Quarter,,,,"coins/Washington Quarters, 1932-1998/Washington Quarter 17 25_0.jpg",https://www.kaggle.com/datasets/sergiosaharovskiy/uscoins,CC0: Public Domain
img_001481,USA,Quarter,Washington Quarter,,,Reverse,"coins/Washington Quarters, 1932-1998/Washington Quarter 219644_54 Reverse.jpg",https://www.kaggle.com/datasets/sergiosaharovskiy/uscoins,CC0: Public Domain
img_001482,USA,Quarter,Washington Quarter,,,,"coins/Washington Quarters, 1932-1998/Washington Quarter 9 14_3.jpg",https://www.kaggle.com/datasets/sergiosaharovskiy/uscoins,CC0: Public Domain
img_001483,USA,Quarter,Washington Quarter,,,Obverse,"coins/Washington Quarters, 1932-1998/Washington Quarter 218987_125 Obverse.jpg",https://www.kaggle.com/datasets/sergiosaharovskiy/uscoins,CC0: Public Domain
img_001484,USA,Quarter,Washington Quarter,,,,"coins/Washington Quarters, 1932-1998/Washington Quarter 10 25_1.jpg",https://www.kaggle.com/datasets/sergiosaharovskiy/uscoins,CC0: Public Domain
img_001485,USA,Quarter,Washington Quarter,,,Reverse,"coins/Washington Quarters, 1932-1998/Washington Quarter 17345_19 Reverse.jpg",https://www.kaggle.com/datasets/sergiosaharovskiy/uscoins,CC0: Public Domain
img_001486,USA,Quarter,Washington Quarter,,,,"coins/Washington Quarters, 1932-1998/Washington Quarter 40 25_0.jpg",https://www.kaggle.com/datasets/sergiosaharovskiy/uscoins,CC0: Public Domain
img_001487,USA,Quarter,Washington Quarter,,,,"coins/Washington Quarters, 1932-1998/Washington Quarter 10 8_3.jpg",https://www.kaggle.com/datasets/sergiosaharovskiy/uscoins,CC0: Public Domain
img_001488,USA,Quarter,Washington Quarter,,,Obverse,"coins/Washington Quarters, 1932-1998/Washington Quarter 218987_100 Obverse.jpg",https://www.kaggle.com/datasets/sergiosaharovskiy/uscoins,CC0: Public Domain
img_001489,USA,Quarter,Washington Quarter,,,,"coins/Washington Quarters, 1932-1998/Washington Quarter 14 13_1.jpg",https://www.kaggle.com/datasets/sergiosaharovskiy/uscoins,CC0: Public Domain
img_001490,USA,Quarter,Washington Quarter,,,,"coins/Washington Quarters, 1932-1998/Washington Quarter 2 13_3.jpg",https://www.kaggle.com/datasets/sergiosaharovskiy/uscoins,CC0: Public Domain
img_001491,USA,Quarter,Washington Quarter,,,,"coins/Washington Quarters, 1932-1998/Washington Quarter 39 24_3.jpg",https://www.kaggle.com/datasets/sergiosaharovskiy/uscoins,CC0: Public Domain
img_001492,USA,Quarter,Washington Quarter,,,Reverse,"coins/Washington Quarters, 1932-1998/Washington Quarter 148771_289 Reverse.jpg",https://www.kaggle.com/datasets/sergiosaharovskiy/uscoins,CC0: Public Domain
img_001493,USA,Quarter,Washington Quarter,,,Reverse,"coins/Washington Quarters, 1932-1998/Washington Quarter 148771_239 Reverse.jpg",https://www.kaggle.com/datasets/sergiosaharovskiy/uscoins,CC0: Public Domain
img_001494,USA,Quarter,Washington Quarter,,,,"coins/Washington Quarters, 1932-1998/Washington Quarter 8 2_2.jpg",https://www.kaggle.com/datasets/sergiosaharovskiy/uscoins,CC0: Public Domain
img_001495,USA,Quarter,Washington Quarter,,,Obverse,"coins/Washington Quarters, 1932-1998/Washington Quarter 148771_33 Obverse.jpg",https://www.kaggle.com/datasets/sergiosaharovskiy/uscoins,CC0: Public Domain
img_001496,USA,Quarter,Washington Quarter,,,Reverse,"coins/Washington Quarters, 1932-1998/Washington Quarter 148771_231 Reverse.jpg",https://www.kaggle.com/datasets/sergiosaharovskiy/uscoins,CC0: Public Domain
img_001497,USA,Quarter,Washington Quarter,,,Reverse,"coins/Washington Quarters, 1932-1998/Washington Quarter 219644_144 Reverse.jpg",https://www.kaggle.com/datasets/sergiosaharovskiy/uscoins,CC0: Public Domain
img_001498,USA,Quarter,Washington Quarter,,,Reverse,"coins/Washington Quarters, 1932-1998/Washington Quarter 148771_25 Reverse.jpg",https://www.kaggle.com/datasets/sergiosaharovskiy/uscoins,CC0: Public Domain
img_001499,USA,Quarter,Washington Quarter,,,,"coins/Washington Quarters, 1932-1998/Washington Quarter 10 10_1.jpg",https://www.kaggle.com/datasets/sergiosaharovskiy/uscoins,CC0: Public Domain
img_001500,USA,Quarter,Washington Quarter,,,Reverse,"coins/Washington Quarters, 1932-1998/Washington Quarter 148771_16 Reverse.jpg",https://www.kaggle.com/datasets/sergiosaharovskiy/uscoins,CC0: Public Domain
img_001501,USA,Quarter,Washington Quarter,,,Reverse,"coins/Washington Quarters, 1932-1998/Washington Quarter 219644_112 Reverse.jpg",https://www.kaggle.com/datasets/sergiosaharovskiy/uscoins,CC0: Public Domain
img_001502,USA,Quarter,Washington Quarter,,,Obverse,"coins/Washington Quarters, 1932-1998/Washington Quarter 219644_74 Obverse.jpg",https://www.kaggle.com/datasets/sergiosaharovskiy/uscoins,CC0: Public Domain
img_001503,USA,Quarter,Washington Quarter,,,Reverse,"coins/Washington Quarters, 1932-1998/Washington Quarter 72403_66 Reverse.jpg",https://www.kaggle.com/datasets/sergiosaharovskiy/uscoins,CC0: Public Domain
img_001504,USA,Quarter,Washington Quarter,,,Obverse,"coins/Washington Quarters, 1932-1998/Washington Quarter 72403_158 Obverse.jpg",https://www.kaggle.com/datasets/sergiosaharovskiy/uscoins,CC0: Public Domain
img_001505,USA,Quarter,Washington Quarter,,,Reverse,"coins/Washington Quarters, 1932-1998/Washington Quarter 218987_127 Reverse.jpg",https://www.kaggle.com/datasets/sergiosaharovskiy/uscoins,CC0: Public Domain
img_001506,USA,Quarter,Washington Quarter,,,,"coins/Washington Quarters, 1932-1998/Washington Quarter 15 8_2.jpg",https://www.kaggle.com/datasets/sergiosaharovskiy/uscoins,CC0: Public Domain
img_001507,USA,Quarter,Washington Quarter,,,Obverse,"coins/Washington Quarters, 1932-1998/Washington Quarter 219644_73 Obverse.jpg",https://www.kaggle.com/datasets/sergiosaharovskiy/uscoins,CC0: Public Domain
img_001508,USA,Quarter,Washington Quarter,,,Obverse,"coins/Washington Quarters, 1932-1998/Washington Quarter 219644_118 Obverse.jpg",https://www.kaggle.com/datasets/sergiosaharovskiy/uscoins,CC0: Public Domain
img_001509,USA,Quarter,Washington Quarter,,,Reverse,"coins/Washington Quarters, 1932-1998/Washington Quarter 218987_117 Reverse.jpg",https://www.kaggle.com/datasets/sergiosaharovskiy/uscoins,CC0: Public Domain
img_001510,USA,Quarter,Washington Quarter,,,,"coins/Washington Quarters, 1932-1998/Washington Quarter 6 3_0.jpg",https://www.kaggle.com/datasets/sergiosaharovskiy/uscoins,CC0: Public Domain
img_001511,USA,Quarter,Washington Quarter,,,,"coins/Washington Quarters, 1932-1998/Washington Quarter 3 19_1.jpg",https://www.kaggle.com/datasets/sergiosaharovskiy/uscoins,CC0: Public Domain
img_001512,USA,Quarter,Washington Quarter,,,Obverse,"coins/Washington Quarters, 1932-1998/Washington Quarter 219644_100 Obverse.jpg",https://www.kaggle.com/datasets/sergiosaharovskiy/uscoins,CC0: Public Domain
img_001513,USA,Quarter,Washington Quarter,,,Obverse,"coins/Washington Quarters, 1932-1998/Washington Quarter 219644_61 Obverse.jpg",https://www.kaggle.com/datasets/sergiosaharovskiy/uscoins,CC0: Public Domain
img_001514,USA,Quarter,Washington Quarter,,,Obverse,"coins/Washington Quarters, 1932-1998/Washington Quarter 17345_16 Obverse.jpg",https://www.kaggle.com/datasets/sergiosaharovskiy/uscoins,CC0: Public Domain
img_001515,USA,Quarter,Washington Quarter,,,,"coins/Washington Quarters, 1932-1998/Washington Quarter 25 20_2.jpg",https://www.kaggle.com/datasets/sergiosaharovskiy/uscoins,CC0: Public Domain
img_001516,USA,Quarter,Washington Quarter,,,,"coins/Washington Quarters, 1932-1998/Washington Quarter 11 2_1.jpg",https://www.kaggle.com/datasets/sergiosaharovskiy/uscoins,CC0: Public Domain
img_001517,USA,Quarter,Washington Quarter,,,,"coins/Washington Quarters, 1932-1998/Washington Quarter 39 7_2.jpg",https://www.kaggle.com/datasets/sergiosaharovskiy/uscoins,CC0: Public Domain
img_001518,USA,Quarter,Washington Quarter,,,Obverse,"coins/Washington Quarters, 1932-1998/Washington Quarter 72403_65 Obverse.jpg",https://www.kaggle.com/datasets/sergiosaharovskiy/uscoins,CC0: Public Domain
img_001519,USA,Quarter,Washington Quarter,,,,"coins/Washington Quarters, 1932-1998/Washington Quarter 10 13_0.jpg",https://www.kaggle.com/datasets/sergiosaharovskiy/uscoins,CC0: Public Domain
img_001520,USA,Quarter,Washington Quarter,,,Obverse,"coins/Washington Quarters, 1932-1998/Washington Quarter 219644_92 Obverse.jpg",https://www.kaggle.com/datasets/sergiosaharovskiy/uscoins,CC0: Public Domain
img_001521,USA,Quarter,Washington Quarter,,,Obverse,"coins/Washington Quarters, 1932-1998/Washington Quarter 148771_190 Obverse.jpg",https://www.kaggle.com/datasets/sergiosaharovskiy/uscoins,CC0: Public Domain
img_001522,USA,Quarter,Washington Quarter,,,Obverse,"coins/Washington Quarters, 1932-1998/Washington Quarter 148771_171 Obverse.jpg",https://www.kaggle.com/datasets/sergiosaharovskiy/uscoins,CC0: Public Domain
img_001523,USA,Quarter,Washington Quarter,,,,"coins/Washington Quarters, 1932-1998/Washington Quarter 27 25_3.jpg",https://www.kaggle.com/datasets/sergiosaharovskiy/uscoins,CC0: Public Domain
img_001524,USA,Quarter,Washington Quarter,,,,"coins/Washington Quarters, 1932-1998/Washington Quarter 40 22_2.jpg",https://www.kaggle.com/datasets/sergiosaharovskiy/uscoins,CC0: Public Domain
img_001525,USA,Quarter,Washington Quarter,,,Reverse,"coins/Washington Quarters, 1932-1998/Washington Quarter 148771_261 Reverse.jpg",https://www.kaggle.com/datasets/sergiosaharovskiy/uscoins,CC0: Public Domain
img_001526,USA,Quarter,Washington Quarter,,,,"coins/Washington Quarters, 1932-1998/Washington Quarter 13 7_0.jpg",https://www.kaggle.com/datasets/sergiosaharovskiy/uscoins,CC0: Public Domain
img_001527,USA,Quarter,Washington Quarter,,,Reverse,"coins/Washington Quarters, 1932-1998/Washington Quarter 148771_157 Reverse.jpg",https://www.kaggle.com/datasets/sergiosaharovskiy/uscoins,CC0: Public Domain
img_001528,USA,Quarter,Washington Quarter,,,,"coins/Washington Quarters, 1932-1998/Washington Quarter 22 24_2.jpg",https://www.kaggle.com/datasets/sergiosaharovskiy/uscoins,CC0: Public Domain
img_001529,USA,Quarter,Washington Quarter,,,Obverse,"coins/Washington Quarters, 1932-1998/Washington Quarter 148771_103 Obverse.jpg",https://www.kaggle.com/datasets/sergiosaharovskiy/uscoins,CC0: Public Domain
img_001530,USA,Quarter,Washington Quarter,,,Obverse,"coins/Washington Quarters, 1932-1998/Washington Quarter 218987_25 Obverse.jpg",https://www.kaggle.com/datasets/sergiosaharovskiy/uscoins,CC0: Public Domain
img_001531,USA,Quarter,Washington Quarter,,,Obverse,"coins/Washington Quarters, 1932-1998/Washington Quarter 72403_196 Obverse.jpg",https://www.kaggle.com/datasets/sergiosaharovskiy/uscoins,CC0: Public Domain
img_001532,USA,Quarter,Washington Quarter,,,,"coins/Washington Quarters, 1932-1998/Washington Quarter 3 9_1.jpg",https://www.kaggle.com/datasets/sergiosaharovskiy/uscoins,CC0: Public Domain
img_001533,USA,Quarter,Washington Quarter,,,Reverse,"coins/Washington Quarters, 1932-1998/Washington Quarter 72403_20 Reverse.jpg",https://www.kaggle.com/datasets/sergiosaharovskiy/uscoins,CC0: Public Domain
img_001534,USA,Quarter,Washington Quarter,,,,"coins/Washington Quarters, 1932-1998/Washington Quarter 11 3_0.jpg",https://www.kaggle.com/datasets/sergiosaharovskiy/uscoins,CC0: Public Domain
img_001535,USA,Quarter,Washington Quarter,,,,"coins/Washington Quarters, 1932-1998/Washington Quarter 22 25_0.jpg",https://www.kaggle.com/datasets/sergiosaharovskiy/uscoins,CC0: Public Domain
img_001536,USA,Quarter,Washington Quarter,,,,"coins/Washington Quarters, 1932-1998/Washington Quarter 10 4_3.jpg",https://www.kaggle.com/datasets/sergiosaharovskiy/uscoins,CC0: Public Domain
img_001537,USA,Quarter,Washington Quarter,,,Reverse,"coins/Washington Quarters, 1932-1998/Washington Quarter 218987_43 Reverse.jpg",https://www.kaggle.com/datasets/sergiosaharovskiy/uscoins,CC0: Public Domain
img_001538,USA,Quarter,Washington Quarter,,,,"coins/Washington Quarters, 1932-1998/Washington Quarter 4 14_1.jpg",https://www.kaggle.com/datasets/sergiosaharovskiy/uscoins,CC0: Public Domain
img_001539,USA,Quarter,Washington Quarter,,,,"coins/Washington Quarters, 1932-1998/Washington Quarter 10 17_2.jpg",https://www.kaggle.com/datasets/sergiosaharovskiy/uscoins,CC0: Public Domain
img_001540,USA,Quarter,Washington Quarter,,,Reverse,"coins/Washington Quarters, 1932-1998/Washington Quarter 148771_115 Reverse.jpg",https://www.kaggle.com/datasets/sergiosaharovskiy/uscoins,CC0: Public Domain
img_001541,USA,Quarter,Washington Quarter,,,Reverse,"coins/Washington Quarters, 1932-1998/Washington Quarter 219644_30 Reverse.jpg",https://www.kaggle.com/datasets/sergiosaharovskiy/uscoins,CC0: Public Domain
img_001542,USA,Quarter,Washington Quarter,,,Obverse,"coins/Washington Quarters, 1932-1998/Washington Quarter 219644_108 Obverse.jpg",https://www.kaggle.com/datasets/sergiosaharovskiy/uscoins,CC0: Public Domain
img_001543,USA,Quarter,Washington Quarter,,,Reverse,"coins/Washington Quarters, 1932-1998/Washington Quarter 148771_150 Reverse.jpg",https://www.kaggle.com/datasets/sergiosaharovskiy/uscoins,CC0: Public Domain
img_001544,USA,Quarter,Washington Quarter,,,Obverse,"coins/Washington Quarters, 1932-1998/Washington Quarter 148771_215 Obverse.jpg",https://www.kaggle.com/datasets/sergiosaharovskiy/uscoins,CC0: Public Domain
img_001545,USA,Quarter,Washington Quarter,,,,"coins/Washington Quarters, 1932-1998/Washington Quarter 14 6_0.jpg",https://www.kaggle.com/datasets/sergiosaharovskiy/uscoins,CC0: Public Domain
img_001546,USA,Quarter,Washington Quarter,,,,"coins/Washington Quarters, 1932-1998/Washington Quarter 11 9_0.jpg",https://www.kaggle.com/datasets/sergiosaharovskiy/uscoins,CC0: Public Domain
img_001547,USA,Quarter,Washington Quarter,,,Obverse,"coins/Washington Quarters, 1932-1998/Washington Quarter 219644_33 Obverse.jpg",https://www.kaggle.com/datasets/sergiosaharovskiy/uscoins,CC0: Public Domain
img_001548,USA,Quarter,Washington Quarter,,,,"coins/Washington Quarters, 1932-1998/Washington Quarter 19 18_0.jpg",https://www.kaggle.com/datasets/sergiosaharovskiy/uscoins,CC0: Public Domain
img_001549,USA,Quarter,Washington Quarter,,,Obverse,"coins/Washington Quarters, 1932-1998/Washington Quarter 148771_138 Obverse.jpg",https://www.kaggle.com/datasets/sergiosaharovskiy/uscoins,CC0: Public Domain
img_001550,USA,Quarter,Washington Quarter,,,Obverse,"coins/Washington Quarters, 1932-1998/Washington Quarter 148771_88 Obverse.jpg",https://www.kaggle.com/datasets/sergiosaharovskiy/uscoins,CC0: Public Domain
img_001551,USA,Quarter,Washington Quarter,,,Obverse,"coins/Washington Quarters, 1932-1998/Washington Quarter 17345_18 Obverse.jpg",https://www.kaggle.com/datasets/sergiosaharovskiy/uscoins,CC0: Public Domain
img_001552,USA,Quarter,Washington Quarter,,,Obverse,"coins/Washington Quarters, 1932-1998/Washington Quarter 219644_8 Obverse.jpg",https://www.kaggle.com/datasets/sergiosaharovskiy/uscoins,CC0: Public Domain
img_001553,USA,Quarter,Washington Quarter,,,,"coins/Washington Quarters, 1932-1998/Washington Quarter 6 11_1.jpg",https://www.kaggle.com/datasets/sergiosaharovskiy/uscoins,CC0: Public Domain
img_001554,USA,Quarter,Washington Quarter,,,Reverse,"coins/Washington Quarters, 1932-1998/Washington Quarter 219644_4 Reverse.jpg",https://www.kaggle.com/datasets/sergiosaharovskiy/uscoins,CC0: Public Domain
img_001555,USA,Quarter,Washington Quarter,,,Obverse,"coins/Washington Quarters, 1932-1998/Washington Quarter 148771_69 Obverse.jpg",https://www.kaggle.com/datasets/sergiosaharovskiy/uscoins,CC0: Public Domain
img_001556,USA,Quarter,Washington Quarter,,,,"coins/Washington Quarters, 1932-1998/Washington Quarter 3 11_0.jpg",https://www.kaggle.com/datasets/sergiosaharovskiy/uscoins,CC0: Public Domain
img_001557,USA,Quarter,Washington Quarter,,,,"coins/Washington Quarters, 1932-1998/Washington Quarter 24 4_1.jpg",https://www.kaggle.com/datasets/sergiosaharovskiy/uscoins,CC0: Public Domain
img_001558,USA,Quarter,Washington Quarter,,,,"coins/Washington Quarters, 1932-1998/Washington Quarter 18 25_0.jpg",https://www.kaggle.com/datasets/sergiosaharovskiy/uscoins,CC0: Public Domain
img_001559,USA,Quarter,Washington Quarter,,,,"coins/Washington Quarters, 1932-1998/Washington Quarter 2 3_1.jpg",https://www.kaggle.com/datasets/sergiosaharovskiy/uscoins,CC0: Public Domain
img_001560,USA,Quarter,Washington Quarter,,,Reverse,"coins/Washington Quarters, 1932-1998/Washington Quarter 72403_112 Reverse.jpg",https://www.kaggle.com/datasets/sergiosaharovskiy/uscoins,CC0: Public Domain
img_001561,USA,Quarter,Washington Quarter,,,,"coins/Washington Quarters, 1932-1998/Washington Quarter 33 23_3.jpg",https://www.kaggle.com/datasets/sergiosaharovskiy/uscoins,CC0: Public Domain
img_001562,USA,Quarter,Washington Quarter,,,Reverse,"coins/Washington Quarters, 1932-1998/Washington Quarter 219644_93 Reverse.jpg",https://www.kaggle.com/datasets/sergiosaharovskiy/uscoins,CC0: Public Domain
img_001563,USA,Quarter,Washington Quarter,,,Reverse,"coins/Washington Quarters, 1932-1998/Washington Quarter 218987_34 Reverse.jpg",https://www.kaggle.com/datasets/sergiosaharovskiy/uscoins,CC0: Public Domain
img_001564,USA,Quarter,Washington Quarter,,,,"coins/Washington Quarters, 1932-1998/Washington Quarter 3 24_1.jpg",https://www.kaggle.com/datasets/sergiosaharovskiy/uscoins,CC0: Public Domain
img_001565,USA,Quarter,Washington Quarter,,,,"coins/Washington Quarters, 1932-1998/Washington Quarter 3 1_2.jpg",https://www.kaggle.com/datasets/sergiosaharovskiy/uscoins,CC0: Public Domain
img_001566,USA,Quarter,Washington Quarter,,,,"coins/Washington Quarters, 1932-1998/Washington Quarter 28 24_1.jpg",https://www.kaggle.com/datasets/sergiosaharovskiy/uscoins,CC0: Public Domain
img_001567,USA,Quarter,Washington Quarter,,,,"coins/Washington Quarters, 1932-1998/Washington Quarter 26 14_1.jpg",https://www.kaggle.com/datasets/sergiosaharovskiy/uscoins,CC0: Public Domain
img_001568,USA,Quarter,Washington Quarter,,,Reverse,"coins/Washington Quarters, 1932-1998/Washington Quarter 17345_25 Reverse.jpg",https://www.kaggle.com/datasets/sergiosaharovskiy/uscoins,CC0: Public Domain
img_001569,USA,Quarter,Washington Quarter,,,,"coins/Washington Quarters, 1932-1998/Washington Quarter 1 24_2.jpg",https://www.kaggle.com/datasets/sergiosaharovskiy/uscoins,CC0: Public Domain
img_001570,USA,Quarter,Washington Quarter,,,Reverse,"coins/Washington Quarters, 1932-1998/Washington Quarter 218987_108 Reverse.jpg",https://www.kaggle.com/datasets/sergiosaharovskiy/uscoins,CC0: Public Domain
img_001571,USA,Quarter,Washington Quarter,,,Obverse,"coins/Washington Quarters, 1932-1998/Washington Quarter 219644_134 Obverse.jpg",https://www.kaggle.com/datasets/sergiosaharovskiy/uscoins,CC0: Public Domain
img_001572,USA,Quarter,Washington Quarter,,,,"coins/Washington Quarters, 1932-1998/Washington Quarter 26 25_3.jpg",https://www.kaggle.com/datasets/sergiosaharovskiy/uscoins,CC0: Public Domain
img_001573,USA,Quarter,Washington Quarter,,,Obverse,"coins/Washington Quarters, 1932-1998/Washington Quarter 148771_193 Obverse.jpg",https://www.kaggle.com/datasets/sergiosaharovskiy/uscoins,CC0: Public Domain
img_001574,USA,Quarter,Washington Quarter,,,,"coins/Washington Quarters, 1932-1998/Washington Quarter 15 22_1.jpg",https://www.kaggle.com/datasets/sergiosaharovskiy/uscoins,CC0: Public Domain
img_001575,USA,Quarter,Washington Quarter,,,Reverse,"coins/Washington Quarters, 1932-1998/Washington Quarter 218987_21 Reverse.jpg",https://www.kaggle.com/datasets/sergiosaharovskiy/uscoins,CC0: Public Domain
img_001576,USA,Quarter,Washington Quarter,,,,"coins/Washington Quarters, 1932-1998/Washington Quarter 17 18_3.jpg",https://www.kaggle.com/datasets/sergiosaharovskiy/uscoins,CC0: Public Domain
img_001577,USA,Quarter,Washington Quarter,,,,"coins/Washington Quarters, 1932-1998/Washington Quarter 11 7_2.jpg",https://www.kaggle.com/datasets/sergiosaharovskiy/uscoins,CC0: Public Domain
img_001578,USA,Quarter,Washington Quarter,,,,"coins/Washington Quarters, 1932-1998/Washington Quarter 10 17_3.jpg",https://www.kaggle.com/datasets/sergiosaharovskiy/uscoins,CC0: Public Domain
img_001579,USA,Quarter,Washington Quarter,,,,"coins/Washington Quarters, 1932-1998/Washington Quarter 7 25_0.jpg",https://www.kaggle.com/datasets/sergiosaharovskiy/uscoins,CC0: Public Domain
img_001580,USA,Quarter,Washington Quarter,,,,"coins/Washington Quarters, 1932-1998/Washington Quarter 10 4_1.jpg",https://www.kaggle.com/datasets/sergiosaharovskiy/uscoins,CC0: Public Domain
img_001581,USA,Quarter,Washington Quarter,,,Obverse,"coins/Washington Quarters, 1932-1998/Washington Quarter 219644_147 Obverse.jpg",https://www.kaggle.com/datasets/sergiosaharovskiy/uscoins,CC0: Public Domain
img_001582,USA,Quarter,Washington Quarter,,,,"coins/Washington Quarters, 1932-1998/Washington Quarter 9 25_0.jpg",https://www.kaggle.com/datasets/sergiosaharovskiy/uscoins,CC0: Public Domain
img_001583,USA,Quarter,Washington Quarter,,,Reverse,"coins/Washington Quarters, 1932-1998/Washington Quarter 72403_50 Reverse.jpg",https://www.kaggle.com/datasets/sergiosaharovskiy/uscoins,CC0: Public Domain
img_001584,USA,Quarter,Washington Quarter,,,,"coins/Washington Quarters, 1932-1998/Washington Quarter 4 7_1.jpg",https://www.kaggle.com/datasets/sergiosaharovskiy/uscoins,CC0: Public Domain
img_001585,USA,Quarter,Washington Quarter,,,,"coins/Washington Quarters, 1932-1998/Washington Quarter 1 18_0.jpg",https://www.kaggle.com/datasets/sergiosaharovskiy/uscoins,CC0: Public Domain
img_001586,USA,Quarter,Washington Quarter,,,,"coins/Washington Quarters, 1932-1998/Washington Quarter 10 8_2.jpg",https://www.kaggle.com/datasets/sergiosaharovskiy/uscoins,CC0: Public Domain
img_001587,USA,Quarter,Washington Quarter,,,Reverse,"coins/Washington Quarters, 1932-1998/Washington Quarter 218987_73 Reverse.jpg",https://www.kaggle.com/datasets/sergiosaharovskiy/uscoins,CC0: Public Domain
img_001588,USA,Quarter,Washington Quarter,,,Obverse,"coins/Washington Quarters, 1932-1998/Washington Quarter 219644_102 Obverse.jpg",https://www.kaggle.com/datasets/sergiosaharovskiy/uscoins,CC0: Public Domain
img_001589,USA,Quarter,Washington Quarter,,,Obverse,"coins/Washington Quarters, 1932-1998/Washington Quarter 148771_51 Obverse.jpg",https://www.kaggle.com/datasets/sergiosaharovskiy/uscoins,CC0: Public Domain
img_001590,USA,Quarter,Washington Quarter,,,,"coins/Washington Quarters, 1932-1998/Washington Quarter 14 7_0.jpg",https://www.kaggle.com/datasets/sergiosaharovskiy/uscoins,CC0: Public Domain
img_001591,USA,Quarter,Washington Quarter,,,,"coins/Washington Quarters, 1932-1998/Washington Quarter 22 23_1.jpg",https://www.kaggle.com/datasets/sergiosaharovskiy/uscoins,CC0: Public Domain
img_001592,USA,Quarter,Washington Quarter,,,,"coins/Washington Quarters, 1932-1998/Washington Quarter 3 2_2.jpg",https://www.kaggle.com/datasets/sergiosaharovskiy/uscoins,CC0: Public Domain
img_001593,USA,Quarter,Washington Quarter,,,,"coins/Washington Quarters, 1932-1998/Washington Quarter 22 17_1.jpg",https://www.kaggle.com/datasets/sergiosaharovskiy/uscoins,CC0: Public Domain
img_001594,USA,Quarter,Washington Quarter,,,Reverse,"coins/Washington Quarters, 1932-1998/Washington Quarter 148771_159 Reverse.jpg",https://www.kaggle.com/datasets/sergiosaharovskiy/uscoins,CC0: Public Domain
img_001595,USA,Quarter,Washington Quarter,,,Reverse,"coins/Washington Quarters, 1932-1998/Washington Quarter 148771_134 Reverse.jpg",https://www.kaggle.com/datasets/sergiosaharovskiy/uscoins,CC0: Public Domain
img_001596,USA,Quarter,Washington Quarter,,,,"coins/Washington Quarters, 1932-1998/Washington Quarter 7 9_0.jpg",https://www.kaggle.com/datasets/sergiosaharovskiy/uscoins,CC0: Public Domain
img_001597,USA,Quarter,Washington Quarter,,,,"coins/Washington Quarters, 1932-1998/Washington Quarter 22 18_3.jpg",https://www.kaggle.com/datasets/sergiosaharovskiy/uscoins,CC0: Public Domain
img_001598,USA,Quarter,Washington Quarter,,,,"coins/Washington Quarters, 1932-1998/Washington Quarter 22 21_1.jpg",https://www.kaggle.com/datasets/sergiosaharovskiy/uscoins,CC0: Public Domain
img_001599,USA,Quarter,Washington Quarter,,,,"coins/Washington Quarters, 1932-1998/Washington Quarter 9 20_2.jpg",https://www.kaggle.com/datasets/sergiosaharovskiy/uscoins,CC0: Public Domain
img_001600,USA,Quarter,Washington Quarter,,,Reverse,"coins/Washington Quarters, 1932-1998/Washington Quarter 148771_154 Reverse.jpg",https://www.kaggle.com/datasets/sergiosaharovskiy/uscoins,CC0: Public Domain
img_001601,USA,Quarter,Washington Quarter,,,Reverse,"coins/Washington Quarters, 1932-1998/Washington Quarter 219644_62 Reverse.jpg",https://www.kaggle.com/datasets/sergiosaharovskiy/uscoins,CC0: Public Domain
img_001602,USA,Quarter,Washington Quarter,,,,"coins/Washington Quarters, 1932-1998/Washington Quarter 13 25_0.jpg",https://www.kaggle.com/datasets/sergiosaharovskiy/uscoins,CC0: Public Domain
img_001603,USA,Quarter,Washington Quarter,,,Reverse,"coins/Washington Quarters, 1932-1998/Washington Quarter 72403_126 Reverse.jpg",https://www.kaggle.com/datasets/sergiosaharovskiy/uscoins,CC0: Public Domain
img_001604,USA,Quarter,Washington Quarter,,,,"coins/Washington Quarters, 1932-1998/Washington Quarter 11 25_0.jpg",https://www.kaggle.com/datasets/sergiosaharovskiy/uscoins,CC0: Public Domain
img_001605,USA,Quarter,Washington Quarter,,,Obverse,"coins/Washington Quarters, 1932-1998/Washington Quarter 72403_235 Obverse.jpg",https://www.kaggle.com/datasets/sergiosaharovskiy/uscoins,CC0: Public Domain
img_001606,USA,Quarter,Washington Quarter,,,Reverse,"coins/Washington Quarters, 1932-1998/Washington Quarter 218987_82 Reverse.jpg",https://www.kaggle.com/datasets/sergiosaharovskiy/uscoins,CC0: Public Domain
img_001607,USA,Quarter,Washington Quarter,,,,"coins/Washington Quarters, 1932-1998/Washington Quarter 25 11_1.jpg",https://www.kaggle.com/datasets/sergiosaharovskiy/uscoins,CC0: Public Domain
img_001608,USA,Quarter,Washington Quarter,,,Reverse,"coins/Washington Quarters, 1932-1998/Washington Quarter 17345_27 Reverse.jpg",https://www.kaggle.com/datasets/sergiosaharovskiy/uscoins,CC0: Public Domain
img_001609,USA,Quarter,Washington Quarter,,,,"coins/Washington Quarters, 1932-1998/Washington Quarter 28 22_0.jpg",https://www.kaggle.com/datasets/sergiosaharovskiy/uscoins,CC0: Public Domain
img_001610,USA,Quarter,Washington Quarter,,,,"coins/Washington Quarters, 1932-1998/Washington Quarter 1 15_2.jpg",https://www.kaggle.com/datasets/sergiosaharovskiy/uscoins,CC0: Public Domain
img_001611,USA,Quarter,Washington Quarter,,,,"coins/Washington Quarters, 1932-1998/Washington Quarter 22 17_0.jpg",https://www.kaggle.com/datasets/sergiosaharovskiy/uscoins,CC0: Public Domain
img_001612,USA,Quarter,Washington Quarter,,,,"coins/Washington Quarters, 1932-1998/Washington Quarter 33 5_3.jpg",https://www.kaggle.com/datasets/sergiosaharovskiy/uscoins,CC0: Public Domain
img_001613,USA,Quarter,Washington Quarter,,,Reverse,"coins/Washington Quarters, 1932-1998/Washington Quarter 219644_79 Reverse.jpg",https://www.kaggle.com/datasets/sergiosaharovskiy/uscoins,CC0: Public Domain
img_001614,USA,Quarter,Washington Quarter,,,Reverse,"coins/Washington Quarters, 1932-1998/Washington Quarter 148771_96 Reverse.jpg",https://www.kaggle.com/datasets/sergiosaharovskiy/uscoins,CC0: Public Domain
img_001615,USA,Quarter,Washington Quarter,,,,"coins/Washington Quarters, 1932-1998/Washington Quarter 3 20_3.jpg",https://www.kaggle.com/datasets/sergiosaharovskiy/uscoins,CC0: Public Domain
img_001616,USA,Quarter,Washington Quarter,,,Reverse,"coins/Washington Quarters, 1932-1998/Washington Quarter 148771_288 Reverse.jpg",https://www.kaggle.com/datasets/sergiosaharovskiy/uscoins,CC0: Public Domain
img_001617,USA,Quarter,Washington Quarter,,,Obverse,"coins/Washington Quarters, 1932-1998/Washington Quarter 218987_92 Obverse.jpg",https://www.kaggle.com/datasets/sergiosaharovskiy/uscoins,CC0: Public Domain
img_001618,USA,Quarter,Washington Quarter,,,,"coins/Washington Quarters, 1932-1998/Washington Quarter 1 13_3.jpg",https://www.kaggle.com/datasets/sergiosaharovskiy/uscoins,CC0: Public Domain
img_001619,USA,Quarter,Washington Quarter,,,Obverse,"coins/Washington Quarters, 1932-1998/Washington Quarter 17345_37 Obverse.jpg",https://www.kaggle.com/datasets/sergiosaharovskiy/uscoins,CC0: Public Domain
img_001620,USA,Quarter,Washington Quarter,,,,"coins/Washington Quarters, 1932-1998/Washington Quarter 1 3_0.jpg",https://www.kaggle.com/datasets/sergiosaharovskiy/uscoins,CC0: Public Domain
img_001621,USA,Quarter,Washington Quarter,,,Obverse,"coins/Washington Quarters, 1932-1998/Washington Quarter 148771_278 Obverse.jpg",https://www.kaggle.com/datasets/sergiosaharovskiy/uscoins,CC0: Public Domain
img_001622,USA,Quarter,Washington Quarter,,,Reverse,"coins/Washington Quarters, 1932-1998/Washington Quarter 218987_45 Reverse.jpg",https://www.kaggle.com/datasets/sergiosaharovskiy/uscoins,CC0: Public Domain
img_001623,USA,Quarter,Washington Quarter,,,,"coins/Washington Quarters, 1932-1998/Washington Quarter 28 14_0.jpg",https://www.kaggle.com/datasets/sergiosaharovskiy/uscoins,CC0: Public Domain
img_001624,USA,Quarter,Washington Quarter,,,,"coins/Washington Quarters, 1932-1998/Washington Quarter 29 25_3.jpg",https://www.kaggle.com/datasets/sergiosaharovskiy/uscoins,CC0: Public Domain
img_001625,USA,Quarter,Washington Quarter,,,,"coins/Washington Quarters, 1932-1998/Washington Quarter 32 9_0.jpg",https://www.kaggle.com/datasets/sergiosaharovskiy/uscoins,CC0: Public Domain
img_001626,USA,Quarter,Washington Quarter,,,Obverse,"coins/Washington Quarters, 1932-1998/Washington Quarter 72403_3 Obverse.jpg",https://www.kaggle.com/datasets/sergiosaharovskiy/uscoins,CC0: Public Domain
img_001627,USA,Quarter,Washington Quarter,,,Reverse,"coins/Washington Quarters, 1932-1998/Washington Quarter 148771_213 Reverse.jpg",https://www.kaggle.com/datasets/sergiosaharovskiy/uscoins,CC0: Public Domain
img_001628,USA,Quarter,Washington Quarter,,,Obverse,"coins/Washington Quarters, 1932-1998/Washington Quarter 17345_40 Obverse.jpg",https://www.kaggle.com/datasets/sergiosaharovskiy/uscoins,CC0: Public Domain
img_001629,USA,Quarter,Washington Quarter,,,,"coins/Washington Quarters, 1932-1998/Washington Quarter 2 6_0.jpg",https://www.kaggle.com/datasets/sergiosaharovskiy/uscoins,CC0: Public Domain
img_001630,USA,Quarter,Washington Quarter,,,Obverse,"coins/Washington Quarters, 1932-1998/Washington Quarter 218987_12 Obverse.jpg",https://www.kaggle.com/datasets/sergiosaharovskiy/uscoins,CC0: Public Domain
img_001631,USA,Quarter,Washington Quarter,,,Obverse,"coins/Washington Quarters, 1932-1998/Washington Quarter 148771_15 Obverse.jpg",https://www.kaggle.com/datasets/sergiosaharovskiy/uscoins,CC0: Public Domain
img_001632,USA,Quarter,Washington Quarter,,,Obverse,"coins/Washington Quarters, 1932-1998/Washington Quarter 148771_130 Obverse.jpg",https://www.kaggle.com/datasets/sergiosaharovskiy/uscoins,CC0: Public Domain
img_001633,USA,Quarter,Washington Quarter,,,Reverse,"coins/Washington Quarters, 1932-1998/Washington Quarter 148771_270 Reverse.jpg",https://www.kaggle.com/datasets/sergiosaharovskiy/uscoins,CC0: Public Domain
img_001634,USA,Quarter,Washington Quarter,,,,"coins/Washington Quarters, 1932-1998/Washington Quarter 1 7_0.jpg",https://www.kaggle.com/datasets/sergiosaharovskiy/uscoins,CC0: Public Domain
img_001635,USA,Quarter,Washington Quarter,,,Obverse,"coins/Washington Quarters, 1932-1998/Washington Quarter 218987_107 Obverse.jpg",https://www.kaggle.com/datasets/sergiosaharovskiy/uscoins,CC0: Public Domain
img_001636,USA,Quarter,Washington Quarter,,,,"coins/Washington Quarters, 1932-1998/Washington Quarter 1 5_1.jpg",https://www.kaggle.com/datasets/sergiosaharovskiy/uscoins,CC0: Public Domain
img_001637,USA,Quarter,Washington Quarter,,,Reverse,"coins/Washington Quarters, 1932-1998/Washington Quarter 72403_61 Reverse.jpg",https://www.kaggle.com/datasets/sergiosaharovskiy/uscoins,CC0: Public Domain
img_001638,USA,Quarter,Washington Quarter,,,,"coins/Washington Quarters, 1932-1998/Washington Quarter 16 3_2.jpg",https://www.kaggle.com/datasets/sergiosaharovskiy/uscoins,CC0: Public Domain
img_001639,USA,Quarter,Washington Quarter,,,Obverse,"coins/Washington Quarters, 1932-1998/Washington Quarter 219644_10 Obverse.jpg",https://www.kaggle.com/datasets/sergiosaharovskiy/uscoins,CC0: Public Domain
img_001640,USA,Quarter,Washington Quarter,,,Reverse,"coins/Washington Quarters, 1932-1998/Washington Quarter 219644_55 Reverse.jpg",https://www.kaggle.com/datasets/sergiosaharovskiy/uscoins,CC0: Public Domain
img_001641,USA,Quarter,Washington Quarter,,,Reverse,"coins/Washington Quarters, 1932-1998/Washington Quarter 218987_122 Reverse.jpg",https://www.kaggle.com/datasets/sergiosaharovskiy/uscoins,CC0: Public Domain
img_001642,USA,Quarter,Washington Quarter,,,Reverse,"coins/Washington Quarters, 1932-1998/Washington Quarter 218987_66 Reverse.jpg",https://www.kaggle.com/datasets/sergiosaharovskiy/uscoins,CC0: Public Domain
img_001643,USA,Quarter,Washington Quarter,,,,"coins/Washington Quarters, 1932-1998/Washington Quarter 12 5_3.jpg",https://www.kaggle.com/datasets/sergiosaharovskiy/uscoins,CC0: Public Domain
img_001644,USA,Quarter,Washington Quarter,,,Reverse,"coins/Washington Quarters, 1932-1998/Washington Quarter 148771_187 Reverse.jpg",https://www.kaggle.com/datasets/sergiosaharovskiy/uscoins,CC0: Public Domain
img_001645,USA,Quarter,Washington Quarter,,,Obverse,"coins/Washington Quarters, 1932-1998/Washington Quarter 148771_39 Obverse.jpg",https://www.kaggle.com/datasets/sergiosaharovskiy/uscoins,CC0: Public Domain
img_001646,USA,Quarter,Washington Quarter,,,,"coins/Washington Quarters, 1932-1998/Washington Quarter 27 25_0.jpg",https://www.kaggle.com/datasets/sergiosaharovskiy/uscoins,CC0: Public Domain
img_001647,USA,Quarter,Washington Quarter,,,Reverse,"coins/Washington Quarters, 1932-1998/Washington Quarter 148771_3 Reverse.jpg",https://www.kaggle.com/datasets/sergiosaharovskiy/uscoins,CC0: Public Domain
img_001648,USA,Quarter,Washington Quarter,,,Reverse,"coins/Washington Quarters, 1932-1998/Washington Quarter 148771_97 Reverse.jpg",https://www.kaggle.com/datasets/sergiosaharovskiy/uscoins,CC0: Public Domain
img_001649,USA,Quarter,Washington Quarter,,,,"coins/Washington Quarters, 1932-1998/Washington Quarter 9 5_1.jpg",https://www.kaggle.com/datasets/sergiosaharovskiy/uscoins,CC0: Public Domain
img_001650,USA,Quarter,Washington Quarter,,,Obverse,"coins/Washington Quarters, 1932-1998/Washington Quarter 219644_21 Obverse.jpg",https://www.kaggle.com/datasets/sergiosaharovskiy/uscoins,CC0: Public Domain
img_001651,USA,Quarter,Washington Quarter,,,,"coins/Washington Quarters, 1932-1998/Washington Quarter 22 22_1.jpg",https://www.kaggle.com/datasets/sergiosaharovskiy/uscoins,CC0: Public Domain
img_001652,USA,Quarter,Washington Quarter,,,Obverse,"coins/Washington Quarters, 1932-1998/Washington Quarter 148771_266 Obverse.jpg",https://www.kaggle.com/datasets/sergiosaharovskiy/uscoins,CC0: Public Domain
img_001653,USA,Quarter,Washington Quarter,,,Reverse,"coins/Washington Quarters, 1932-1998/Washington Quarter 72403_63 Reverse.jpg",https://www.kaggle.com/datasets/sergiosaharovskiy/uscoins,CC0: Public Domain
img_001654,USA,Quarter,Washington Quarter,,,Obverse,"coins/Washington Quarters, 1932-1998/Washington Quarter 218987_11 Obverse.jpg",https://www.kaggle.com/datasets/sergiosaharovskiy/uscoins,CC0: Public Domain
img_001655,USA,Quarter,Washington Quarter,,,Obverse,"coins/Washington Quarters, 1932-1998/Washington Quarter 218987_89 Obverse.jpg",https://www.kaggle.com/datasets/sergiosaharovskiy/uscoins,CC0: Public Domain
img_001656,USA,Quarter,Washington Quarter,,,Obverse,"coins/Washington Quarters, 1932-1998/Washington Quarter 17345_33 Obverse.jpg",https://www.kaggle.com/datasets/sergiosaharovskiy/uscoins,CC0: Public Domain
img_001657,USA,Quarter,Washington Quarter,,,Obverse,"coins/Washington Quarters, 1932-1998/Washington Quarter 219644_49 Obverse.jpg",https://www.kaggle.com/datasets/sergiosaharovskiy/uscoins,CC0: Public Domain
img_001658,USA,Quarter,Washington Quarter,,,,"coins/Washington Quarters, 1932-1998/Washington Quarter 1 22_1.jpg",https://www.kaggle.com/datasets/sergiosaharovskiy/uscoins,CC0: Public Domain
img_001659,USA,Quarter,Washington Quarter,,,Reverse,"coins/Washington Quarters, 1932-1998/Washington Quarter 148771_240 Reverse.jpg",https://www.kaggle.com/datasets/sergiosaharovskiy/uscoins,CC0: Public Domain
img_001660,USA,Quarter,Washington Quarter,,,Reverse,"coins/Washington Quarters, 1932-1998/Washington Quarter 148771_21 Reverse.jpg",https://www.kaggle.com/datasets/sergiosaharovskiy/uscoins,CC0: Public Domain
img_001661,USA,Quarter,Washington Quarter,,,,"coins/Washington Quarters, 1932-1998/Washington Quarter 28 15_2.jpg",https://www.kaggle.com/datasets/sergiosaharovskiy/uscoins,CC0: Public Domain
img_001662,USA,Quarter,Washington Quarter,,,,"coins/Washington Quarters, 1932-1998/Washington Quarter 11 2_2.jpg",https://www.kaggle.com/datasets/sergiosaharovskiy/uscoins,CC0: Public Domain
img_001663,USA,Quarter,Washington Quarter,,,Reverse,"coins/Washington Quarters, 1932-1998/Washington Quarter 148771_192 Reverse.jpg",https://www.kaggle.com/datasets/sergiosaharovskiy/uscoins,CC0: Public Domain
img_001664,USA,Quarter,Washington Quarter,,,,"coins/Washington Quarters, 1932-1998/Washington Quarter 23 9_3.jpg",https://www.kaggle.com/datasets/sergiosaharovskiy/uscoins,CC0: Public Domain
img_001665,USA,Quarter,Washington Quarter,,,Obverse,"coins/Washington Quarters, 1932-1998/Washington Quarter 148771_253 Obverse.jpg",https://www.kaggle.com/datasets/sergiosaharovskiy/uscoins,CC0: Public Domain
img_001666,USA,Quarter,Washington Quarter,,,Obverse,"coins/Washington Quarters, 1932-1998/Washington Quarter 148771_57 Obverse.jpg",https://www.kaggle.com/datasets/sergiosaharovskiy/uscoins,CC0: Public Domain
img_001667,USA,Quarter,Washington Quarter,,,Obverse,"coins/Washington Quarters, 1932-1998/Washington Quarter 148771_263 Obverse.jpg",https://www.kaggle.com/datasets/sergiosaharovskiy/uscoins,CC0: Public Domain
img_001668,USA,Quarter,Washington Quarter,,,,"coins/Washington Quarters, 1932-1998/Washington Quarter 39 6_1.jpg",https://www.kaggle.com/datasets/sergiosaharovskiy/uscoins,CC0: Public Domain
img_001669,USA,Quarter,Washington Quarter,,,,"coins/Washington Quarters, 1932-1998/Washington Quarter 1 7_3.jpg",https://www.kaggle.com/datasets/sergiosaharovskiy/uscoins,CC0: Public Domain
img_001670,USA,Quarter,Washington Quarter,,,Reverse,"coins/Washington Quarters, 1932-1998/Washington Quarter 219644_69 Reverse.jpg",https://www.kaggle.com/datasets/sergiosaharovskiy/uscoins,CC0: Public Domain
img_001671,USA,Quarter,Washington Quarter,,,,"coins/Washington Quarters, 1932-1998/Washington Quarter 2 6_2.jpg",https://www.kaggle.com/datasets/sergiosaharovskiy/uscoins,CC0: Public Domain
img_001672,USA,Quarter,Washington Quarter,,,,"coins/Washington Quarters, 1932-1998/Washington Quarter 21 14_1.jpg",https://www.kaggle.com/datasets/sergiosaharovskiy/uscoins,CC0: Public Domain
img_001673,USA,Quarter,Washington Quarter,,,,"coins/Washington Quarters, 1932-1998/Washington Quarter 32 25_0.jpg",https://www.kaggle.com/datasets/sergiosaharovskiy/uscoins,CC0: Public Domain
img_001674,USA,Quarter,Washington Quarter,,,,"coins/Washington Quarters, 1932-1998/Washington Quarter 13 25_1.jpg",https://www.kaggle.com/datasets/sergiosaharovskiy/uscoins,CC0: Public Domain
img_001675,USA,Quarter,Washington Quarter,,,,"coins/Washington Quarters, 1932-1998/Washington Quarter 6 9_0.jpg",https://www.kaggle.com/datasets/sergiosaharovskiy/uscoins,CC0: Public Domain
img_001676,USA,Quarter,Washington Quarter,,,Reverse,"coins/Washington Quarters, 1932-1998/Washington Quarter 148771_283 Reverse.jpg",https://www.kaggle.com/datasets/sergiosaharovskiy/uscoins,CC0: Public Domain
img_001677,USA,Quarter,Washington Quarter,,,,"coins/Washington Quarters, 1932-1998/Washington Quarter 20 0_2.jpg",https://www.kaggle.com/datasets/sergiosaharovskiy/uscoins,CC0: Public Domain
img_001678,USA,Quarter,Washington Quarter,,,,"coins/Washington Quarters, 1932-1998/Washington Quarter 35 25_3.jpg",https://www.kaggle.com/datasets/sergiosaharovskiy/uscoins,CC0: Public Domain
img_001679,USA,Quarter,Washington Quarter,,,,"coins/Washington Quarters, 1932-1998/Washington Quarter 30 15_0.jpg",https://www.kaggle.com/datasets/sergiosaharovskiy/uscoins,CC0: Public Domain
img_001680,USA,Quarter,Washington Quarter,,,,"coins/Washington Quarters, 1932-1998/Washington Quarter 23 3_3.jpg",https://www.kaggle.com/datasets/sergiosaharovskiy/uscoins,CC0: Public Domain
img_001681,USA,Quarter,Washington Quarter,,,,"coins/Washington Quarters, 1932-1998/Washington Quarter 21 23_3.jpg",https://www.kaggle.com/datasets/sergiosaharovskiy/uscoins,CC0: Public Domain
img_001682,USA,Quarter,Washington Quarter,,,Reverse,"coins/Washington Quarters, 1932-1998/Washington Quarter 148771_10 Reverse.jpg",https://www.kaggle.com/datasets/sergiosaharovskiy/uscoins,CC0: Public Domain
img_001683,USA,Quarter,Washington Quarter,,,Obverse,"coins/Washington Quarters, 1932-1998/Washington Quarter 72403_30 Obverse.jpg",https://www.kaggle.com/datasets/sergiosaharovskiy/uscoins,CC0: Public Domain
img_001684,USA,Quarter,Washington Quarter,,,,"coins/Washington Quarters, 1932-1998/Washington Quarter 3 24_2.jpg",https://www.kaggle.com/datasets/sergiosaharovskiy/uscoins,CC0: Public Domain
img_001685,USA,Quarter,Washington Quarter,,,Obverse,"coins/Washington Quarters, 1932-1998/Washington Quarter 148771_89 Obverse.jpg",https://www.kaggle.com/datasets/sergiosaharovskiy/uscoins,CC0: Public Domain
img_001686,USA,Quarter,Washington Quarter,,,,"coins/Washington Quarters, 1932-1998/Washington Quarter 40 6_3.jpg",https://www.kaggle.com/datasets/sergiosaharovskiy/uscoins,CC0: Public Domain
img_001687,USA,Quarter,Washington Quarter,,,Reverse,"coins/Washington Quarters, 1932-1998/Washington Quarter 72403_118 Reverse.jpg",https://www.kaggle.com/datasets/sergiosaharovskiy/uscoins,CC0: Public Domain
img_001688,USA,Quarter,Washington Quarter,,,,"coins/Washington Quarters, 1932-1998/Washington Quarter 33 22_2.jpg",https://www.kaggle.com/datasets/sergiosaharovskiy/uscoins,CC0: Public Domain
img_001689,USA,Quarter,Washington Quarter,,,,"coins/Washington Quarters, 1932-1998/Washington Quarter 22 13_0.jpg",https://www.kaggle.com/datasets/sergiosaharovskiy/uscoins,CC0: Public Domain
img_001690,USA,Quarter,Washington Quarter,,,Reverse,"coins/Washington Quarters, 1932-1998/Washington Quarter 219644_52 Reverse.jpg",https://www.kaggle.com/datasets/sergiosaharovskiy/uscoins,CC0: Public Domain
img_001691,USA,Quarter,Washington Quarter,,,Reverse,"coins/Washington Quarters, 1932-1998/Washington Quarter 219644_119 Reverse.jpg",https://www.kaggle.com/datasets/sergiosaharovskiy/uscoins,CC0: Public Domain
img_001692,USA,Quarter,Washington Quarter,,,Reverse,"coins/Washington Quarters, 1932-1998/Washington Quarter 219644_90 Reverse.jpg",https://www.kaggle.com/datasets/sergiosaharovskiy/uscoins,CC0: Public Domain
img_001693,USA,Quarter,Washington Quarter,,,Reverse,"coins/Washington Quarters, 1932-1998/Washington Quarter 148771_292 Reverse.jpg",https://www.kaggle.com/datasets/sergiosaharovskiy/uscoins,CC0: Public Domain
img_001694,USA,Quarter,Washington Quarter,,,Reverse,"coins/Washington Quarters, 1932-1998/Washington Quarter 72403_23 Reverse.jpg",https://www.kaggle.com/datasets/sergiosaharovskiy/uscoins,CC0: Public Domain
img_001695,USA,Quarter,Washington Quarter,,,Reverse,"coins/Washington Quarters, 1932-1998/Washington Quarter 72403_163 Reverse.jpg",https://www.kaggle.com/datasets/sergiosaharovskiy/uscoins,CC0: Public Domain
img_001696,USA,Quarter,Washington Quarter,,,,"coins/Washington Quarters, 1932-1998/Washington Quarter 26 23_1.jpg",https://www.kaggle.com/datasets/sergiosaharovskiy/uscoins,CC0: Public Domain
img_001697,USA,Quarter,Washington Quarter,,,Reverse,"coins/Washington Quarters, 1932-1998/Washington Quarter 218987_90 Reverse.jpg",https://www.kaggle.com/datasets/sergiosaharovskiy/uscoins,CC0: Public Domain
img_001698,USA,Quarter,Washington Quarter,,,Reverse,"coins/Washington Quarters, 1932-1998/Washington Quarter 72403_230 Reverse.jpg",https://www.kaggle.com/datasets/sergiosaharovskiy/uscoins,CC0: Public Domain
img_001699,USA,Quarter,Washington Quarter,,,Reverse,"coins/Washington Quarters, 1932-1998/Washington Quarter 219644_7 Reverse.jpg",https://www.kaggle.com/datasets/sergiosaharovskiy/uscoins,CC0: Public Domain
img_001700,USA,Quarter,Washington Quarter,,,,"coins/Washington Quarters, 1932-1998/Washington Quarter 21 14_0.jpg",https://www.kaggle.com/datasets/sergiosaharovskiy/uscoins,CC0: Public Domain
img_001701,USA,Quarter,Washington Quarter,,,Obverse,"coins/Washington Quarters, 1932-1998/Washington Quarter 148771_233 Obverse.jpg",https://www.kaggle.com/datasets/sergiosaharovskiy/uscoins,CC0: Public Domain
img_001702,USA,Quarter,Washington Quarter,,,,"coins/Washington Quarters, 1932-1998/Washington Quarter 23 18_3.jpg",https://www.kaggle.com/datasets/sergiosaharovskiy/uscoins,CC0: Public Domain
img_001703,USA,Quarter,Washington Quarter,,,Obverse,"coins/Washington Quarters, 1932-1998/Washington Quarter 148771_81 Obverse.jpg",https://www.kaggle.com/datasets/sergiosaharovskiy/uscoins,CC0: Public Domain
img_001704,USA,Quarter,Washington Quarter,,,Reverse,"coins/Washington Quarters, 1932-1998/Washington Quarter 17345_32 Reverse.jpg",https://www.kaggle.com/datasets/sergiosaharovskiy/uscoins,CC0: Public Domain
img_001705,USA,Quarter,Washington Quarter,,,,"coins/Washington Quarters, 1932-1998/Washington Quarter 15 10_1.jpg",https://www.kaggle.com/datasets/sergiosaharovskiy/uscoins,CC0: Public Domain
img_001706,USA,Quarter,Washington Quarter,,,,"coins/Washington Quarters, 1932-1998/Washington Quarter 7 1_2.jpg",https://www.kaggle.com/datasets/sergiosaharovskiy/uscoins,CC0: Public Domain
img_001707,USA,Quarter,Washington Quarter,,,,"coins/Washington Quarters, 1932-1998/Washington Quarter 12 25_1.jpg",https://www.kaggle.com/datasets/sergiosaharovskiy/uscoins,CC0: Public Domain
img_001708,USA,Quarter,Washington Quarter,,,Reverse,"coins/Washington Quarters, 1932-1998/Washington Quarter 218987_95 Reverse.jpg",https://www.kaggle.com/datasets/sergiosaharovskiy/uscoins,CC0: Public Domain
img_001709,USA,Quarter,Washington Quarter,,,,"coins/Washington Quarters, 1932-1998/Washington Quarter 12 11_1.jpg",https://www.kaggle.com/datasets/sergiosaharovskiy/uscoins,CC0: Public Domain
img_001710,USA,Quarter,Washington Quarter,,,Obverse,"coins/Washington Quarters, 1932-1998/Washington Quarter 219644_59 Obverse.jpg",https://www.kaggle.com/datasets/sergiosaharovskiy/uscoins,CC0: Public Domain
img_001711,USA,Quarter,Washington Quarter,,,,"coins/Washington Quarters, 1932-1998/Washington Quarter 14 5_0.jpg",https://www.kaggle.com/datasets/sergiosaharovskiy/uscoins,CC0: Public Domain
img_001712,USA,Quarter,Washington Quarter,,,Obverse,"coins/Washington Quarters, 1932-1998/Washington Quarter 17345_44 Obverse.jpg",https://www.kaggle.com/datasets/sergiosaharovskiy/uscoins,CC0: Public Domain
img_001713,USA,Quarter,Washington Quarter,,,Obverse,"coins/Washington Quarters, 1932-1998/Washington Quarter 72403_135 Obverse.jpg",https://www.kaggle.com/datasets/sergiosaharovskiy/uscoins,CC0: Public Domain
img_001714,USA,Quarter,Washington Quarter,,,,"coins/Washington Quarters, 1932-1998/Washington Quarter 2 15_1.jpg",https://www.kaggle.com/datasets/sergiosaharovskiy/uscoins,CC0: Public Domain
img_001715,USA,Quarter,Washington Quarter,,,,"coins/Washington Quarters, 1932-1998/Washington Quarter 12 4_1.jpg",https://www.kaggle.com/datasets/sergiosaharovskiy/uscoins,CC0: Public Domain
img_001716,USA,Quarter,Washington Quarter,,,,"coins/Washington Quarters, 1932-1998/Washington Quarter 6 10_1.jpg",https://www.kaggle.com/datasets/sergiosaharovskiy/uscoins,CC0: Public Domain
img_001717,USA,Quarter,Washington Quarter,,,Obverse,"coins/Washington Quarters, 1932-1998/Washington Quarter 219644_99 Obverse.jpg",https://www.kaggle.com/datasets/sergiosaharovskiy/uscoins,CC0: Public Domain
img_001718,USA,Quarter,Washington Quarter,,,Reverse,"coins/Washington Quarters, 1932-1998/Washington Quarter 148771_70 Reverse.jpg",https://www.kaggle.com/datasets/sergiosaharovskiy/uscoins,CC0: Public Domain
img_001719,USA,Quarter,Washington Quarter,,,Reverse,"coins/Washington Quarters, 1932-1998/Washington Quarter 219644_35 Reverse.jpg",https://www.kaggle.com/datasets/sergiosaharovskiy/uscoins,CC0: Public Domain
img_001720,USA,Quarter,Washington Quarter,,,,"coins/Washington Quarters, 1932-1998/Washington Quarter 24 11_1.jpg",https://www.kaggle.com/datasets/sergiosaharovskiy/uscoins,CC0: Public Domain
img_001721,USA,Quarter,Washington Quarter,,,Reverse,"coins/Washington Quarters, 1932-1998/Washington Quarter 17345_9 Reverse.jpg",https://www.kaggle.com/datasets/sergiosaharovskiy/uscoins,CC0: Public Domain
img_001722,USA,Quarter,Washington Quarter,,,Reverse,"coins/Washington Quarters, 1932-1998/Washington Quarter 219644_126 Reverse.jpg",https://www.kaggle.com/datasets/sergiosaharovskiy/uscoins,CC0: Public Domain
img_001723,USA,Quarter,Washington Quarter,,,Obverse,"coins/Washington Quarters, 1932-1998/Washington Quarter 219644_31 Obverse.jpg",https://www.kaggle.com/datasets/sergiosaharovskiy/uscoins,CC0: Public Domain
img_001724,USA,Quarter,Washington Quarter,,,Reverse,"coins/Washington Quarters, 1932-1998/Washington Quarter 148771_11 Reverse.jpg",https://www.kaggle.com/datasets/sergiosaharovskiy/uscoins,CC0: Public Domain
img_001725,USA,Quarter,Washington Quarter,,,,"coins/Washington Quarters, 1932-1998/Washington Quarter 19 10_2.jpg",https://www.kaggle.com/datasets/sergiosaharovskiy/uscoins,CC0: Public Domain
img_001726,USA,Quarter,Washington Quarter,,,Obverse,"coins/Washington Quarters, 1932-1998/Washington Quarter 148771_210 Obverse.jpg",https://www.kaggle.com/datasets/sergiosaharovskiy/uscoins,CC0: Public Domain
img_001727,USA,Quarter,Washington Quarter,,,,"coins/Washington Quarters, 1932-1998/Washington Quarter 6 25_1.jpg",https://www.kaggle.com/datasets/sergiosaharovskiy/uscoins,CC0: Public Domain
img_001728,USA,Quarter,Washington Quarter,,,Obverse,"coins/Washington Quarters, 1932-1998/Washington Quarter 17345_1 Obverse.jpg",https://www.kaggle.com/datasets/sergiosaharovskiy/uscoins,CC0: Public Domain
img_001729,USA,Quarter,Washington Quarter,,,Obverse,"coins/Washington Quarters, 1932-1998/Washington Quarter 148771_52 Obverse.jpg",https://www.kaggle.com/datasets/sergiosaharovskiy/uscoins,CC0: Public Domain
img_001730,USA,Quarter,Washington Quarter,,,,"coins/Washington Quarters, 1932-1998/Washington Quarter 17 11_3.jpg",https://www.kaggle.com/datasets/sergiosaharovskiy/uscoins,CC0: Public Domain
img_001731,USA,Quarter,Washington Quarter,,,Reverse,"coins/Washington Quarters, 1932-1998/Washington Quarter 148771_123 Reverse.jpg",https://www.kaggle.com/datasets/sergiosaharovskiy/uscoins,CC0: Public Domain
img_001732,USA,Quarter,Washington Quarter,,,Obverse,"coins/Washington Quarters, 1932-1998/Washington Quarter 72403_85 Obverse.jpg",https://www.kaggle.com/datasets/sergiosaharovskiy/uscoins,CC0: Public Domain
img_001733,USA,Quarter,Washington Quarter,,,,"coins/Washington Quarters, 1932-1998/Washington Quarter 37 25_3.jpg",https://www.kaggle.com/datasets/sergiosaharovskiy/uscoins,CC0: Public Domain
img_001734,USA,Quarter,Washington Quarter,,,Obverse,"coins/Washington Quarters, 1932-1998/Washington Quarter 219644_46 Obverse.jpg",https://www.kaggle.com/datasets/sergiosaharovskiy/uscoins,CC0: Public Domain
img_001735,USA,Quarter,Washington Quarter,,,Obverse,"coins/Washington Quarters, 1932-1998/Washington Quarter 148771_144 Obverse.jpg",https://www.kaggle.com/datasets/sergiosaharovskiy/uscoins,CC0: Public Domain
img_001736,USA,Quarter,Washington Quarter,,,,"coins/Washington Quarters, 1932-1998/Washington Quarter 22 13_2.jpg",https://www.kaggle.com/datasets/sergiosaharovskiy/uscoins,CC0: Public Domain
img_001737,USA,Quarter,Washington Quarter,,,,"coins/Washington Quarters, 1932-1998/Washington Quarter 1 13_1.jpg",https://www.kaggle.com/datasets/sergiosaharovskiy/uscoins,CC0: Public Domain
img_001738,USA,Quarter,Washington Quarter,,,Reverse,"coins/Washington Quarters, 1932-1998/Washington Quarter 17345_34 Reverse.jpg",https://www.kaggle.com/datasets/sergiosaharovskiy/uscoins,CC0: Public Domain
img_001739,USA,Quarter,Washington Quarter,,,,"coins/Washington Quarters, 1932-1998/Washington Quarter 24 9_1.jpg",https://www.kaggle.com/datasets/sergiosaharovskiy/uscoins,CC0: Public Domain
img_001740,USA,Quarter,Washington Quarter,,,Reverse,"coins/Washington Quarters, 1932-1998/Washington Quarter 148771_279 Reverse.jpg",https://www.kaggle.com/datasets/sergiosaharovskiy/uscoins,CC0: Public Domain
img_001741,USA,Quarter,Washington Quarter,,,,"coins/Washington Quarters, 1932-1998/Washington Quarter 13 8_0.jpg",https://www.kaggle.com/datasets/sergiosaharovskiy/uscoins,CC0: Public Domain
img_001742,USA,Quarter,Washington Quarter,,,,"coins/Washington Quarters, 1932-1998/Washington Quarter 35 16_3.jpg",https://www.kaggle.com/datasets/sergiosaharovskiy/uscoins,CC0: Public Domain
img_001743,USA,Quarter,Washington Quarter,,,Obverse,"coins/Washington Quarters, 1932-1998/Washington Quarter 148771_34 Obverse.jpg",https://www.kaggle.com/datasets/sergiosaharovskiy/uscoins,CC0: Public Domain
img_001744,USA,Quarter,Washington Quarter,,,Obverse,"coins/Washington Quarters, 1932-1998/Washington Quarter 72403_5 Obverse.jpg",https://www.kaggle.com/datasets/sergiosaharovskiy/uscoins,CC0: Public Domain
img_001745,USA,Quarter,Washington Quarter,,,,"coins/Washington Quarters, 1932-1998/Washington Quarter 1 3_2.jpg",https://www.kaggle.com/datasets/sergiosaharovskiy/uscoins,CC0: Public Domain
img_001746,USA,Quarter,Washington Quarter,,,,"coins/Washington Quarters, 1932-1998/Washington Quarter 19 11_0.jpg",https://www.kaggle.com/datasets/sergiosaharovskiy/uscoins,CC0: Public Domain
img_001747,USA,Quarter,Washington Quarter,,,,"coins/Washington Quarters, 1932-1998/Washington Quarter 20 18_2.jpg",https://www.kaggle.com/datasets/sergiosaharovskiy/uscoins,CC0: Public Domain
img_001748,USA,Quarter,Washington Quarter,,,,"coins/Washington Quarters, 1932-1998/Washington Quarter 1 18_1.jpg",https://www.kaggle.com/datasets/sergiosaharovskiy/uscoins,CC0: Public Domain
img_001749,USA,Quarter,Washington Quarter,,,Reverse,"coins/Washington Quarters, 1932-1998/Washington Quarter 148771_196 Reverse.jpg",https://www.kaggle.com/datasets/sergiosaharovskiy/uscoins,CC0: Public Domain
img_001750,USA,Quarter,Washington Quarter,,,Reverse,"coins/Washington Quarters, 1932-1998/Washington Quarter 219644_1 Reverse.jpg",https://www.kaggle.com/datasets/sergiosaharovskiy/uscoins,CC0: Public Domain
img_001751,USA,Quarter,Washington Quarter,,,,"coins/Washington Quarters, 1932-1998/Washington Quarter 9 13_2.jpg",https://www.kaggle.com/datasets/sergiosaharovskiy/uscoins,CC0: Public Domain
img_001752,USA,Quarter,Washington Quarter,,,,"coins/Washington Quarters, 1932-1998/Washington Quarter 23 4_1.jpg",https://www.kaggle.com/datasets/sergiosaharovskiy/uscoins,CC0: Public Domain
img_001753,USA,Quarter,Washington Quarter,,,Obverse,"coins/Washington Quarters, 1932-1998/Washington Quarter 72403_7 Obverse.jpg",https://www.kaggle.com/datasets/sergiosaharovskiy/uscoins,CC0: Public Domain
img_001754,USA,Quarter,Washington Quarter,,,Obverse,"coins/Washington Quarters, 1932-1998/Washington Quarter 17345_39 Obverse.jpg",https://www.kaggle.com/datasets/sergiosaharovskiy/uscoins,CC0: Public Domain
img_001755,USA,Quarter,Washington Quarter,,,Reverse,"coins/Washington Quarters, 1932-1998/Washington Quarter 148771_262 Reverse.jpg",https://www.kaggle.com/datasets/sergiosaharovskiy/uscoins,CC0: Public Domain
img_001756,USA,Quarter,Washington Quarter,,,Obverse,"coins/Washington Quarters, 1932-1998/Washington Quarter 72403_76 Obverse.jpg",https://www.kaggle.com/datasets/sergiosaharovskiy/uscoins,CC0: Public Domain
img_001757,USA,Quarter,Washington Quarter,,,Obverse,"coins/Washington Quarters, 1932-1998/Washington Quarter 17345_45 Obverse.jpg",https://www.kaggle.com/datasets/sergiosaharovskiy/uscoins,CC0: Public Domain
img_001758,USA,Quarter,Washington Quarter,,,Obverse,"coins/Washington Quarters, 1932-1998/Washington Quarter 148771_164 Obverse.jpg",https://www.kaggle.com/datasets/sergiosaharovskiy/uscoins,CC0: Public Domain
img_001759,USA,Quarter,Washington Quarter,,,,"coins/Washington Quarters, 1932-1998/Washington Quarter 32 25_3.jpg",https://www.kaggle.com/datasets/sergiosaharovskiy/uscoins,CC0: Public Domain
img_001760,USA,Quarter,Washington Quarter,,,Reverse,"coins/Washington Quarters, 1932-1998/Washington Quarter 148771_63 Reverse.jpg",https://www.kaggle.com/datasets/sergiosaharovskiy/uscoins,CC0: Public Domain
img_001761,USA,Quarter,Washington Quarter,,,Obverse,"coins/Washington Quarters, 1932-1998/Washington Quarter 148771_203 Obverse.jpg",https://www.kaggle.com/datasets/sergiosaharovskiy/uscoins,CC0: Public Domain
img_001762,USA,Quarter,Washington Quarter,,,Reverse,"coins/Washington Quarters, 1932-1998/Washington Quarter 148771_201 Reverse.jpg",https://www.kaggle.com/datasets/sergiosaharovskiy/uscoins,CC0: Public Domain
img_001763,USA,Quarter,Washington Quarter,,,Reverse,"coins/Washington Quarters, 1932-1998/Washington Quarter 148771_276 Reverse.jpg",https://www.kaggle.com/datasets/sergiosaharovskiy/uscoins,CC0: Public Domain
img_001764,USA,Quarter,Washington Quarter,,,Reverse,"coins/Washington Quarters, 1932-1998/Washington Quarter 72403_207 Reverse.jpg",https://www.kaggle.com/datasets/sergiosaharovskiy/uscoins,CC0: Public Domain
img_001765,USA,Quarter,Washington Quarter,,,,"coins/Washington Quarters, 1932-1998/Washington Quarter 34 20_3.jpg",https://www.kaggle.com/datasets/sergiosaharovskiy/uscoins,CC0: Public Domain
img_001766,USA,Quarter,Washington Quarter,,,,"coins/Washington Quarters, 1932-1998/Washington Quarter 2 5_0.jpg",https://www.kaggle.com/datasets/sergiosaharovskiy/uscoins,CC0: Public Domain
img_001767,USA,Quarter,Washington Quarter,,,,"coins/Washington Quarters, 1932-1998/Washington Quarter 1 8_0.jpg",https://www.kaggle.com/datasets/sergiosaharovskiy/uscoins,CC0: Public Domain
img_001768,USA,Quarter,Washington Quarter,,,Reverse,"coins/Washington Quarters, 1932-1998/Washington Quarter 148771_32 Reverse.jpg",https://www.kaggle.com/datasets/sergiosaharovskiy/uscoins,CC0: Public Domain
img_001769,USA,Quarter,Washington Quarter,,,Reverse,"coins/Washington Quarters, 1932-1998/Washington Quarter 219644_34 Reverse.jpg",https://www.kaggle.com/datasets/sergiosaharovskiy/uscoins,CC0: Public Domain
img_001770,USA,Quarter,Washington Quarter,,,Obverse,"coins/Washington Quarters, 1932-1998/Washington Quarter 148771_113 Obverse.jpg",https://www.kaggle.com/datasets/sergiosaharovskiy/uscoins,CC0: Public Domain
img_001771,USA,Quarter,Washington Quarter,,,Obverse,"coins/Washington Quarters, 1932-1998/Washington Quarter 72403_78 Obverse.jpg",https://www.kaggle.com/datasets/sergiosaharovskiy/uscoins,CC0: Public Domain
img_001772,USA,Quarter,Washington Quarter,,,,"coins/Washington Quarters, 1932-1998/Washington Quarter 10 10_0.jpg",https://www.kaggle.com/datasets/sergiosaharovskiy/uscoins,CC0: Public Domain
img_001773,USA,Quarter,Washington Quarter,,,Reverse,"coins/Washington Quarters, 1932-1998/Washington Quarter 148771_211 Reverse.jpg",https://www.kaggle.com/datasets/sergiosaharovskiy/uscoins,CC0: Public Domain
img_001774,USA,Quarter,Washington Quarter,,,Reverse,"coins/Washington Quarters, 1932-1998/Washington Quarter 17345_14 Reverse.jpg",https://www.kaggle.com/datasets/sergiosaharovskiy/uscoins,CC0: Public Domain
img_001775,USA,Quarter,Washington Quarter,,,Reverse,"coins/Washington Quarters, 1932-1998/Washington Quarter 218987_83 Reverse.jpg",https://www.kaggle.com/datasets/sergiosaharovskiy/uscoins,CC0: Public Domain
img_001776,USA,Quarter,Washington Quarter,,,,"coins/Washington Quarters, 1932-1998/Washington Quarter 39 0_0.jpg",https://www.kaggle.com/datasets/sergiosaharovskiy/uscoins,CC0: Public Domain
img_001777,USA,Quarter,Washington Quarter,,,,"coins/Washington Quarters, 1932-1998/Washington Quarter 15 10_3.jpg",https://www.kaggle.com/datasets/sergiosaharovskiy/uscoins,CC0: Public Domain
img_001778,USA,Quarter,Washington Quarter,,,Obverse,"coins/Washington Quarters, 1932-1998/Washington Quarter 148771_168 Obverse.jpg",https://www.kaggle.com/datasets/sergiosaharovskiy/uscoins,CC0: Public Domain
img_001779,USA,Quarter,Washington Quarter,,,,"coins/Washington Quarters, 1932-1998/Washington Quarter 1 5_0.jpg",https://www.kaggle.com/datasets/sergiosaharovskiy/uscoins,CC0: Public Domain
img_001780,USA,Quarter,Washington Quarter,,,Reverse,"coins/Washington Quarters, 1932-1998/Washington Quarter 218987_39 Reverse.jpg",https://www.kaggle.com/datasets/sergiosaharovskiy/uscoins,CC0: Public Domain
img_001781,USA,Quarter,Washington Quarter,,,Obverse,"coins/Washington Quarters, 1932-1998/Washington Quarter 218987_101 Obverse.jpg",https://www.kaggle.com/datasets/sergiosaharovskiy/uscoins,CC0: Public Domain
img_001782,USA,Quarter,Washington Quarter,,,,"coins/Washington Quarters, 1932-1998/Washington Quarter 40 25_3.jpg",https://www.kaggle.com/datasets/sergiosaharovskiy/uscoins,CC0: Public Domain
img_001783,USA,Quarter,Washington Quarter,,,Reverse,"coins/Washington Quarters, 1932-1998/Washington Quarter 72403_209 Reverse.jpg",https://www.kaggle.com/datasets/sergiosaharovskiy/uscoins,CC0: Public Domain
img_001784,USA,Quarter,Washington Quarter,,,Obverse,"coins/Washington Quarters, 1932-1998/Washington Quarter 219644_128 Obverse.jpg",https://www.kaggle.com/datasets/sergiosaharovskiy/uscoins,CC0: Public Domain
img_001785,USA,Quarter,Washington Quarter,,,Reverse,"coins/Washington Quarters, 1932-1998/Washington Quarter 17345_31 Reverse.jpg",https://www.kaggle.com/datasets/sergiosaharovskiy/uscoins,CC0: Public Domain
img_001786,USA,Quarter,Washington Quarter,,,,"coins/Washington Quarters, 1932-1998/Washington Quarter 1 23_0.jpg",https://www.kaggle.com/datasets/sergiosaharovskiy/uscoins,CC0: Public Domain
img_001787,USA,Quarter,Washington Quarter,,,Obverse,"coins/Washington Quarters, 1932-1998/Washington Quarter 72403_14 Obverse.jpg",https://www.kaggle.com/datasets/sergiosaharovskiy/uscoins,CC0: Public Domain
img_001788,USA,Quarter,Washington Quarter,,,Obverse,"coins/Washington Quarters, 1932-1998/Washington Quarter 148771_109 Obverse.jpg",https://www.kaggle.com/datasets/sergiosaharovskiy/uscoins,CC0: Public Domain
img_001789,USA,Quarter,Washington Quarter,,,,"coins/Washington Quarters, 1932-1998/Washington Quarter 39 0_2.jpg",https://www.kaggle.com/datasets/sergiosaharovskiy/uscoins,CC0: Public Domain
img_001790,USA,Quarter,Washington Quarter,,,Reverse,"coins/Washington Quarters, 1932-1998/Washington Quarter 148771_224 Reverse.jpg",https://www.kaggle.com/datasets/sergiosaharovskiy/uscoins,CC0: Public Domain
img_001791,USA,Quarter,Washington Quarter,,,,"coins/Washington Quarters, 1932-1998/Washington Quarter 13 2_0.jpg",https://www.kaggle.com/datasets/sergiosaharovskiy/uscoins,CC0: Public Domain
img_001792,USA,Quarter,Washington Quarter,,,,"coins/Washington Quarters, 1932-1998/Washington Quarter 19 13_2.jpg",https://www.kaggle.com/datasets/sergiosaharovskiy/uscoins,CC0: Public Domain
img_001793,USA,Quarter,Washington Quarter,,,,"coins/Washington Quarters, 1932-1998/Washington Quarter 12 11_3.jpg",https://www.kaggle.com/datasets/sergiosaharovskiy/uscoins,CC0: Public Domain
img_001794,USA,Quarter,Washington Quarter,,,Obverse,"coins/Washington Quarters, 1932-1998/Washington Quarter 148771_112 Obverse.jpg",https://www.kaggle.com/datasets/sergiosaharovskiy/uscoins,CC0: Public Domain
img_001795,USA,Quarter,Washington Quarter,,,,"coins/Washington Quarters, 1932-1998/Washington Quarter 30 25_3.jpg",https://www.kaggle.com/datasets/sergiosaharovskiy/uscoins,CC0: Public Domain
img_001796,USA,Quarter,Washington Quarter,,,Reverse,"coins/Washington Quarters, 1932-1998/Washington Quarter 72403_236 Reverse.jpg",https://www.kaggle.com/datasets/sergiosaharovskiy/uscoins,CC0: Public Domain
img_001797,USA,Quarter,Washington Quarter,,,Reverse,"coins/Washington Quarters, 1932-1998/Washington Quarter 148771_77 Reverse.jpg",https://www.kaggle.com/datasets/sergiosaharovskiy/uscoins,CC0: Public Domain
img_001798,USA,Quarter,Washington Quarter,,,,"coins/Washington Quarters, 1932-1998/Washington Quarter 15 25_1.jpg",https://www.kaggle.com/datasets/sergiosaharovskiy/uscoins,CC0: Public Domain
img_001799,USA,Quarter,Washington Quarter,,,,"coins/Washington Quarters, 1932-1998/Washington Quarter 20 25_0.jpg",https://www.kaggle.com/datasets/sergiosaharovskiy/uscoins,CC0: Public Domain
img_001800,USA,Quarter,Washington Quarter,,,Reverse,"coins/Washington Quarters, 1932-1998/Washington Quarter 148771_80 Reverse.jpg",https://www.kaggle.com/datasets/sergiosaharovskiy/uscoins,CC0: Public Domain
img_001801,USA,Quarter,Washington Quarter,,,,"coins/Washington Quarters, 1932-1998/Washington Quarter 16 25_0.jpg",https://www.kaggle.com/datasets/sergiosaharovskiy/uscoins,CC0: Public Domain
img_001802,USA,Quarter,Washington Quarter,,,,"coins/Washington Quarters, 1932-1998/Washington Quarter 2 21_1.jpg",https://www.kaggle.com/datasets/sergiosaharovskiy/uscoins,CC0: Public Domain
img_001803,USA,Quarter,Washington Quarter,,,,"coins/Washington Quarters, 1932-1998/Washington Quarter 28 22_3.jpg",https://www.kaggle.com/datasets/sergiosaharovskiy/uscoins,CC0: Public Domain
img_001804,USA,Quarter,Washington Quarter,,,Obverse,"coins/Washington Quarters, 1932-1998/Washington Quarter 72403_9 Obverse.jpg",https://www.kaggle.com/datasets/sergiosaharovskiy/uscoins,CC0: Public Domain
img_001805,USA,Quarter,Washington Quarter,,,Obverse,"coins/Washington Quarters, 1932-1998/Washington Quarter 148771_238 Obverse.jpg",https://www.kaggle.com/datasets/sergiosaharovskiy/uscoins,CC0: Public Domain
img_001806,USA,Quarter,Washington Quarter,,,Obverse,"coins/Washington Quarters, 1932-1998/Washington Quarter 218987_68 Obverse.jpg",https://www.kaggle.com/datasets/sergiosaharovskiy/uscoins,CC0: Public Domain
img_001807,USA,Quarter,Washington Quarter,,,Reverse,"coins/Washington Quarters, 1932-1998/Washington Quarter 219644_16 Reverse.jpg",https://www.kaggle.com/datasets/sergiosaharovskiy/uscoins,CC0: Public Domain
img_001808,USA,Quarter,Washington Quarter,,,Obverse,"coins/Washington Quarters, 1932-1998/Washington Quarter 218987_54 Obverse.jpg",https://www.kaggle.com/datasets/sergiosaharovskiy/uscoins,CC0: Public Domain
img_001809,USA,Quarter,Washington Quarter,,,Reverse,"coins/Washington Quarters, 1932-1998/Washington Quarter 72403_247 Reverse.jpg",https://www.kaggle.com/datasets/sergiosaharovskiy/uscoins,CC0: Public Domain
img_001810,USA,Quarter,Washington Quarter,,,,"coins/Washington Quarters, 1932-1998/Washington Quarter 18 8_0.jpg",https://www.kaggle.com/datasets/sergiosaharovskiy/uscoins,CC0: Public Domain
img_001811,USA,Quarter,Washington Quarter,,,,"coins/Washington Quarters, 1932-1998/Washington Quarter 22 16_3.jpg",https://www.kaggle.com/datasets/sergiosaharovskiy/uscoins,CC0: Public Domain
img_001812,USA,Quarter,Washington Quarter,,,,"coins/Washington Quarters, 1932-1998/Washington Quarter 6 10_2.jpg",https://www.kaggle.com/datasets/sergiosaharovskiy/uscoins,CC0: Public Domain
img_001813,USA,Quarter,Washington Quarter,,,Obverse,"coins/Washington Quarters, 1932-1998/Washington Quarter 148771_167 Obverse.jpg",https://www.kaggle.com/datasets/sergiosaharovskiy/uscoins,CC0: Public Domain
img_001814,USA,Quarter,Washington Quarter,,,Obverse,"coins/Washington Quarters, 1932-1998/Washington Quarter 148771_223 Obverse.jpg",https://www.kaggle.com/datasets/sergiosaharovskiy/uscoins,CC0: Public Domain
img_001815,USA,Quarter,Washington Quarter,,,Obverse,"coins/Washington Quarters, 1932-1998/Washington Quarter 218987_22 Obverse.jpg",https://www.kaggle.com/datasets/sergiosaharovskiy/uscoins,CC0: Public Domain
img_001816,USA,Quarter,Washington Quarter,,,Reverse,"coins/Washington Quarters, 1932-1998/Washington Quarter 72403_88 Reverse.jpg",https://www.kaggle.com/datasets/sergiosaharovskiy/uscoins,CC0: Public Domain
img_001817,USA,Quarter,Washington Quarter,,,,"coins/Washington Quarters, 1932-1998/Washington Quarter 11 7_0.jpg",https://www.kaggle.com/datasets/sergiosaharovskiy/uscoins,CC0: Public Domain
img_001818,USA,Quarter,Washington Quarter,,,Reverse,"coins/Washington Quarters, 1932-1998/Washington Quarter 17345_7 Reverse.jpg",https://www.kaggle.com/datasets/sergiosaharovskiy/uscoins,CC0: Public Domain
img_001819,USA,Quarter,Washington Quarter,,,,"coins/Washington Quarters, 1932-1998/Washington Quarter 4 23_3.jpg",https://www.kaggle.com/datasets/sergiosaharovskiy/uscoins,CC0: Public Domain
img_001820,USA,Quarter,Washington Quarter,,,Obverse,"coins/Washington Quarters, 1932-1998/Washington Quarter 148771_82 Obverse.jpg",https://www.kaggle.com/datasets/sergiosaharovskiy/uscoins,CC0: Public Domain
img_001821,USA,Quarter,Washington Quarter,,,Obverse,"coins/Washington Quarters, 1932-1998/Washington Quarter 72403_144 Obverse.jpg",https://www.kaggle.com/datasets/sergiosaharovskiy/uscoins,CC0: Public Domain
img_001822,USA,Quarter,Washington Quarter,,,,"coins/Washington Quarters, 1932-1998/Washington Quarter 5 2_3.jpg",https://www.kaggle.com/datasets/sergiosaharovskiy/uscoins,CC0: Public Domain
img_001823,USA,Quarter,Washington Quarter,,,Reverse,"coins/Washington Quarters, 1932-1998/Washington Quarter 72403_45 Reverse.jpg",https://www.kaggle.com/datasets/sergiosaharovskiy/uscoins,CC0: Public Domain
img_001824,USA,Quarter,Washington Quarter,,,Obverse,"coins/Washington Quarters, 1932-1998/Washington Quarter 148771_73 Obverse.jpg",https://www.kaggle.com/datasets/sergiosaharovskiy/uscoins,CC0: Public Domain
img_001825,USA,Quarter,Washington Quarter,,,,"coins/Washington Quarters, 1932-1998/Washington Quarter 8 4_1.jpg",https://www.kaggle.com/datasets/sergiosaharovskiy/uscoins,CC0: Public Domain
img_001826,USA,Quarter,Washington Quarter,,,Obverse,"coins/Washington Quarters, 1932-1998/Washington Quarter 148771_0 Obverse.jpg",https://www.kaggle.com/datasets/sergiosaharovskiy/uscoins,CC0: Public Domain
img_001827,USA,Quarter,Washington Quarter,,,Obverse,"coins/Washington Quarters, 1932-1998/Washington Quarter 148771_114 Obverse.jpg",https://www.kaggle.com/datasets/sergiosaharovskiy/uscoins,CC0: Public Domain
img_001828,USA,Quarter,Washington Quarter,,,Reverse,"coins/Washington Quarters, 1932-1998/Washington Quarter 148771_155 Reverse.jpg",https://www.kaggle.com/datasets/sergiosaharovskiy/uscoins,CC0: Public Domain
img_001829,USA,Quarter,Washington Quarter,,,Obverse,"coins/Washington Quarters, 1932-1998/Washington Quarter 218987_67 Obverse.jpg",https://www.kaggle.com/datasets/sergiosaharovskiy/uscoins,CC0: Public Domain
img_001830,USA,Quarter,Washington Quarter,,,,"coins/Washington Quarters, 1932-1998/Washington Quarter 5 21_3.jpg",https://www.kaggle.com/datasets/sergiosaharovskiy/uscoins,CC0: Public Domain
img_001831,USA,Quarter,Washington Quarter,,,,"coins/Washington Quarters, 1932-1998/Washington Quarter 1 24_1.jpg",https://www.kaggle.com/datasets/sergiosaharovskiy/uscoins,CC0: Public Domain
img_001832,USA,Quarter,Washington Quarter,,,,"coins/Washington Quarters, 1932-1998/Washington Quarter 13 8_2.jpg",https://www.kaggle.com/datasets/sergiosaharovskiy/uscoins,CC0: Public Domain
img_001833,USA,Quarter,Washington Quarter,,,,"coins/Washington Quarters, 1932-1998/Washington Quarter 3 4_0.jpg",https://www.kaggle.com/datasets/sergiosaharovskiy/uscoins,CC0: Public Domain
img_001834,USA,Quarter,Washington Quarter,,,,"coins/Washington Quarters, 1932-1998/Washington Quarter 18 3_1.jpg",https://www.kaggle.com/datasets/sergiosaharovskiy/uscoins,CC0: Public Domain
img_001835,USA,Quarter,Washington Quarter,,,,"coins/Washington Quarters, 1932-1998/Washington Quarter 40 0_1.jpg",https://www.kaggle.com/datasets/sergiosaharovskiy/uscoins,CC0: Public Domain
img_001836,USA,Quarter,Washington Quarter,,,,"coins/Washington Quarters, 1932-1998/Washington Quarter 3 25_0.jpg",https://www.kaggle.com/datasets/sergiosaharovskiy/uscoins,CC0: Public Domain
img_001837,USA,Quarter,Washington Quarter,,,Obverse,"coins/Washington Quarters, 1932-1998/Washington Quarter 219644_114 Obverse.jpg",https://www.kaggle.com/datasets/sergiosaharovskiy/uscoins,CC0: Public Domain
img_001838,USA,Quarter,Washington Quarter,,,,"coins/Washington Quarters, 1932-1998/Washington Quarter 26 14_3.jpg",https://www.kaggle.com/datasets/sergiosaharovskiy/uscoins,CC0: Public Domain
img_001839,USA,Quarter,Washington Quarter,,,,"coins/Washington Quarters, 1932-1998/Washington Quarter 22 12_3.jpg",https://www.kaggle.com/datasets/sergiosaharovskiy/uscoins,CC0: Public Domain
img_001840,USA,Quarter,Washington Quarter,,,,"coins/Washington Quarters, 1932-1998/Washington Quarter 1 19_2.jpg",https://www.kaggle.com/datasets/sergiosaharovskiy/uscoins,CC0: Public Domain
img_001841,USA,Quarter,Washington Quarter,,,,"coins/Washington Quarters, 1932-1998/Washington Quarter 30 10_2.jpg",https://www.kaggle.com/datasets/sergiosaharovskiy/uscoins,CC0: Public Domain
img_001842,USA,Quarter,Washington Quarter,,,,"coins/Washington Quarters, 1932-1998/Washington Quarter 13 1_3.jpg",https://www.kaggle.com/datasets/sergiosaharovskiy/uscoins,CC0: Public Domain
img_001843,USA,Quarter,Washington Quarter,,,,"coins/Washington Quarters, 1932-1998/Washington Quarter 22 20_3.jpg",https://www.kaggle.com/datasets/sergiosaharovskiy/uscoins,CC0: Public Domain
img_001844,USA,Quarter,Washington Quarter,,,Obverse,"coins/Washington Quarters, 1932-1998/Washington Quarter 72403_171 Obverse.jpg",https://www.kaggle.com/datasets/sergiosaharovskiy/uscoins,CC0: Public Domain
img_001845,USA,Quarter,Washington Quarter,,,,"coins/Washington Quarters, 1932-1998/Washington Quarter 6 22_2.jpg",https://www.kaggle.com/datasets/sergiosaharovskiy/uscoins,CC0: Public Domain
img_001846,USA,Quarter,Washington Quarter,,,,"coins/Washington Quarters, 1932-1998/Washington Quarter 21 25_1.jpg",https://www.kaggle.com/datasets/sergiosaharovskiy/uscoins,CC0: Public Domain
img_001847,USA,Quarter,Washington Quarter,,,Obverse,"coins/Washington Quarters, 1932-1998/Washington Quarter 218987_23 Obverse.jpg",https://www.kaggle.com/datasets/sergiosaharovskiy/uscoins,CC0: Public Domain
img_001848,USA,Quarter,Washington Quarter,,,Reverse,"coins/Washington Quarters, 1932-1998/Washington Quarter 148771_268 Reverse.jpg",https://www.kaggle.com/datasets/sergiosaharovskiy/uscoins,CC0: Public Domain
img_001849,USA,Quarter,Washington Quarter,,,,"coins/Washington Quarters, 1932-1998/Washington Quarter 1 1_3.jpg",https://www.kaggle.com/datasets/sergiosaharovskiy/uscoins,CC0: Public Domain
img_001850,USA,Quarter,Washington Quarter,,,Reverse,"coins/Washington Quarters, 1932-1998/Washington Quarter 219644_116 Reverse.jpg",https://www.kaggle.com/datasets/sergiosaharovskiy/uscoins,CC0: Public Domain
img_001851,USA,Quarter,Washington Quarter,,,,"coins/Washington Quarters, 1932-1998/Washington Quarter 3 22_1.jpg",https://www.kaggle.com/datasets/sergiosaharovskiy/uscoins,CC0: Public Domain
img_001852,USA,Quarter,Washington Quarter,,,,"coins/Washington Quarters, 1932-1998/Washington Quarter 33 9_1.jpg",https://www.kaggle.com/datasets/sergiosaharovskiy/uscoins,CC0: Public Domain
img_001853,USA,Quarter,Washington Quarter,,,Reverse,"coins/Washington Quarters, 1932-1998/Washington Quarter 148771_105 Reverse.jpg",https://www.kaggle.com/datasets/sergiosaharovskiy/uscoins,CC0: Public Domain
img_001854,USA,Quarter,Washington Quarter,,,,"coins/Washington Quarters, 1932-1998/Washington Quarter 12 6_0.jpg",https://www.kaggle.com/datasets/sergiosaharovskiy/uscoins,CC0: Public Domain
img_001855,USA,Quarter,Washington Quarter,,,Reverse,"coins/Washington Quarters, 1932-1998/Washington Quarter 148771_37 Reverse.jpg",https://www.kaggle.com/datasets/sergiosaharovskiy/uscoins,CC0: Public Domain
img_001856,USA,Quarter,Washington Quarter,,,Reverse,"coins/Washington Quarters, 1932-1998/Washington Quarter 219644_142 Reverse.jpg",https://www.kaggle.com/datasets/sergiosaharovskiy/uscoins,CC0: Public Domain
img_001857,USA,Quarter,Washington Quarter,,,,"coins/Washington Quarters, 1932-1998/Washington Quarter 2 2_1.jpg",https://www.kaggle.com/datasets/sergiosaharovskiy/uscoins,CC0: Public Domain
img_001858,USA,Quarter,Washington Quarter,,,,"coins/Washington Quarters, 1932-1998/Washington Quarter 7 18_3.jpg",https://www.kaggle.com/datasets/sergiosaharovskiy/uscoins,CC0: Public Domain
img_001859,USA,Quarter,Washington Quarter,,,Obverse,"coins/Washington Quarters, 1932-1998/Washington Quarter 218987_62 Obverse.jpg",https://www.kaggle.com/datasets/sergiosaharovskiy/uscoins,CC0: Public Domain
img_001860,USA,Quarter,Washington Quarter,,,Obverse,"coins/Washington Quarters, 1932-1998/Washington Quarter 148771_269 Obverse.jpg",https://www.kaggle.com/datasets/sergiosaharovskiy/uscoins,CC0: Public Domain
img_001861,USA,Quarter,Washington Quarter,,,Obverse,"coins/Washington Quarters, 1932-1998/Washington Quarter 148771_117 Obverse.jpg",https://www.kaggle.com/datasets/sergiosaharovskiy/uscoins,CC0: Public Domain
img_001862,USA,Quarter,Washington Quarter,,,,"coins/Washington Quarters, 1932-1998/Washington Quarter 13 3_1.jpg",https://www.kaggle.com/datasets/sergiosaharovskiy/uscoins,CC0: Public Domain
img_001863,USA,Quarter,Washington Quarter,,,Reverse,"coins/Washington Quarters, 1932-1998/Washington Quarter 148771_98 Reverse.jpg",https://www.kaggle.com/datasets/sergiosaharovskiy/uscoins,CC0: Public Domain
img_001864,USA,Quarter,Washington Quarter,,,Obverse,"coins/Washington Quarters, 1932-1998/Washington Quarter 72403_16 Obverse.jpg",https://www.kaggle.com/datasets/sergiosaharovskiy/uscoins,CC0: Public Domain
img_001865,USA,Quarter,Washington Quarter,,,Obverse,"coins/Washington Quarters, 1932-1998/Washington Quarter 219644_98 Obverse.jpg",https://www.kaggle.com/datasets/sergiosaharovskiy/uscoins,CC0: Public Domain
img_001866,USA,Quarter,Washington Quarter,,,,"coins/Washington Quarters, 1932-1998/Washington Quarter 24 9_0.jpg",https://www.kaggle.com/datasets/sergiosaharovskiy/uscoins,CC0: Public Domain
img_001867,USA,Quarter,Washington Quarter,,,,"coins/Washington Quarters, 1932-1998/Washington Quarter 17 24_1.jpg",https://www.kaggle.com/datasets/sergiosaharovskiy/uscoins,CC0: Public Domain
img_001868,USA,Quarter,Washington Quarter,,,Obverse,"coins/Washington Quarters, 1932-1998/Washington Quarter 148771_195 Obverse.jpg",https://www.kaggle.com/datasets/sergiosaharovskiy/uscoins,CC0: Public Domain
img_001869,USA,Quarter,Washington Quarter,,,,"coins/Washington Quarters, 1932-1998/Washington Quarter 2 10_2.jpg",https://www.kaggle.com/datasets/sergiosaharovskiy/uscoins,CC0: Public Domain
img_001870,USA,Quarter,Washington Quarter,,,,"coins/Washington Quarters, 1932-1998/Washington Quarter 7 17_1.jpg",https://www.kaggle.com/datasets/sergiosaharovskiy/uscoins,CC0: Public Domain
img_001871,USA,Quarter,Washington Quarter,,,Reverse,"coins/Washington Quarters, 1932-1998/Washington Quarter 72403_226 Reverse.jpg",https://www.kaggle.com/datasets/sergiosaharovskiy/uscoins,CC0: Public Domain
img_001872,USA,Quarter,Washington Quarter,,,Obverse,"coins/Washington Quarters, 1932-1998/Washington Quarter 72403_157 Obverse.jpg",https://www.kaggle.com/datasets/sergiosaharovskiy/uscoins,CC0: Public Domain
img_001873,USA,Quarter,Washington Quarter,,,Reverse,"coins/Washington Quarters, 1932-1998/Washington Quarter 219644_27 Reverse.jpg",https://www.kaggle.com/datasets/sergiosaharovskiy/uscoins,CC0: Public Domain
img_001874,USA,Quarter,Washington Quarter,,,Obverse,"coins/Washington Quarters, 1932-1998/Washington Quarter 148771_132 Obverse.jpg",https://www.kaggle.com/datasets/sergiosaharovskiy/uscoins,CC0: Public Domain
img_001875,USA,Quarter,Washington Quarter,,,Obverse,"coins/Washington Quarters, 1932-1998/Washington Quarter 148771_149 Obverse.jpg",https://www.kaggle.com/datasets/sergiosaharovskiy/uscoins,CC0: Public Domain
img_001876,USA,Quarter,Washington Quarter,,,,"coins/Washington Quarters, 1932-1998/Washington Quarter 4 17_2.jpg",https://www.kaggle.com/datasets/sergiosaharovskiy/uscoins,CC0: Public Domain
img_001877,USA,Quarter,Washington Quarter,,,Reverse,"coins/Washington Quarters, 1932-1998/Washington Quarter 219644_115 Reverse.jpg",https://www.kaggle.com/datasets/sergiosaharovskiy/uscoins,CC0: Public Domain
img_001878,USA,Quarter,Washington Quarter,,,Reverse,"coins/Washington Quarters, 1932-1998/Washington Quarter 148771_104 Reverse.jpg",https://www.kaggle.com/datasets/sergiosaharovskiy/uscoins,CC0: Public Domain
img_001879,USA,Quarter,Washington Quarter,,,,"coins/Washington Quarters, 1932-1998/Washington Quarter 33 22_3.jpg",https://www.kaggle.com/datasets/sergiosaharovskiy/uscoins,CC0: Public Domain
img_001880,USA,Quarter,Washington Quarter,,,,"coins/Washington Quarters, 1932-1998/Washington Quarter 21 21_0.jpg",https://www.kaggle.com/datasets/sergiosaharovskiy/uscoins,CC0: Public Domain
img_001881,USA,Quarter,Washington Quarter,,,Obverse,"coins/Washington Quarters, 1932-1998/Washington Quarter 148771_122 Obverse.jpg",https://www.kaggle.com/datasets/sergiosaharovskiy/uscoins,CC0: Public Domain
img_001882,USA,Quarter,Washington Quarter,,,,"coins/Washington Quarters, 1932-1998/Washington Quarter 3 20_0.jpg",https://www.kaggle.com/datasets/sergiosaharovskiy/uscoins,CC0: Public Domain
img_001883,USA,Quarter,Washington Quarter,,,Obverse,"coins/Washington Quarters, 1932-1998/Washington Quarter 148771_255 Obverse.jpg",https://www.kaggle.com/datasets/sergiosaharovskiy/uscoins,CC0: Public Domain
img_001884,USA,Quarter,Washington Quarter,,,,"coins/Washington Quarters, 1932-1998/Washington Quarter 36 9_1.jpg",https://www.kaggle.com/datasets/sergiosaharovskiy/uscoins,CC0: Public Domain
img_001885,USA,Quarter,Washington Quarter,,,Obverse,"coins/Washington Quarters, 1932-1998/Washington Quarter 219644_48 Obverse.jpg",https://www.kaggle.com/datasets/sergiosaharovskiy/uscoins,CC0: Public Domain
img_001886,USA,Quarter,Washington Quarter,,,Reverse,"coins/Washington Quarters, 1932-1998/Washington Quarter 148771_185 Reverse.jpg",https://www.kaggle.com/datasets/sergiosaharovskiy/uscoins,CC0: Public Domain
img_001887,USA,Quarter,Washington Quarter,,,,"coins/Washington Quarters, 1932-1998/Washington Quarter 7 1_3.jpg",https://www.kaggle.com/datasets/sergiosaharovskiy/uscoins,CC0: Public Domain
img_001888,USA,Quarter,Washington Quarter,,,,"coins/Washington Quarters, 1932-1998/Washington Quarter 6 3_2.jpg",https://www.kaggle.com/datasets/sergiosaharovskiy/uscoins,CC0: Public Domain
img_001889,USA,Quarter,Washington Quarter,,,,"coins/Washington Quarters, 1932-1998/Washington Quarter 20 0_3.jpg",https://www.kaggle.com/datasets/sergiosaharovskiy/uscoins,CC0: Public Domain
img_001890,USA,Quarter,Washington Quarter,,,,"coins/Washington Quarters, 1932-1998/Washington Quarter 33 9_0.jpg",https://www.kaggle.com/datasets/sergiosaharovskiy/uscoins,CC0: Public Domain
img_001891,USA,Quarter,Washington Quarter,,,Reverse,"coins/Washington Quarters, 1932-1998/Washington Quarter 148771_101 Reverse.jpg",https://www.kaggle.com/datasets/sergiosaharovskiy/uscoins,CC0: Public Domain
img_001892,USA,Quarter,Washington Quarter,,,,"coins/Washington Quarters, 1932-1998/Washington Quarter 34 25_0.jpg",https://www.kaggle.com/datasets/sergiosaharovskiy/uscoins,CC0: Public Domain
img_001893,USA,Quarter,Washington Quarter,,,,"coins/Washington Quarters, 1932-1998/Washington Quarter 10 0_3.jpg",https://www.kaggle.com/datasets/sergiosaharovskiy/uscoins,CC0: Public Domain
img_001894,USA,Quarter,Washington Quarter,,,Reverse,"coins/Washington Quarters, 1932-1998/Washington Quarter 219644_107 Reverse.jpg",https://www.kaggle.com/datasets/sergiosaharovskiy/uscoins,CC0: Public Domain
img_001895,USA,Quarter,Washington Quarter,,,,"coins/Washington Quarters, 1932-1998/Washington Quarter 12 1_1.jpg",https://www.kaggle.com/datasets/sergiosaharovskiy/uscoins,CC0: Public Domain
img_001896,USA,Quarter,Washington Quarter,,,,"coins/Washington Quarters, 1932-1998/Washington Quarter 20 1_1.jpg",https://www.kaggle.com/datasets/sergiosaharovskiy/uscoins,CC0: Public Domain
img_001897,USA,Quarter,Washington Quarter,,,Obverse,"coins/Washington Quarters, 1932-1998/Washington Quarter 218987_44 Obverse.jpg",https://www.kaggle.com/datasets/sergiosaharovskiy/uscoins,CC0: Public Domain
img_001898,USA,Quarter,Washington Quarter,,,Obverse,"coins/Washington Quarters, 1932-1998/Washington Quarter 148771_173 Obverse.jpg",https://www.kaggle.com/datasets/sergiosaharovskiy/uscoins,CC0: Public Domain
img_001899,USA,Quarter,Washington Quarter,,,Obverse,"coins/Washington Quarters, 1932-1998/Washington Quarter 148771_212 Obverse.jpg",https://www.kaggle.com/datasets/sergiosaharovskiy/uscoins,CC0: Public Domain
img_001900,USA,Quarter,Washington Quarter,,,Obverse,"coins/Washington Quarters, 1932-1998/Washington Quarter 148771_287 Obverse.jpg",https://www.kaggle.com/datasets/sergiosaharovskiy/uscoins,CC0: Public Domain
img_001901,USA,Quarter,Washington Quarter,,,Obverse,"coins/Washington Quarters, 1932-1998/Washington Quarter 218987_30 Obverse.jpg",https://www.kaggle.com/datasets/sergiosaharovskiy/uscoins,CC0: Public Domain
img_001902,USA,Quarter,Washington Quarter,,,Obverse,"coins/Washington Quarters, 1932-1998/Washington Quarter 219644_38 Obverse.jpg",https://www.kaggle.com/datasets/sergiosaharovskiy/uscoins,CC0: Public Domain
img_001903,USA,Quarter,Washington Quarter,,,Obverse,"coins/Washington Quarters, 1932-1998/Washington Quarter 218987_87 Obverse.jpg",https://www.kaggle.com/datasets/sergiosaharovskiy/uscoins,CC0: Public Domain
img_001904,USA,Quarter,Washington Quarter,,,,"coins/Washington Quarters, 1932-1998/Washington Quarter 35 14_2.jpg",https://www.kaggle.com/datasets/sergiosaharovskiy/uscoins,CC0: Public Domain
img_001905,USA,Quarter,Washington Quarter,,,,"coins/Washington Quarters, 1932-1998/Washington Quarter 5 21_0.jpg",https://www.kaggle.com/datasets/sergiosaharovskiy/uscoins,CC0: Public Domain
img_001906,USA,Quarter,Washington Quarter,,,Obverse,"coins/Washington Quarters, 1932-1998/Washington Quarter 148771_62 Obverse.jpg",https://www.kaggle.com/datasets/sergiosaharovskiy/uscoins,CC0: Public Domain
img_001907,USA,Quarter,Washington Quarter,,,Reverse,"coins/Washington Quarters, 1932-1998/Washington Quarter 218987_35 Reverse.jpg",https://www.kaggle.com/datasets/sergiosaharovskiy/uscoins,CC0: Public Domain
img_001908,USA,Quarter,Washington Quarter,,,,"coins/Washington Quarters, 1932-1998/Washington Quarter 23 20_1.jpg",https://www.kaggle.com/datasets/sergiosaharovskiy/uscoins,CC0: Public Domain
img_001909,USA,Quarter,Washington Quarter,,,Obverse,"coins/Washington Quarters, 1932-1998/Washington Quarter 148771_53 Obverse.jpg",https://www.kaggle.com/datasets/sergiosaharovskiy/uscoins,CC0: Public Domain
img_001910,USA,Quarter,Washington Quarter,,,,"coins/Washington Quarters, 1932-1998/Washington Quarter 5 25_1.jpg",https://www.kaggle.com/datasets/sergiosaharovskiy/uscoins,CC0: Public Domain
img_001911,USA,Quarter,Washington Quarter,,,Obverse,"coins/Washington Quarters, 1932-1998/Washington Quarter 148771_296 Obverse.jpg",https://www.kaggle.com/datasets/sergiosaharovskiy/uscoins,CC0: Public Domain
img_001912,USA,Quarter,Washington Quarter,,,,"coins/Washington Quarters, 1932-1998/Washington Quarter 33 16_0.jpg",https://www.kaggle.com/datasets/sergiosaharovskiy/uscoins,CC0: Public Domain
img_001913,USA,Quarter,Washington Quarter,,,,"coins/Washington Quarters, 1932-1998/Washington Quarter 23 3_2.jpg",https://www.kaggle.com/datasets/sergiosaharovskiy/uscoins,CC0: Public Domain
img_001914,USA,Quarter,Washington Quarter,,,Reverse,"coins/Washington Quarters, 1932-1998/Washington Quarter 218987_2 Reverse.jpg",https://www.kaggle.com/datasets/sergiosaharovskiy/uscoins,CC0: Public Domain
img_001915,USA,Quarter,Washington Quarter,,,,"coins/Washington Quarters, 1932-1998/Washington Quarter 3 11_3.jpg",https://www.kaggle.com/datasets/sergiosaharovskiy/uscoins,CC0: Public Domain
img_001916,USA,Quarter,Washington Quarter,,,Obverse,"coins/Washington Quarters, 1932-1998/Washington Quarter 148771_249 Obverse.jpg",https://www.kaggle.com/datasets/sergiosaharovskiy/uscoins,CC0: Public Domain
img_001917,USA,Quarter,Washington Quarter,,,Reverse,"coins/Washington Quarters, 1932-1998/Washington Quarter 219644_25 Reverse.jpg",https://www.kaggle.com/datasets/sergiosaharovskiy/uscoins,CC0: Public Domain
img_001918,USA,Quarter,Washington Quarter,,,Reverse,"coins/Washington Quarters, 1932-1998/Washington Quarter 148771_46 Reverse.jpg",https://www.kaggle.com/datasets/sergiosaharovskiy/uscoins,CC0: Public Domain
img_001919,USA,Quarter,Washington Quarter,,,,"coins/Washington Quarters, 1932-1998/Washington Quarter 5 7_2.jpg",https://www.kaggle.com/datasets/sergiosaharovskiy/uscoins,CC0: Public Domain
img_001920,USA,Quarter,Washington Quarter,,,Obverse,"coins/Washington Quarters, 1932-1998/Washington Quarter 148771_186 Obverse.jpg",https://www.kaggle.com/datasets/sergiosaharovskiy/uscoins,CC0: Public Domain
img_001921,USA,Quarter,Washington Quarter,,,Reverse,"coins/Washington Quarters, 1932-1998/Washington Quarter 148771_58 Reverse.jpg",https://www.kaggle.com/datasets/sergiosaharovskiy/uscoins,CC0: Public Domain
img_001922,USA,Quarter,Washington Quarter,,,,"coins/Washington Quarters, 1932-1998/Washington Quarter 22 21_0.jpg",https://www.kaggle.com/datasets/sergiosaharovskiy/uscoins,CC0: Public Domain
img_001923,USA,Quarter,Washington Quarter,,,,"coins/Washington Quarters, 1932-1998/Washington Quarter 27 0_0.jpg",https://www.kaggle.com/datasets/sergiosaharovskiy/uscoins,CC0: Public Domain
img_001924,USA,Quarter,Washington Quarter,,,Obverse,"coins/Washington Quarters, 1932-1998/Washington Quarter 148771_286 Obverse.jpg",https://www.kaggle.com/datasets/sergiosaharovskiy/uscoins,CC0: Public Domain
img_001925,USA,Quarter,Washington Quarter,,,Obverse,"coins/Washington Quarters, 1932-1998/Washington Quarter 72403_237 Obverse.jpg",https://www.kaggle.com/datasets/sergiosaharovskiy/uscoins,CC0: Public Domain
img_001926,USA,Quarter,Washington Quarter,,,Obverse,"coins/Washington Quarters, 1932-1998/Washington Quarter 148771_285 Obverse.jpg",https://www.kaggle.com/datasets/sergiosaharovskiy/uscoins,CC0: Public Domain
img_001927,USA,Quarter,Washington Quarter,,,,"coins/Washington Quarters, 1932-1998/Washington Quarter 12 15_1.jpg",https://www.kaggle.com/datasets/sergiosaharovskiy/uscoins,CC0: Public Domain
img_001928,USA,Quarter,Washington Quarter,,,,"coins/Washington Quarters, 1932-1998/Washington Quarter 11 6_0.jpg",https://www.kaggle.com/datasets/sergiosaharovskiy/uscoins,CC0: Public Domain
img_001929,USA,Quarter,Washington Quarter,,,Obverse,"coins/Washington Quarters, 1932-1998/Washington Quarter 219644_29 Obverse.jpg",https://www.kaggle.com/datasets/sergiosaharovskiy/uscoins,CC0: Public Domain
img_001930,USA,Quarter,Washington Quarter,,,,"coins/Washington Quarters, 1932-1998/Washington Quarter 22 23_3.jpg",https://www.kaggle.com/datasets/sergiosaharovskiy/uscoins,CC0: Public Domain
img_001931,USA,Quarter,Washington Quarter,,,Obverse,"coins/Washington Quarters, 1932-1998/Washington Quarter 72403_103 Obverse.jpg",https://www.kaggle.com/datasets/sergiosaharovskiy/uscoins,CC0: Public Domain
img_001932,USA,Quarter,Washington Quarter,,,Obverse,"coins/Washington Quarters, 1932-1998/Washington Quarter 219644_63 Obverse.jpg",https://www.kaggle.com/datasets/sergiosaharovskiy/uscoins,CC0: Public Domain
img_001933,USA,Quarter,Washington Quarter,,,,"coins/Washington Quarters, 1932-1998/Washington Quarter 21 4_2.jpg",https://www.kaggle.com/datasets/sergiosaharovskiy/uscoins,CC0: Public Domain
img_001934,USA,Quarter,Washington Quarter,,,,"coins/Washington Quarters, 1932-1998/Washington Quarter 12 12_2.jpg",https://www.kaggle.com/datasets/sergiosaharovskiy/uscoins,CC0: Public Domain
img_001935,USA,Quarter,Washington Quarter,,,,"coins/Washington Quarters, 1932-1998/Washington Quarter 15 12_0.jpg",https://www.kaggle.com/datasets/sergiosaharovskiy/uscoins,CC0: Public Domain
img_001936,USA,Quarter,Washington Quarter,,,,"coins/Washington Quarters, 1932-1998/Washington Quarter 28 25_3.jpg",https://www.kaggle.com/datasets/sergiosaharovskiy/uscoins,CC0: Public Domain
img_001937,USA,Quarter,Washington Quarter,,,Reverse,"coins/Washington Quarters, 1932-1998/Washington Quarter 218987_118 Reverse.jpg",https://www.kaggle.com/datasets/sergiosaharovskiy/uscoins,CC0: Public Domain
img_001938,USA,Quarter,Washington Quarter,,,Reverse,"coins/Washington Quarters, 1932-1998/Washington Quarter 148771_20 Reverse.jpg",https://www.kaggle.com/datasets/sergiosaharovskiy/uscoins,CC0: Public Domain
img_001939,USA,Quarter,Washington Quarter,,,,"coins/Washington Quarters, 1932-1998/Washington Quarter 5 7_1.jpg",https://www.kaggle.com/datasets/sergiosaharovskiy/uscoins,CC0: Public Domain
img_001940,USA,Quarter,Washington Quarter,,,,"coins/Washington Quarters, 1932-1998/Washington Quarter 3 12_2.jpg",https://www.kaggle.com/datasets/sergiosaharovskiy/uscoins,CC0: Public Domain
img_001941,USA,Quarter,Washington Quarter,,,Reverse,"coins/Washington Quarters, 1932-1998/Washington Quarter 148771_290 Reverse.jpg",https://www.kaggle.com/datasets/sergiosaharovskiy/uscoins,CC0: Public Domain
img_001942,USA,Quarter,Washington Quarter,,,Obverse,"coins/Washington Quarters, 1932-1998/Washington Quarter 219644_113 Obverse.jpg",https://www.kaggle.com/datasets/sergiosaharovskiy/uscoins,CC0: Public Domain
img_001943,USA,Quarter,Washington Quarter,,,,"coins/Washington Quarters, 1932-1998/Washington Quarter 33 18_1.jpg",https://www.kaggle.com/datasets/sergiosaharovskiy/uscoins,CC0: Public Domain
img_001944,USA,Quarter,Washington Quarter,,,,"coins/Washington Quarters, 1932-1998/Washington Quarter 26 25_0.jpg",https://www.kaggle.com/datasets/sergiosaharovskiy/uscoins,CC0: Public Domain
img_001945,USA,Quarter,Washington Quarter,,,Reverse,"coins/Washington Quarters, 1932-1998/Washington Quarter 72403_193 Reverse.jpg",https://www.kaggle.com/datasets/sergiosaharovskiy/uscoins,CC0: Public Domain
img_001946,USA,Quarter,Washington Quarter,,,Obverse,"coins/Washington Quarters, 1932-1998/Washington Quarter 72403_127 Obverse.jpg",https://www.kaggle.com/datasets/sergiosaharovskiy/uscoins,CC0: Public Domain
img_001947,USA,Quarter,Washington Quarter,,,Reverse,"coins/Washington Quarters, 1932-1998/Washington Quarter 148771_68 Reverse.jpg",https://www.kaggle.com/datasets/sergiosaharovskiy/uscoins,CC0: Public Domain
img_001948,USA,Quarter,Washington Quarter,,,,"coins/Washington Quarters, 1932-1998/Washington Quarter 25 20_1.jpg",https://www.kaggle.com/datasets/sergiosaharovskiy/uscoins,CC0: Public Domain
img_001949,USA,Quarter,Washington Quarter,,,Obverse,"coins/Washington Quarters, 1932-1998/Washington Quarter 218987_60 Obverse.jpg",https://www.kaggle.com/datasets/sergiosaharovskiy/uscoins,CC0: Public Domain
img_001950,USA,Quarter,Washington Quarter,,,Obverse,"coins/Washington Quarters, 1932-1998/Washington Quarter 148771_204 Obverse.jpg",https://www.kaggle.com/datasets/sergiosaharovskiy/uscoins,CC0: Public Domain
img_001951,USA,Quarter,Washington Quarter,,,Obverse,"coins/Washington Quarters, 1932-1998/Washington Quarter 219644_2 Obverse.jpg",https://www.kaggle.com/datasets/sergiosaharovskiy/uscoins,CC0: Public Domain
img_001952,USA,Quarter,Washington Quarter,,,,"coins/Washington Quarters, 1932-1998/Washington Quarter 13 7_1.jpg",https://www.kaggle.com/datasets/sergiosaharovskiy/uscoins,CC0: Public Domain
img_001953,USA,Quarter,Washington Quarter,,,Reverse,"coins/Washington Quarters, 1932-1998/Washington Quarter 72403_190 Reverse.jpg",https://www.kaggle.com/datasets/sergiosaharovskiy/uscoins,CC0: Public Domain
img_001954,USA,Quarter,Washington Quarter,,,,"coins/Washington Quarters, 1932-1998/Washington Quarter 19 11_3.jpg",https://www.kaggle.com/datasets/sergiosaharovskiy/uscoins,CC0: Public Domain
img_001955,USA,Quarter,Washington Quarter,,,Obverse,"coins/Washington Quarters, 1932-1998/Washington Quarter 148771_236 Obverse.jpg",https://www.kaggle.com/datasets/sergiosaharovskiy/uscoins,CC0: Public Domain
img_001956,USA,Quarter,Washington Quarter,,,Reverse,"coins/Washington Quarters, 1932-1998/Washington Quarter 148771_148 Reverse.jpg",https://www.kaggle.com/datasets/sergiosaharovskiy/uscoins,CC0: Public Domain
img_001957,USA,Quarter,Washington Quarter,,,,"coins/Washington Quarters, 1932-1998/Washington Quarter 15 25_0.jpg",https://www.kaggle.com/datasets/sergiosaharovskiy/uscoins,CC0: Public Domain
img_001958,USA,Quarter,Washington Quarter,,,,"coins/Washington Quarters, 1932-1998/Washington Quarter 20 11_3.jpg",https://www.kaggle.com/datasets/sergiosaharovskiy/uscoins,CC0: Public Domain
img_001959,USA,Quarter,Washington Quarter,,,Obverse,"coins/Washington Quarters, 1932-1998/Washington Quarter 72403_138 Obverse.jpg",https://www.kaggle.com/datasets/sergiosaharovskiy/uscoins,CC0: Public Domain
img_001960,USA,Quarter,Washington Quarter,,,,"coins/Washington Quarters, 1932-1998/Washington Quarter 1 21_0.jpg",https://www.kaggle.com/datasets/sergiosaharovskiy/uscoins,CC0: Public Domain
img_001961,USA,Quarter,Washington Quarter,,,,"coins/Washington Quarters, 1932-1998/Washington Quarter 22 25_3.jpg",https://www.kaggle.com/datasets/sergiosaharovskiy/uscoins,CC0: Public Domain
img_001962,USA,Quarter,Washington Quarter,,,,"coins/Washington Quarters, 1932-1998/Washington Quarter 8 25_0.jpg",https://www.kaggle.com/datasets/sergiosaharovskiy/uscoins,CC0: Public Domain
img_001963,USA,Quarter,Washington Quarter,,,,"coins/Washington Quarters, 1932-1998/Washington Quarter 23 25_0.jpg",https://www.kaggle.com/datasets/sergiosaharovskiy/uscoins,CC0: Public Domain
img_001964,USA,Quarter,Washington Quarter,,,Reverse,"coins/Washington Quarters, 1932-1998/Washington Quarter 72403_106 Reverse.jpg",https://www.kaggle.com/datasets/sergiosaharovskiy/uscoins,CC0: Public Domain
img_001965,USA,Quarter,Washington Quarter,,,Obverse,"coins/Washington Quarters, 1932-1998/Washington Quarter 219644_78 Obverse.jpg",https://www.kaggle.com/datasets/sergiosaharovskiy/uscoins,CC0: Public Domain
img_001966,USA,Quarter,Washington Quarter,,,Reverse,"coins/Washington Quarters, 1932-1998/Washington Quarter 218987_41 Reverse.jpg",https://www.kaggle.com/datasets/sergiosaharovskiy/uscoins,CC0: Public Domain
img_001967,USA,Quarter,Washington Quarter,,,Reverse,"coins/Washington Quarters, 1932-1998/Washington Quarter 219644_67 Reverse.jpg",https://www.kaggle.com/datasets/sergiosaharovskiy/uscoins,CC0: Public Domain
img_001968,USA,Quarter,Washington Quarter,,,Reverse,"coins/Washington Quarters, 1932-1998/Washington Quarter 72403_155 Reverse.jpg",https://www.kaggle.com/datasets/sergiosaharovskiy/uscoins,CC0: Public Domain
img_001969,USA,Quarter,Washington Quarter,,,Reverse,"coins/Washington Quarters, 1932-1998/Washington Quarter 219644_125 Reverse.jpg",https://www.kaggle.com/datasets/sergiosaharovskiy/uscoins,CC0: Public Domain
img_001970,USA,Quarter,Washington Quarter,,,,"coins/Washington Quarters, 1932-1998/Washington Quarter 26 23_0.jpg",https://www.kaggle.com/datasets/sergiosaharovskiy/uscoins,CC0: Public Domain
img_001971,USA,Quarter,Washington Quarter,,,,"coins/Washington Quarters, 1932-1998/Washington Quarter 5 6_2.jpg",https://www.kaggle.com/datasets/sergiosaharovskiy/uscoins,CC0: Public Domain
img_001972,USA,Quarter,Washington Quarter,,,,"coins/Washington Quarters, 1932-1998/Washington Quarter 12 6_2.jpg",https://www.kaggle.com/datasets/sergiosaharovskiy/uscoins,CC0: Public Domain
img_001973,USA,Quarter,Washington Quarter,,,,"coins/Washington Quarters, 1932-1998/Washington Quarter 5 2_0.jpg",https://www.kaggle.com/datasets/sergiosaharovskiy/uscoins,CC0: Public Domain
img_001974,USA,Quarter,Washington Quarter,,,,"coins/Washington Quarters, 1932-1998/Washington Quarter 7 2_1.jpg",https://www.kaggle.com/datasets/sergiosaharovskiy/uscoins,CC0: Public Domain
img_001975,USA,Quarter,Washington Quarter,,,Reverse,"coins/Washington Quarters, 1932-1998/Washington Quarter 219644_32 Reverse.jpg",https://www.kaggle.com/datasets/sergiosaharovskiy/uscoins,CC0: Public Domain
img_001976,USA,Quarter,Washington Quarter,,,,"coins/Washington Quarters, 1932-1998/Washington Quarter 3 9_3.jpg",https://www.kaggle.com/datasets/sergiosaharovskiy/uscoins,CC0: Public Domain
img_001977,USA,Quarter,Washington Quarter,,,Obverse,"coins/Washington Quarters, 1932-1998/Washington Quarter 148771_136 Obverse.jpg",https://www.kaggle.com/datasets/sergiosaharovskiy/uscoins,CC0: Public Domain
img_001978,USA,Quarter,Washington Quarter,,,,"coins/Washington Quarters, 1932-1998/Washington Quarter 2 5_3.jpg",https://www.kaggle.com/datasets/sergiosaharovskiy/uscoins,CC0: Public Domain
img_001979,USA,Quarter,Washington Quarter,,,,"coins/Washington Quarters, 1932-1998/Washington Quarter 24 11_2.jpg",https://www.kaggle.com/datasets/sergiosaharovskiy/uscoins,CC0: Public Domain
img_001980,USA,Quarter,Washington Quarter,,,Obverse,"coins/Washington Quarters, 1932-1998/Washington Quarter 72403_4 Obverse.jpg",https://www.kaggle.com/datasets/sergiosaharovskiy/uscoins,CC0: Public Domain
img_001981,USA,Quarter,Washington Quarter,,,Reverse,"coins/Washington Quarters, 1932-1998/Washington Quarter 218987_56 Reverse.jpg",https://www.kaggle.com/datasets/sergiosaharovskiy/uscoins,CC0: Public Domain
img_001982,USA,Quarter,Washington Quarter,,,Reverse,"coins/Washington Quarters, 1932-1998/Washington Quarter 218987_17 Reverse.jpg",https://www.kaggle.com/datasets/sergiosaharovskiy/uscoins,CC0: Public Domain
img_001983,USA,Quarter,Washington Quarter,,,,"coins/Washington Quarters, 1932-1998/Washington Quarter 8 4_3.jpg",https://www.kaggle.com/datasets/sergiosaharovskiy/uscoins,CC0: Public Domain
img_001984,USA,Quarter,Washington Quarter,,,Obverse,"coins/Washington Quarters, 1932-1998/Washington Quarter 148771_216 Obverse.jpg",https://www.kaggle.com/datasets/sergiosaharovskiy/uscoins,CC0: Public Domain
img_001985,USA,Quarter,Washington Quarter,,,Obverse,"coins/Washington Quarters, 1932-1998/Washington Quarter 218987_79 Obverse.jpg",https://www.kaggle.com/datasets/sergiosaharovskiy/uscoins,CC0: Public Domain
img_001986,USA,Quarter,Washington Quarter,,,Obverse,"coins/Washington Quarters, 1932-1998/Washington Quarter 148771_106 Obverse.jpg",https://www.kaggle.com/datasets/sergiosaharovskiy/uscoins,CC0: Public Domain
img_001987,USA,Quarter,Washington Quarter,,,Reverse,"coins/Washington Quarters, 1932-1998/Washington Quarter 219644_45 Reverse.jpg",https://www.kaggle.com/datasets/sergiosaharovskiy/uscoins,CC0: Public Domain
img_001988,USA,Quarter,Washington Quarter,,,Reverse,"coins/Washington Quarters, 1932-1998/Washington Quarter 148771_208 Reverse.jpg",https://www.kaggle.com/datasets/sergiosaharovskiy/uscoins,CC0: Public Domain
img_001989,USA,Quarter,Washington Quarter,,,,"coins/Washington Quarters, 1932-1998/Washington Quarter 2 25_0.jpg",https://www.kaggle.com/datasets/sergiosaharovskiy/uscoins,CC0: Public Domain
img_001990,USA,Quarter,Washington Quarter,,,Obverse,"coins/Washington Quarters, 1932-1998/Washington Quarter 17345_21 Obverse.jpg",https://www.kaggle.com/datasets/sergiosaharovskiy/uscoins,CC0: Public Domain
img_001991,USA,Quarter,Washington Quarter,,,,"coins/Washington Quarters, 1932-1998/Washington Quarter 32 10_0.jpg",https://www.kaggle.com/datasets/sergiosaharovskiy/uscoins,CC0: Public Domain
img_001992,USA,Quarter,Washington Quarter,,,,"coins/Washington Quarters, 1932-1998/Washington Quarter 5 6_0.jpg",https://www.kaggle.com/datasets/sergiosaharovskiy/uscoins,CC0: Public Domain
img_001993,USA,Quarter,Washington Quarter,,,,"coins/Washington Quarters, 1932-1998/Washington Quarter 35 20_2.jpg",https://www.kaggle.com/datasets/sergiosaharovskiy/uscoins,CC0: Public Domain
img_001994,USA,Quarter,Washington Quarter,,,Reverse,"coins/Washington Quarters, 1932-1998/Washington Quarter 218987_74 Reverse.jpg",https://www.kaggle.com/datasets/sergiosaharovskiy/uscoins,CC0: Public Domain
img_001995,USA,Quarter,Washington Quarter,,,Reverse,"coins/Washington Quarters, 1932-1998/Washington Quarter 148771_8 Reverse.jpg",https://www.kaggle.com/datasets/sergiosaharovskiy/uscoins,CC0: Public Domain
img_001996,USA,Quarter,Washington Quarter,,,Reverse,"coins/Washington Quarters, 1932-1998/Washington Quarter 218987_32 Reverse.jpg",https://www.kaggle.com/datasets/sergiosaharovskiy/uscoins,CC0: Public Domain
img_001997,USA,Quarter,Washington Quarter,,,Reverse,"coins/Washington Quarters, 1932-1998/Washington Quarter 72403_231 Reverse.jpg",https://www.kaggle.com/datasets/sergiosaharovskiy/uscoins,CC0: Public Domain
img_001998,USA,Quarter,Washington Quarter,,,,"coins/Washington Quarters, 1932-1998/Washington Quarter 13 2_2.jpg",https://www.kaggle.com/datasets/sergiosaharovskiy/uscoins,CC0: Public Domain
img_001999,USA,Quarter,Washington Quarter,,,Reverse,"coins/Washington Quarters, 1932-1998/Washington Quarter 148771_200 Reverse.jpg",https://www.kaggle.com/datasets/sergiosaharovskiy/uscoins,CC0: Public Domain
img_002000,USA,Quarter,Washington Quarter,,,Obverse,"coins/Washington Quarters, 1932-1998/Washington Quarter 72403_119 Obverse.jpg",https://www.kaggle.com/datasets/sergiosaharovskiy/uscoins,CC0: Public Domain
img_002001,USA,Quarter,Washington Quarter,,,,"coins/Washington Quarters, 1932-1998/Washington Quarter 16 7_0.jpg",https://www.kaggle.com/datasets/sergiosaharovskiy/uscoins,CC0: Public Domain
img_002002,USA,Quarter,Washington Quarter,,,,"coins/Washington Quarters, 1932-1998/Washington Quarter 10 6_1.jpg",https://www.kaggle.com/datasets/sergiosaharovskiy/uscoins,CC0: Public Domain
img_002003,USA,Quarter,Washington Quarter,,,,"coins/Washington Quarters, 1932-1998/Washington Quarter 1 9_2.jpg",https://www.kaggle.com/datasets/sergiosaharovskiy/uscoins,CC0: Public Domain
img_002004,USA,Quarter,Washington Quarter,,,Obverse,"coins/Washington Quarters, 1932-1998/Washington Quarter 219644_82 Obverse.jpg",https://www.kaggle.com/datasets/sergiosaharovskiy/uscoins,CC0: Public Domain
img_002005,USA,Quarter,Washington Quarter,,,,"coins/Washington Quarters, 1932-1998/Washington Quarter 11 1_3.jpg",https://www.kaggle.com/datasets/sergiosaharovskiy/uscoins,CC0: Public Domain
img_002006,USA,Quarter,Washington Quarter,,,Obverse,"coins/Washington Quarters, 1932-1998/Washington Quarter 72403_86 Obverse.jpg",https://www.kaggle.com/datasets/sergiosaharovskiy/uscoins,CC0: Public Domain
img_002007,USA,Quarter,Washington Quarter,,,,"coins/Washington Quarters, 1932-1998/Washington Quarter 16 25_1.jpg",https://www.kaggle.com/datasets/sergiosaharovskiy/uscoins,CC0: Public Domain
img_002008,USA,Quarter,Washington Quarter,,,Reverse,"coins/Washington Quarters, 1932-1998/Washington Quarter 219644_20 Reverse.jpg",https://www.kaggle.com/datasets/sergiosaharovskiy/uscoins,CC0: Public Domain
img_002009,USA,Quarter,Washington Quarter,,,Obverse,"coins/Washington Quarters, 1932-1998/Washington Quarter 72403_13 Obverse.jpg",https://www.kaggle.com/datasets/sergiosaharovskiy/uscoins,CC0: Public Domain
img_002010,USA,Quarter,Washington Quarter,,,Obverse,"coins/Washington Quarters, 1932-1998/Washington Quarter 218987_10 Obverse.jpg",https://www.kaggle.com/datasets/sergiosaharovskiy/uscoins,CC0: Public Domain
img_002011,USA,Quarter,Washington Quarter,,,,"coins/Washington Quarters, 1932-1998/Washington Quarter 2 3_0.jpg",https://www.kaggle.com/datasets/sergiosaharovskiy/uscoins,CC0: Public Domain
img_002012,USA,Quarter,Washington Quarter,,,Obverse,"coins/Washington Quarters, 1932-1998/Washington Quarter 148771_152 Obverse.jpg",https://www.kaggle.com/datasets/sergiosaharovskiy/uscoins,CC0: Public Domain
img_002013,USA,Quarter,Washington Quarter,,,,"coins/Washington Quarters, 1932-1998/Washington Quarter 16 7_1.jpg",https://www.kaggle.com/datasets/sergiosaharovskiy/uscoins,CC0: Public Domain
img_002014,USA,Quarter,Washington Quarter,,,Obverse,"coins/Washington Quarters, 1932-1998/Washington Quarter 148771_205 Obverse.jpg",https://www.kaggle.com/datasets/sergiosaharovskiy/uscoins,CC0: Public Domain
img_002015,USA,Quarter,Washington Quarter,,,Obverse,"coins/Washington Quarters, 1932-1998/Washington Quarter 219644_26 Obverse.jpg",https://www.kaggle.com/datasets/sergiosaharovskiy/uscoins,CC0: Public Domain
img_002016,USA,Quarter,Washington Quarter,,,Reverse,"coins/Washington Quarters, 1932-1998/Washington Quarter 72403_246 Reverse.jpg",https://www.kaggle.com/datasets/sergiosaharovskiy/uscoins,CC0: Public Domain
img_002017,USA,Quarter,Washington Quarter,,,Reverse,"coins/Washington Quarters, 1932-1998/Washington Quarter 148771_147 Reverse.jpg",https://www.kaggle.com/datasets/sergiosaharovskiy/uscoins,CC0: Public Domain
img_002018,USA,Quarter,Washington Quarter,,,,"coins/Washington Quarters, 1932-1998/Washington Quarter 32 23_3.jpg",https://www.kaggle.com/datasets/sergiosaharovskiy/uscoins,CC0: Public Domain
img_002019,USA,Quarter,Washington Quarter,,,Obverse,"coins/Washington Quarters, 1932-1998/Washington Quarter 218987_28 Obverse.jpg",https://www.kaggle.com/datasets/sergiosaharovskiy/uscoins,CC0: Public Domain
img_002020,USA,Quarter,Washington Quarter,,,Obverse,"coins/Washington Quarters, 1932-1998/Washington Quarter 148771_30 Obverse.jpg",https://www.kaggle.com/datasets/sergiosaharovskiy/uscoins,CC0: Public Domain
img_002021,USA,Quarter,Washington Quarter,,,,"coins/Washington Quarters, 1932-1998/Washington Quarter 15 8_1.jpg",https://www.kaggle.com/datasets/sergiosaharovskiy/uscoins,CC0: Public Domain
img_002022,USA,Quarter,Washington Quarter,,,Obverse,"coins/Washington Quarters, 1932-1998/Washington Quarter 148771_180 Obverse.jpg",https://www.kaggle.com/datasets/sergiosaharovskiy/uscoins,CC0: Public Domain
img_002023,USA,Quarter,Washington Quarter,,,Reverse,"coins/Washington Quarters, 1932-1998/Washington Quarter 72403_153 Reverse.jpg",https://www.kaggle.com/datasets/sergiosaharovskiy/uscoins,CC0: Public Domain
img_002024,USA,Quarter,Washington Quarter,,,Obverse,"coins/Washington Quarters, 1932-1998/Washington Quarter 148771_226 Obverse.jpg",https://www.kaggle.com/datasets/sergiosaharovskiy/uscoins,CC0: Public Domain
img_002025,USA,Quarter,Washington Quarter,,,Obverse,"coins/Washington Quarters, 1932-1998/Washington Quarter 148771_294 Obverse.jpg",https://www.kaggle.com/datasets/sergiosaharovskiy/uscoins,CC0: Public Domain
img_002026,USA,Quarter,Washington Quarter,,,,"coins/Washington Quarters, 1932-1998/Washington Quarter 40 0_2.jpg",https://www.kaggle.com/datasets/sergiosaharovskiy/uscoins,CC0: Public Domain
img_002027,USA,Quarter,Washington Quarter,,,Reverse,"coins/Washington Quarters, 1932-1998/Washington Quarter 72403_107 Reverse.jpg",https://www.kaggle.com/datasets/sergiosaharovskiy/uscoins,CC0: Public Domain
img_002028,USA,Quarter,Washington Quarter,,,,"coins/Washington Quarters, 1932-1998/Washington Quarter 11 6_3.jpg",https://www.kaggle.com/datasets/sergiosaharovskiy/uscoins,CC0: Public Domain
img_002029,USA,Quarter,Washington Quarter,,,Obverse,"coins/Washington Quarters, 1932-1998/Washington Quarter 72403_146 Obverse.jpg",https://www.kaggle.com/datasets/sergiosaharovskiy/uscoins,CC0: Public Domain
img_002030,USA,Quarter,Washington Quarter,,,Obverse,"coins/Washington Quarters, 1932-1998/Washington Quarter 148771_124 Obverse.jpg",https://www.kaggle.com/datasets/sergiosaharovskiy/uscoins,CC0: Public Domain
img_002031,USA,Quarter,Washington Quarter,,,,"coins/Washington Quarters, 1932-1998/Washington Quarter 22 15_3.jpg",https://www.kaggle.com/datasets/sergiosaharovskiy/uscoins,CC0: Public Domain
img_002032,USA,Quarter,Washington Quarter,,,Obverse,"coins/Washington Quarters, 1932-1998/Washington Quarter 148771_291 Obverse.jpg",https://www.kaggle.com/datasets/sergiosaharovskiy/uscoins,CC0: Public Domain
img_002033,USA,Quarter,Washington Quarter,,,Reverse,"coins/Washington Quarters, 1932-1998/Washington Quarter 218987_50 Reverse.jpg",https://www.kaggle.com/datasets/sergiosaharovskiy/uscoins,CC0: Public Domain
img_002034,USA,Quarter,Washington Quarter,,,,"coins/Washington Quarters, 1932-1998/Washington Quarter 1 22_0.jpg",https://www.kaggle.com/datasets/sergiosaharovskiy/uscoins,CC0: Public Domain
img_002035,USA,Quarter,Washington Quarter,,,Obverse,"coins/Washington Quarters, 1932-1998/Washington Quarter 148771_141 Obverse.jpg",https://www.kaggle.com/datasets/sergiosaharovskiy/uscoins,CC0: Public Domain
img_002036,USA,Quarter,Washington Quarter,,,,"coins/Washington Quarters, 1932-1998/Washington Quarter 21 23_0.jpg",https://www.kaggle.com/datasets/sergiosaharovskiy/uscoins,CC0: Public Domain
img_002037,USA,Quarter,Washington Quarter,,,,"coins/Washington Quarters, 1932-1998/Washington Quarter 29 25_0.jpg",https://www.kaggle.com/datasets/sergiosaharovskiy/uscoins,CC0: Public Domain
img_002038,USA,Quarter,Washington Quarter,,,,"coins/Washington Quarters, 1932-1998/Washington Quarter 1 1_1.jpg",https://www.kaggle.com/datasets/sergiosaharovskiy/uscoins,CC0: Public Domain
img_002039,USA,Quarter,Washington Quarter,,,Reverse,"coins/Washington Quarters, 1932-1998/Washington Quarter 72403_89 Reverse.jpg",https://www.kaggle.com/datasets/sergiosaharovskiy/uscoins,CC0: Public Domain
img_002040,USA,Quarter,Washington Quarter,,,Reverse,"coins/Washington Quarters, 1932-1998/Washington Quarter 218987_75 Reverse.jpg",https://www.kaggle.com/datasets/sergiosaharovskiy/uscoins,CC0: Public Domain
img_002041,USA,Quarter,Washington Quarter,,,Obverse,"coins/Washington Quarters, 1932-1998/Washington Quarter 218987_37 Obverse.jpg",https://www.kaggle.com/datasets/sergiosaharovskiy/uscoins,CC0: Public Domain
img_002042,USA,Quarter,Washington Quarter,,,,"coins/Washington Quarters, 1932-1998/Washington Quarter 31 25_0.jpg",https://www.kaggle.com/datasets/sergiosaharovskiy/uscoins,CC0: Public Domain
img_002043,USA,Quarter,Washington Quarter,,,Obverse,"coins/Washington Quarters, 1932-1998/Washington Quarter 219644_88 Obverse.jpg",https://www.kaggle.com/datasets/sergiosaharovskiy/uscoins,CC0: Public Domain
img_002044,USA,Quarter,Washington Quarter,,,Reverse,"coins/Washington Quarters, 1932-1998/Washington Quarter 219644_14 Reverse.jpg",https://www.kaggle.com/datasets/sergiosaharovskiy/uscoins,CC0: Public Domain
img_002045,USA,Quarter,Washington Quarter,,,,"coins/Washington Quarters, 1932-1998/Washington Quarter 28 16_3.jpg",https://www.kaggle.com/datasets/sergiosaharovskiy/uscoins,CC0: Public Domain
img_002046,USA,Quarter,Washington Quarter,,,Obverse,"coins/Washington Quarters, 1932-1998/Washington Quarter 17345_26 Obverse.jpg",https://www.kaggle.com/datasets/sergiosaharovskiy/uscoins,CC0: Public Domain
img_002047,USA,Quarter,Washington Quarter,,,Reverse,"coins/Washington Quarters, 1932-1998/Washington Quarter 17345_2 Reverse.jpg",https://www.kaggle.com/datasets/sergiosaharovskiy/uscoins,CC0: Public Domain
img_002048,USA,Quarter,Washington Quarter,,,,"coins/Washington Quarters, 1932-1998/Washington Quarter 14 13_3.jpg",https://www.kaggle.com/datasets/sergiosaharovskiy/uscoins,CC0: Public Domain
img_002049,USA,Quarter,Washington Quarter,,,Obverse,"coins/Washington Quarters, 1932-1998/Washington Quarter 219644_12 Obverse.jpg",https://www.kaggle.com/datasets/sergiosaharovskiy/uscoins,CC0: Public Domain
img_002050,USA,Quarter,Washington Quarter,,,,"coins/Washington Quarters, 1932-1998/Washington Quarter 9 22_3.jpg",https://www.kaggle.com/datasets/sergiosaharovskiy/uscoins,CC0: Public Domain
img_002051,USA,Quarter,Washington Quarter,,,,"coins/Washington Quarters, 1932-1998/Washington Quarter 3 10_1.jpg",https://www.kaggle.com/datasets/sergiosaharovskiy/uscoins,CC0: Public Domain
img_002052,USA,Quarter,Washington Quarter,,,Reverse,"coins/Washington Quarters, 1932-1998/Washington Quarter 218987_93 Reverse.jpg",https://www.kaggle.com/datasets/sergiosaharovskiy/uscoins,CC0: Public Domain
img_002053,USA,Quarter,Washington Quarter,,,Obverse,"coins/Washington Quarters, 1932-1998/Washington Quarter 72403_31 Obverse.jpg",https://www.kaggle.com/datasets/sergiosaharovskiy/uscoins,CC0: Public Domain
img_002054,USA,Quarter,Washington Quarter,,,,"coins/Washington Quarters, 1932-1998/Washington Quarter 2 10_3.jpg",https://www.kaggle.com/datasets/sergiosaharovskiy/uscoins,CC0: Public Domain
img_002055,USA,Quarter,Washington Quarter,,,,"coins/Washington Quarters, 1932-1998/Washington Quarter 14 19_1.jpg",https://www.kaggle.com/datasets/sergiosaharovskiy/uscoins,CC0: Public Domain
img_002056,USA,Quarter,Washington Quarter,,,,"coins/Washington Quarters, 1932-1998/Washington Quarter 21 3_3.jpg",https://www.kaggle.com/datasets/sergiosaharovskiy/uscoins,CC0: Public Domain
img_002057,USA,Quarter,Washington Quarter,,,Reverse,"coins/Washington Quarters, 1932-1998/Washington Quarter 148771_165 Reverse.jpg",https://www.kaggle.com/datasets/sergiosaharovskiy/uscoins,CC0: Public Domain
img_002058,USA,Quarter,Washington Quarter,,,,"coins/Washington Quarters, 1932-1998/Washington Quarter 32 9_2.jpg",https://www.kaggle.com/datasets/sergiosaharovskiy/uscoins,CC0: Public Domain
img_002059,USA,Quarter,Washington Quarter,,,Obverse,"coins/Washington Quarters, 1932-1998/Washington Quarter 148771_40 Obverse.jpg",https://www.kaggle.com/datasets/sergiosaharovskiy/uscoins,CC0: Public Domain
img_002060,USA,Quarter,Washington Quarter,,,Obverse,"coins/Washington Quarters, 1932-1998/Washington Quarter 148771_111 Obverse.jpg",https://www.kaggle.com/datasets/sergiosaharovskiy/uscoins,CC0: Public Domain
img_002061,USA,Quarter,Washington Quarter,,,,"coins/Washington Quarters, 1932-1998/Washington Quarter 7 0_2.jpg",https://www.kaggle.com/datasets/sergiosaharovskiy/uscoins,CC0: Public Domain
img_002062,USA,Quarter,Washington Quarter,,,,"coins/Washington Quarters, 1932-1998/Washington Quarter 28 14_3.jpg",https://www.kaggle.com/datasets/sergiosaharovskiy/uscoins,CC0: Public Domain
img_002063,USA,Quarter,Washington Quarter,,,Reverse,"coins/Washington Quarters, 1932-1998/Washington Quarter 72403_62 Reverse.jpg",https://www.kaggle.com/datasets/sergiosaharovskiy/uscoins,CC0: Public Domain
img_002064,USA,Quarter,Washington Quarter,,,,"coins/Washington Quarters, 1932-1998/Washington Quarter 12 5_0.jpg",https://www.kaggle.com/datasets/sergiosaharovskiy/uscoins,CC0: Public Domain
img_002065,USA,Quarter,Washington Quarter,,,Reverse,"coins/Washington Quarters, 1932-1998/Washington Quarter 72403_139 Reverse.jpg",https://www.kaggle.com/datasets/sergiosaharovskiy/uscoins,CC0: Public Domain
img_002066,USA,Quarter,Washington Quarter,,,Reverse,"coins/Washington Quarters, 1932-1998/Washington Quarter 219644_71 Reverse.jpg",https://www.kaggle.com/datasets/sergiosaharovskiy/uscoins,CC0: Public Domain
img_002067,USA,Quarter,Washington Quarter,,,,"coins/Washington Quarters, 1932-1998/Washington Quarter 39 25_3.jpg",https://www.kaggle.com/datasets/sergiosaharovskiy/uscoins,CC0: Public Domain
img_002068,USA,Quarter,Washington Quarter,,,Obverse,"coins/Washington Quarters, 1932-1998/Washington Quarter 148771_56 Obverse.jpg",https://www.kaggle.com/datasets/sergiosaharovskiy/uscoins,CC0: Public Domain
img_002069,USA,Quarter,Washington Quarter,,,,"coins/Washington Quarters, 1932-1998/Washington Quarter 20 18_3.jpg",https://www.kaggle.com/datasets/sergiosaharovskiy/uscoins,CC0: Public Domain
img_002070,USA,Quarter,Washington Quarter,,,,"coins/Washington Quarters, 1932-1998/Washington Quarter 14 8_0.jpg",https://www.kaggle.com/datasets/sergiosaharovskiy/uscoins,CC0: Public Domain
img_002071,USA,Quarter,Washington Quarter,,,Reverse,"coins/Washington Quarters, 1932-1998/Washington Quarter 72403_124 Reverse.jpg",https://www.kaggle.com/datasets/sergiosaharovskiy/uscoins,CC0: Public Domain
img_002072,USA,Quarter,Washington Quarter,,,Reverse,"coins/Washington Quarters, 1932-1998/Washington Quarter 218987_51 Reverse.jpg",https://www.kaggle.com/datasets/sergiosaharovskiy/uscoins,CC0: Public Domain
img_002073,USA,Quarter,Washington Quarter,,,Reverse,"coins/Washington Quarters, 1932-1998/Washington Quarter 72403_161 Reverse.jpg",https://www.kaggle.com/datasets/sergiosaharovskiy/uscoins,CC0: Public Domain
img_002074,USA,Quarter,Washington Quarter,,,Obverse,"coins/Washington Quarters, 1932-1998/Washington Quarter 72403_214 Obverse.jpg",https://www.kaggle.com/datasets/sergiosaharovskiy/uscoins,CC0: Public Domain
img_002075,USA,Quarter,Washington Quarter,,,Obverse,"coins/Washington Quarters, 1932-1998/Washington Quarter 219644_65 Obverse.jpg",https://www.kaggle.com/datasets/sergiosaharovskiy/uscoins,CC0: Public Domain
img_002076,USA,Quarter,Washington Quarter,,,,"coins/Washington Quarters, 1932-1998/Washington Quarter 28 15_3.jpg",https://www.kaggle.com/datasets/sergiosaharovskiy/uscoins,CC0: Public Domain
img_002077,USA,Quarter,Washington Quarter,,,,"coins/Washington Quarters, 1932-1998/Washington Quarter 22 14_2.jpg",https://www.kaggle.com/datasets/sergiosaharovskiy/uscoins,CC0: Public Domain
img_002078,USA,Quarter,Washington Quarter,,,Obverse,"coins/Washington Quarters, 1932-1998/Washington Quarter 148771_258 Obverse.jpg",https://www.kaggle.com/datasets/sergiosaharovskiy/uscoins,CC0: Public Domain
img_002079,USA,Quarter,Washington Quarter,,,,"coins/Washington Quarters, 1932-1998/Washington Quarter 11 3_2.jpg",https://www.kaggle.com/datasets/sergiosaharovskiy/uscoins,CC0: Public Domain
img_002080,USA,Quarter,Washington Quarter,,,,"coins/Washington Quarters, 1932-1998/Washington Quarter 10 0_2.jpg",https://www.kaggle.com/datasets/sergiosaharovskiy/uscoins,CC0: Public Domain
img_002081,USA,Quarter,Washington Quarter,,,Reverse,"coins/Washington Quarters, 1932-1998/Washington Quarter 72403_104 Reverse.jpg",https://www.kaggle.com/datasets/sergiosaharovskiy/uscoins,CC0: Public Domain
img_002082,USA,Quarter,Washington Quarter,,,Reverse,"coins/Washington Quarters, 1932-1998/Washington Quarter 218987_84 Reverse.jpg",https://www.kaggle.com/datasets/sergiosaharovskiy/uscoins,CC0: Public Domain
img_002083,USA,Quarter,Washington Quarter,,,,"coins/Washington Quarters, 1932-1998/Washington Quarter 21 4_1.jpg",https://www.kaggle.com/datasets/sergiosaharovskiy/uscoins,CC0: Public Domain
img_002084,USA,Quarter,Washington Quarter,,,Obverse,"coins/Washington Quarters, 1932-1998/Washington Quarter 72403_109 Obverse.jpg",https://www.kaggle.com/datasets/sergiosaharovskiy/uscoins,CC0: Public Domain
img_002085,USA,Quarter,Washington Quarter,,,Reverse,"coins/Washington Quarters, 1932-1998/Washington Quarter 148771_137 Reverse.jpg",https://www.kaggle.com/datasets/sergiosaharovskiy/uscoins,CC0: Public Domain
img_002086,USA,Quarter,Washington Quarter,,,,"coins/Washington Quarters, 1932-1998/Washington Quarter 1 25_1.jpg",https://www.kaggle.com/datasets/sergiosaharovskiy/uscoins,CC0: Public Domain
img_002087,USA,Quarter,Washington Quarter,,,Reverse,"coins/Washington Quarters, 1932-1998/Washington Quarter 72403_228 Reverse.jpg",https://www.kaggle.com/datasets/sergiosaharovskiy/uscoins,CC0: Public Domain
img_002088,USA,Quarter,Washington Quarter,,,Reverse,"coins/Washington Quarters, 1932-1998/Washington Quarter 148771_163 Reverse.jpg",https://www.kaggle.com/datasets/sergiosaharovskiy/uscoins,CC0: Public Domain
img_002089,USA,Quarter,Washington Quarter,,,Obverse,"coins/Washington Quarters, 1932-1998/Washington Quarter 148771_188 Obverse.jpg",https://www.kaggle.com/datasets/sergiosaharovskiy/uscoins,CC0: Public Domain
img_002090,USA,Quarter,Washington Quarter,,,Obverse,"coins/Washington Quarters, 1932-1998/Washington Quarter 72403_15 Obverse.jpg",https://www.kaggle.com/datasets/sergiosaharovskiy/uscoins,CC0: Public Domain
img_002091,USA,Quarter,Washington Quarter,,,,"coins/Washington Quarters, 1932-1998/Washington Quarter 11 1_2.jpg",https://www.kaggle.com/datasets/sergiosaharovskiy/uscoins,CC0: Public Domain
img_002092,USA,Quarter,Washington Quarter,,,,"coins/Washington Quarters, 1932-1998/Washington Quarter 23 9_0.jpg",https://www.kaggle.com/datasets/sergiosaharovskiy/uscoins,CC0: Public Domain
img_002093,USA,Quarter,Washington Quarter,,,Obverse,"coins/Washington Quarters, 1932-1998/Washington Quarter 148771_217 Obverse.jpg",https://www.kaggle.com/datasets/sergiosaharovskiy/uscoins,CC0: Public Domain
img_002094,USA,Quarter,Washington Quarter,,,Reverse,"coins/Washington Quarters, 1932-1998/Washington Quarter 148771_125 Reverse.jpg",https://www.kaggle.com/datasets/sergiosaharovskiy/uscoins,CC0: Public Domain
img_002095,USA,Quarter,Washington Quarter,,,,"coins/Washington Quarters, 1932-1998/Washington Quarter 21 18_1.jpg",https://www.kaggle.com/datasets/sergiosaharovskiy/uscoins,CC0: Public Domain
img_002096,USA,Quarter,Washington Quarter,,,Obverse,"coins/Washington Quarters, 1932-1998/Washington Quarter 148771_47 Obverse.jpg",https://www.kaggle.com/datasets/sergiosaharovskiy/uscoins,CC0: Public Domain
img_002097,USA,Quarter,Washington Quarter,,,Reverse,"coins/Washington Quarters, 1932-1998/Washington Quarter 148771_14 Reverse.jpg",https://www.kaggle.com/datasets/sergiosaharovskiy/uscoins,CC0: Public Domain
img_002098,USA,Quarter,Washington Quarter,,,Reverse,"coins/Washington Quarters, 1932-1998/Washington Quarter 72403_94 Reverse.jpg",https://www.kaggle.com/datasets/sergiosaharovskiy/uscoins,CC0: Public Domain
img_002099,USA,Quarter,Washington Quarter,,,Reverse,"coins/Washington Quarters, 1932-1998/Washington Quarter 72403_73 Reverse.jpg",https://www.kaggle.com/datasets/sergiosaharovskiy/uscoins,CC0: Public Domain
img_002100,USA,Quarter,Washington Quarter,,,Obverse,"coins/Washington Quarters, 1932-1998/Washington Quarter 72403_147 Obverse.jpg",https://www.kaggle.com/datasets/sergiosaharovskiy/uscoins,CC0: Public Domain
img_002101,USA,Quarter,Washington Quarter,,,Obverse,"coins/Washington Quarters, 1932-1998/Washington Quarter 148771_121 Obverse.jpg",https://www.kaggle.com/datasets/sergiosaharovskiy/uscoins,CC0: Public Domain
img_002102,USA,Quarter,Washington Quarter,,,Obverse,"coins/Washington Quarters, 1932-1998/Washington Quarter 148771_220 Obverse.jpg",https://www.kaggle.com/datasets/sergiosaharovskiy/uscoins,CC0: Public Domain
img_002103,USA,Quarter,Washington Quarter,,,,"coins/Washington Quarters, 1932-1998/Washington Quarter 2 0_3.jpg",https://www.kaggle.com/datasets/sergiosaharovskiy/uscoins,CC0: Public Domain
img_002104,USA,Quarter,Washington Quarter,,,Reverse,"coins/Washington Quarters, 1932-1998/Washington Quarter 219644_64 Reverse.jpg",https://www.kaggle.com/datasets/sergiosaharovskiy/uscoins,CC0: Public Domain
img_002105,USA,Quarter,Washington Quarter,,,Obverse,"coins/Washington Quarters, 1932-1998/Washington Quarter 219644_81 Obverse.jpg",https://www.kaggle.com/datasets/sergiosaharovskiy/uscoins,CC0: Public Domain
img_002106,USA,Quarter,Washington Quarter,,,Reverse,"coins/Washington Quarters, 1932-1998/Washington Quarter 148771_74 Reverse.jpg",https://www.kaggle.com/datasets/sergiosaharovskiy/uscoins,CC0: Public Domain
img_002107,USA,Quarter,Washington Quarter,,,Reverse,"coins/Washington Quarters, 1932-1998/Washington Quarter 219644_15 Reverse.jpg",https://www.kaggle.com/datasets/sergiosaharovskiy/uscoins,CC0: Public Domain
img_002108,USA,Quarter,Washington Quarter,,,,"coins/Washington Quarters, 1932-1998/Washington Quarter 39 25_0.jpg",https://www.kaggle.com/datasets/sergiosaharovskiy/uscoins,CC0: Public Domain
img_002109,USA,Quarter,Washington Quarter,,,,"coins/Washington Quarters, 1932-1998/Washington Quarter 32 11_2.jpg",https://www.kaggle.com/datasets/sergiosaharovskiy/uscoins,CC0: Public Domain
img_002110,USA,Quarter,Washington Quarter,,,Reverse,"coins/Washington Quarters, 1932-1998/Washington Quarter 218987_31 Reverse.jpg",https://www.kaggle.com/datasets/sergiosaharovskiy/uscoins,CC0: Public Domain
img_002111,USA,Quarter,Washington Quarter,,,,"coins/Washington Quarters, 1932-1998/Washington Quarter 22 15_2.jpg",https://www.kaggle.com/datasets/sergiosaharovskiy/uscoins,CC0: Public Domain
img_002112,USA,Quarter,Washington Quarter,,,,"coins/Washington Quarters, 1932-1998/Washington Quarter 13 1_2.jpg",https://www.kaggle.com/datasets/sergiosaharovskiy/uscoins,CC0: Public Domain
img_002113,USA,Quarter,Washington Quarter,,,,"coins/Washington Quarters, 1932-1998/Washington Quarter 20 11_2.jpg",https://www.kaggle.com/datasets/sergiosaharovskiy/uscoins,CC0: Public Domain
img_002114,USA,Quarter,Washington Quarter,,,,"coins/Washington Quarters, 1932-1998/Washington Quarter 28 23_2.jpg",https://www.kaggle.com/datasets/sergiosaharovskiy/uscoins,CC0: Public Domain
img_002115,USA,Quarter,Washington Quarter,,,Obverse,"coins/Washington Quarters, 1932-1998/Washington Quarter 148771_229 Obverse.jpg",https://www.kaggle.com/datasets/sergiosaharovskiy/uscoins,CC0: Public Domain
img_002116,USA,Quarter,Washington Quarter,,,,"coins/Washington Quarters, 1932-1998/Washington Quarter 7 17_3.jpg",https://www.kaggle.com/datasets/sergiosaharovskiy/uscoins,CC0: Public Domain
img_002117,USA,Quarter,Washington Quarter,,,Reverse,"coins/Washington Quarters, 1932-1998/Washington Quarter 72403_105 Reverse.jpg",https://www.kaggle.com/datasets/sergiosaharovskiy/uscoins,CC0: Public Domain
img_002118,USA,Quarter,Washington Quarter,,,Obverse,"coins/Washington Quarters, 1932-1998/Washington Quarter 219644_111 Obverse.jpg",https://www.kaggle.com/datasets/sergiosaharovskiy/uscoins,CC0: Public Domain
img_002119,USA,Quarter,Washington Quarter,,,Reverse,"coins/Washington Quarters, 1932-1998/Washington Quarter 72403_122 Reverse.jpg",https://www.kaggle.com/datasets/sergiosaharovskiy/uscoins,CC0: Public Domain
img_002120,USA,Quarter,Washington Quarter,,,Obverse,"coins/Washington Quarters, 1932-1998/Washington Quarter 148771_251 Obverse.jpg",https://www.kaggle.com/datasets/sergiosaharovskiy/uscoins,CC0: Public Domain
img_002121,USA,Quarter,Washington Quarter,,,Reverse,"coins/Washington Quarters, 1932-1998/Washington Quarter 218987_132 Reverse.jpg",https://www.kaggle.com/datasets/sergiosaharovskiy/uscoins,CC0: Public Domain
img_002122,USA,Quarter,Washington Quarter,,,Obverse,"coins/Washington Quarters, 1932-1998/Washington Quarter 219644_117 Obverse.jpg",https://www.kaggle.com/datasets/sergiosaharovskiy/uscoins,CC0: Public Domain
img_002123,USA,Quarter,Washington Quarter,,,Obverse,"coins/Washington Quarters, 1932-1998/Washington Quarter 218987_106 Obverse.jpg",https://www.kaggle.com/datasets/sergiosaharovskiy/uscoins,CC0: Public Domain
img_002124,USA,Quarter,Washington Quarter,,,,"coins/Washington Quarters, 1932-1998/Washington Quarter 27 0_2.jpg",https://www.kaggle.com/datasets/sergiosaharovskiy/uscoins,CC0: Public Domain
img_002125,USA,Quarter,Washington Quarter,,,Reverse,"coins/Washington Quarters, 1932-1998/Washington Quarter 72403_212 Reverse.jpg",https://www.kaggle.com/datasets/sergiosaharovskiy/uscoins,CC0: Public Domain
img_002126,USA,Quarter,Washington Quarter,,,Obverse,"coins/Washington Quarters, 1932-1998/Washington Quarter 148771_264 Obverse.jpg",https://www.kaggle.com/datasets/sergiosaharovskiy/uscoins,CC0: Public Domain
img_002127,USA,Quarter,Washington Quarter,,,Reverse,"coins/Washington Quarters, 1932-1998/Washington Quarter 148771_284 Reverse.jpg",https://www.kaggle.com/datasets/sergiosaharovskiy/uscoins,CC0: Public Domain
img_002128,USA,Quarter,Washington Quarter,,,,"coins/Washington Quarters, 1932-1998/Washington Quarter 18 25_1.jpg",https://www.kaggle.com/datasets/sergiosaharovskiy/uscoins,CC0: Public Domain
img_002129,USA,Quarter,Washington Quarter,,,,"coins/Washington Quarters, 1932-1998/Washington Quarter 18 13_0.jpg",https://www.kaggle.com/datasets/sergiosaharovskiy/uscoins,CC0: Public Domain
img_002130,USA,Quarter,Washington Quarter,,,Reverse,"coins/Washington Quarters, 1932-1998/Washington Quarter 219644_124 Reverse.jpg",https://www.kaggle.com/datasets/sergiosaharovskiy/uscoins,CC0: Public Domain
img_002131,USA,Quarter,Washington Quarter,,,Reverse,"coins/Washington Quarters, 1932-1998/Washington Quarter 219644_47 Reverse.jpg",https://www.kaggle.com/datasets/sergiosaharovskiy/uscoins,CC0: Public Domain
img_002132,USA,Quarter,Washington Quarter,,,,"coins/Washington Quarters, 1932-1998/Washington Quarter 6 12_0.jpg",https://www.kaggle.com/datasets/sergiosaharovskiy/uscoins,CC0: Public Domain
img_002133,USA,Quarter,Washington Quarter,,,Obverse,"coins/Washington Quarters, 1932-1998/Washington Quarter 218987_33 Obverse.jpg",https://www.kaggle.com/datasets/sergiosaharovskiy/uscoins,CC0: Public Domain
img_002134,USA,Quarter,Washington Quarter,,,Reverse,"coins/Washington Quarters, 1932-1998/Washington Quarter 218987_19 Reverse.jpg",https://www.kaggle.com/datasets/sergiosaharovskiy/uscoins,CC0: Public Domain
img_002135,USA,Quarter,Washington Quarter,,,,"coins/Washington Quarters, 1932-1998/Washington Quarter 5 22_0.jpg",https://www.kaggle.com/datasets/sergiosaharovskiy/uscoins,CC0: Public Domain
img_002136,USA,Quarter,Washington Quarter,,,,"coins/Washington Quarters, 1932-1998/Washington Quarter 6 25_0.jpg",https://www.kaggle.com/datasets/sergiosaharovskiy/uscoins,CC0: Public Domain
img_002137,USA,Quarter,Washington Quarter,,,Obverse,"coins/Washington Quarters, 1932-1998/Washington Quarter 148771_26 Obverse.jpg",https://www.kaggle.com/datasets/sergiosaharovskiy/uscoins,CC0: Public Domain
img_002138,USA,Quarter,Washington Quarter,,,,"coins/Washington Quarters, 1932-1998/Washington Quarter 16 21_1.jpg",https://www.kaggle.com/datasets/sergiosaharovskiy/uscoins,CC0: Public Domain
img_002139,USA,Quarter,Washington Quarter,,,Reverse,"coins/Washington Quarters, 1932-1998/Washington Quarter 148771_9 Reverse.jpg",https://www.kaggle.com/datasets/sergiosaharovskiy/uscoins,CC0: Public Domain
img_002140,USA,Quarter,Washington Quarter,,,Reverse,"coins/Washington Quarters, 1932-1998/Washington Quarter 218987_81 Reverse.jpg",https://www.kaggle.com/datasets/sergiosaharovskiy/uscoins,CC0: Public Domain
img_002141,USA,Quarter,Washington Quarter,,,Obverse,"coins/Washington Quarters, 1932-1998/Washington Quarter 148771_13 Obverse.jpg",https://www.kaggle.com/datasets/sergiosaharovskiy/uscoins,CC0: Public Domain
img_002142,USA,Quarter,Washington Quarter,,,,"coins/Washington Quarters, 1932-1998/Washington Quarter 10 19_2.jpg",https://www.kaggle.com/datasets/sergiosaharovskiy/uscoins,CC0: Public Domain
img_002143,USA,Quarter,Washington Quarter,,,,"coins/Washington Quarters, 1932-1998/Washington Quarter 2 7_1.jpg",https://www.kaggle.com/datasets/sergiosaharovskiy/uscoins,CC0: Public Domain
img_002144,USA,Quarter,Washington Quarter,,,,"coins/Washington Quarters, 1932-1998/Washington Quarter 31 21_3.jpg",https://www.kaggle.com/datasets/sergiosaharovskiy/uscoins,CC0: Public Domain
img_002145,USA,Quarter,Washington Quarter,,,Reverse,"coins/Washington Quarters, 1932-1998/Washington Quarter 72403_22 Reverse.jpg",https://www.kaggle.com/datasets/sergiosaharovskiy/uscoins,CC0: Public Domain
img_002146,USA,Quarter,Washington Quarter,,,Reverse,"coins/Washington Quarters, 1932-1998/Washington Quarter 219644_28 Reverse.jpg",https://www.kaggle.com/datasets/sergiosaharovskiy/uscoins,CC0: Public Domain
img_002147,USA,Quarter,Washington Quarter,,,Obverse,"coins/Washington Quarters, 1932-1998/Washington Quarter 148771_50 Obverse.jpg",https://www.kaggle.com/datasets/sergiosaharovskiy/uscoins,CC0: Public Domain
img_002148,USA,Quarter,Washington Quarter,,,Reverse,"coins/Washington Quarters, 1932-1998/Washington Quarter 17345_29 Reverse.jpg",https://www.kaggle.com/datasets/sergiosaharovskiy/uscoins,CC0: Public Domain
img_002149,USA,Quarter,Washington Quarter,,,Reverse,"coins/Washington Quarters, 1932-1998/Washington Quarter 218987_42 Reverse.jpg",https://www.kaggle.com/datasets/sergiosaharovskiy/uscoins,CC0: Public Domain
img_002150,USA,Quarter,Washington Quarter,,,Obverse,"coins/Washington Quarters, 1932-1998/Washington Quarter 148771_29 Obverse.jpg",https://www.kaggle.com/datasets/sergiosaharovskiy/uscoins,CC0: Public Domain
img_002151,USA,Quarter,Washington Quarter,,,Obverse,"coins/Washington Quarters, 1932-1998/Washington Quarter 218987_65 Obverse.jpg",https://www.kaggle.com/datasets/sergiosaharovskiy/uscoins,CC0: Public Domain
img_002152,USA,Quarter,Washington Quarter,,,Reverse,"coins/Washington Quarters, 1932-1998/Washington Quarter 72403_198 Reverse.jpg",https://www.kaggle.com/datasets/sergiosaharovskiy/uscoins,CC0: Public Domain
img_002153,USA,Quarter,Washington Quarter,,,Reverse,"coins/Washington Quarters, 1932-1998/Washington Quarter 148771_107 Reverse.jpg",https://www.kaggle.com/datasets/sergiosaharovskiy/uscoins,CC0: Public Domain
img_002154,USA,Quarter,Washington Quarter,,,Reverse,"coins/Washington Quarters, 1932-1998/Washington Quarter 72403_182 Reverse.jpg",https://www.kaggle.com/datasets/sergiosaharovskiy/uscoins,CC0: Public Domain
img_002155,USA,Quarter,Washington Quarter,,,Obverse,"coins/Washington Quarters, 1932-1998/Washington Quarter 72403_58 Obverse.jpg",https://www.kaggle.com/datasets/sergiosaharovskiy/uscoins,CC0: Public Domain
img_002156,USA,Quarter,Washington Quarter,,,,"coins/Washington Quarters, 1932-1998/Washington Quarter 25 19_2.jpg",https://www.kaggle.com/datasets/sergiosaharovskiy/uscoins,CC0: Public Domain
img_002157,USA,Quarter,Washington Quarter,,,,"coins/Washington Quarters, 1932-1998/Washington Quarter 7 9_3.jpg",https://www.kaggle.com/datasets/sergiosaharovskiy/uscoins,CC0: Public Domain
img_002158,USA,Quarter,Washington Quarter,,,,"coins/Washington Quarters, 1932-1998/Washington Quarter 16 3_0.jpg",https://www.kaggle.com/datasets/sergiosaharovskiy/uscoins,CC0: Public Domain
img_002159,USA,Quarter,Washington Quarter,,,,"coins/Washington Quarters, 1932-1998/Washington Quarter 2 25_1.jpg",https://www.kaggle.com/datasets/sergiosaharovskiy/uscoins,CC0: Public Domain
img_002160,USA,Quarter,Washington Quarter,,,Obverse,"coins/Washington Quarters, 1932-1998/Washington Quarter 148771_91 Obverse.jpg",https://www.kaggle.com/datasets/sergiosaharovskiy/uscoins,CC0: Public Domain
img_002161,USA,Quarter,Washington Quarter,,,,"coins/Washington Quarters, 1932-1998/Washington Quarter 1 14_1.jpg",https://www.kaggle.com/datasets/sergiosaharovskiy/uscoins,CC0: Public Domain
img_002162,USA,Quarter,Washington Quarter,,,,"coins/Washington Quarters, 1932-1998/Washington Quarter 3 10_2.jpg",https://www.kaggle.com/datasets/sergiosaharovskiy/uscoins,CC0: Public Domain
img_002163,USA,Quarter,Washington Quarter,,,,"coins/Washington Quarters, 1932-1998/Washington Quarter 7 18_0.jpg",https://www.kaggle.com/datasets/sergiosaharovskiy/uscoins,CC0: Public Domain
img_002164,USA,Quarter,Washington Quarter,,,Reverse,"coins/Washington Quarters, 1932-1998/Washington Quarter 148771_127 Reverse.jpg",https://www.kaggle.com/datasets/sergiosaharovskiy/uscoins,CC0: Public Domain
img_002165,USA,Quarter,Washington Quarter,,,Reverse,"coins/Washington Quarters, 1932-1998/Washington Quarter 72403_101 Reverse.jpg",https://www.kaggle.com/datasets/sergiosaharovskiy/uscoins,CC0: Public Domain
img_002166,USA,Quarter,Washington Quarter,,,Obverse,"coins/Washington Quarters, 1932-1998/Washington Quarter 72403_74 Obverse.jpg",https://www.kaggle.com/datasets/sergiosaharovskiy/uscoins,CC0: Public Domain
img_002167,USA,Quarter,Washington Quarter,,,Obverse,"coins/Washington Quarters, 1932-1998/Washington Quarter 219644_148 Obverse.jpg",https://www.kaggle.com/datasets/sergiosaharovskiy/uscoins,CC0: Public Domain
img_002168,USA,Quarter,Washington Quarter,,,,"coins/Washington Quarters, 1932-1998/Washington Quarter 10 25_0.jpg",https://www.kaggle.com/datasets/sergiosaharovskiy/uscoins,CC0: Public Domain
img_002169,USA,Quarter,Washington Quarter,,,,"coins/Washington Quarters, 1932-1998/Washington Quarter 32 11_3.jpg",https://www.kaggle.com/datasets/sergiosaharovskiy/uscoins,CC0: Public Domain
img_002170,USA,Quarter,Washington Quarter,,,,"coins/Washington Quarters, 1932-1998/Washington Quarter 17 18_0.jpg",https://www.kaggle.com/datasets/sergiosaharovskiy/uscoins,CC0: Public Domain
img_002171,USA,Quarter,Washington Quarter,,,Obverse,"coins/Washington Quarters, 1932-1998/Washington Quarter 218987_38 Obverse.jpg",https://www.kaggle.com/datasets/sergiosaharovskiy/uscoins,CC0: Public Domain
img_002172,USA,Quarter,Washington Quarter,,,,"coins/Washington Quarters, 1932-1998/Washington Quarter 14 25_1.jpg",https://www.kaggle.com/datasets/sergiosaharovskiy/uscoins,CC0: Public Domain
img_002173,USA,Quarter,Washington Quarter,,,Obverse,"coins/Washington Quarters, 1932-1998/Washington Quarter 72403_208 Obverse.jpg",https://www.kaggle.com/datasets/sergiosaharovskiy/uscoins,CC0: Public Domain
img_002174,USA,Quarter,Washington Quarter,,,,"coins/Washington Quarters, 1932-1998/Washington Quarter 17 24_2.jpg",https://www.kaggle.com/datasets/sergiosaharovskiy/uscoins,CC0: Public Domain
img_002175,USA,Quarter,Washington Quarter,,,Obverse,"coins/Washington Quarters, 1932-1998/Washington Quarter 72403_178 Obverse.jpg",https://www.kaggle.com/datasets/sergiosaharovskiy/uscoins,CC0: Public Domain
img_002176,USA,Quarter,Washington Quarter,,,Obverse,"coins/Washington Quarters, 1932-1998/Washington Quarter 148771_274 Obverse.jpg",https://www.kaggle.com/datasets/sergiosaharovskiy/uscoins,CC0: Public Domain
img_002177,USA,Quarter,Washington Quarter,,,,"coins/Washington Quarters, 1932-1998/Washington Quarter 2 13_1.jpg",https://www.kaggle.com/datasets/sergiosaharovskiy/uscoins,CC0: Public Domain
img_002178,USA,Quarter,Washington Quarter,,,,"coins/Washington Quarters, 1932-1998/Washington Quarter 12 0_3.jpg",https://www.kaggle.com/datasets/sergiosaharovskiy/uscoins,CC0: Public Domain
img_002179,USA,Quarter,Washington Quarter,,,Obverse,"coins/Washington Quarters, 1932-1998/Washington Quarter 72403_145 Obverse.jpg",https://www.kaggle.com/datasets/sergiosaharovskiy/uscoins,CC0: Public Domain
img_002180,USA,Quarter,Washington Quarter,,,,"coins/Washington Quarters, 1932-1998/Washington Quarter 11 11_2.jpg",https://www.kaggle.com/datasets/sergiosaharovskiy/uscoins,CC0: Public Domain
img_002181,USA,Quarter,Washington Quarter,,,Reverse,"coins/Washington Quarters, 1932-1998/Washington Quarter 148771_92 Reverse.jpg",https://www.kaggle.com/datasets/sergiosaharovskiy/uscoins,CC0: Public Domain
img_002182,USA,Quarter,Washington Quarter,,,Obverse,"coins/Washington Quarters, 1932-1998/Washington Quarter 219644_106 Obverse.jpg",https://www.kaggle.com/datasets/sergiosaharovskiy/uscoins,CC0: Public Domain
img_002183,USA,Quarter,Washington Quarter,,,,"coins/Washington Quarters, 1932-1998/Washington Quarter 22 10_1.jpg",https://www.kaggle.com/datasets/sergiosaharovskiy/uscoins,CC0: Public Domain
img_002184,USA,Quarter,Washington Quarter,,,,"coins/Washington Quarters, 1932-1998/Washington Quarter 19 25_0.jpg",https://www.kaggle.com/datasets/sergiosaharovskiy/uscoins,CC0: Public Domain
img_002185,USA,Quarter,Washington Quarter,,,Reverse,"coins/Washington Quarters, 1932-1998/Washington Quarter 148771_84 Reverse.jpg",https://www.kaggle.com/datasets/sergiosaharovskiy/uscoins,CC0: Public Domain
img_002186,USA,Quarter,Washington Quarter,,,Obverse,"coins/Washington Quarters, 1932-1998/Washington Quarter 218987_77 Obverse.jpg",https://www.kaggle.com/datasets/sergiosaharovskiy/uscoins,CC0: Public Domain
img_002187,USA,Quarter,Washington Quarter,,,Reverse,"coins/Washington Quarters, 1932-1998/Washington Quarter 219644_149 Reverse.jpg",https://www.kaggle.com/datasets/sergiosaharovskiy/uscoins,CC0: Public Domain
img_002188,USA,Quarter,Washington Quarter,,,,"coins/Washington Quarters, 1932-1998/Washington Quarter 25 25_0.jpg",https://www.kaggle.com/datasets/sergiosaharovskiy/uscoins,CC0: Public Domain
img_002189,USA,Quarter,Washington Quarter,,,,"coins/Washington Quarters, 1932-1998/Washington Quarter 9 22_0.jpg",https://www.kaggle.com/datasets/sergiosaharovskiy/uscoins,CC0: Public Domain
img_002190,USA,Quarter,Washington Quarter,,,Obverse,"coins/Washington Quarters, 1932-1998/Washington Quarter 148771_232 Obverse.jpg",https://www.kaggle.com/datasets/sergiosaharovskiy/uscoins,CC0: Public Domain
img_002191,USA,Quarter,Washington Quarter,,,Obverse,"coins/Washington Quarters, 1932-1998/Washington Quarter 219644_36 Obverse.jpg",https://www.kaggle.com/datasets/sergiosaharovskiy/uscoins,CC0: Public Domain
img_002192,USA,Quarter,Washington Quarter,,,Obverse,"coins/Washington Quarters, 1932-1998/Washington Quarter 148771_116 Obverse.jpg",https://www.kaggle.com/datasets/sergiosaharovskiy/uscoins,CC0: Public Domain
img_002193,USA,Quarter,Washington Quarter,,,Reverse,"coins/Washington Quarters, 1932-1998/Washington Quarter 219644_37 Reverse.jpg",https://www.kaggle.com/datasets/sergiosaharovskiy/uscoins,CC0: Public Domain
img_002194,USA,Quarter,Washington Quarter,,,,"coins/Washington Quarters, 1932-1998/Washington Quarter 5 12_2.jpg",https://www.kaggle.com/datasets/sergiosaharovskiy/uscoins,CC0: Public Domain
img_002195,USA,Quarter,Washington Quarter,,,,"coins/Washington Quarters, 1932-1998/Washington Quarter 7 0_0.jpg",https://www.kaggle.com/datasets/sergiosaharovskiy/uscoins,CC0: Public Domain
img_002196,USA,Quarter,Washington Quarter,,,,"coins/Washington Quarters, 1932-1998/Washington Quarter 35 20_1.jpg",https://www.kaggle.com/datasets/sergiosaharovskiy/uscoins,CC0: Public Domain
img_002197,USA,Quarter,Washington Quarter,,,,"coins/Washington Quarters, 1932-1998/Washington Quarter 2 8_0.jpg",https://www.kaggle.com/datasets/sergiosaharovskiy/uscoins,CC0: Public Domain
img_002198,USA,Quarter,Washington Quarter,,,,"coins/Washington Quarters, 1932-1998/Washington Quarter 2 9_1.jpg",https://www.kaggle.com/datasets/sergiosaharovskiy/uscoins,CC0: Public Domain
img_002199,USA,Quarter,Washington Quarter,,,Obverse,"coins/Washington Quarters, 1932-1998/Washington Quarter 219644_3 Obverse.jpg",https://www.kaggle.com/datasets/sergiosaharovskiy/uscoins,CC0: Public Domain
img_002200,USA,Quarter,Washington Quarter,,,,"coins/Washington Quarters, 1932-1998/Washington Quarter 20 2_0.jpg",https://www.kaggle.com/datasets/sergiosaharovskiy/uscoins,CC0: Public Domain
img_002201,USA,Quarter,Washington Quarter,,,,"coins/Washington Quarters, 1932-1998/Washington Quarter 2 4_1.jpg",https://www.kaggle.com/datasets/sergiosaharovskiy/uscoins,CC0: Public Domain
img_002202,USA,Quarter,Washington Quarter,,,,"coins/Washington Quarters, 1932-1998/Washington Quarter 3 6_2.jpg",https://www.kaggle.com/datasets/sergiosaharovskiy/uscoins,CC0: Public Domain
img_002203,USA,Quarter,Washington Quarter,,,,"coins/Washington Quarters, 1932-1998/Washington Quarter 10 12_3.jpg",https://www.kaggle.com/datasets/sergiosaharovskiy/uscoins,CC0: Public Domain
img_002204,USA,Quarter,Washington Quarter,,,,"coins/Washington Quarters, 1932-1998/Washington Quarter 8 0_0.jpg",https://www.kaggle.com/datasets/sergiosaharovskiy/uscoins,CC0: Public Domain
img_002205,USA,Quarter,Washington Quarter,,,Obverse,"coins/Washington Quarters, 1932-1998/Washington Quarter 148771_172 Obverse.jpg",https://www.kaggle.com/datasets/sergiosaharovskiy/uscoins,CC0: Public Domain
img_002206,USA,Quarter,Washington Quarter,,,Reverse,"coins/Washington Quarters, 1932-1998/Washington Quarter 148771_4 Reverse.jpg",https://www.kaggle.com/datasets/sergiosaharovskiy/uscoins,CC0: Public Domain
img_002207,USA,Quarter,Washington Quarter,,,Reverse,"coins/Washington Quarters, 1932-1998/Washington Quarter 219644_150 Reverse.jpg",https://www.kaggle.com/datasets/sergiosaharovskiy/uscoins,CC0: Public Domain
img_002208,USA,Quarter,Washington Quarter,,,,"coins/Washington Quarters, 1932-1998/Washington Quarter 17 25_1.jpg",https://www.kaggle.com/datasets/sergiosaharovskiy/uscoins,CC0: Public Domain
img_002209,USA,Quarter,Washington Quarter,,,Obverse,"coins/Washington Quarters, 1932-1998/Washington Quarter 148771_6 Obverse.jpg",https://www.kaggle.com/datasets/sergiosaharovskiy/uscoins,CC0: Public Domain
img_002210,USA,Quarter,Washington Quarter,,,,"coins/Washington Quarters, 1932-1998/Washington Quarter 21 2_0.jpg",https://www.kaggle.com/datasets/sergiosaharovskiy/uscoins,CC0: Public Domain
img_002211,USA,Quarter,Washington Quarter,,,Obverse,"coins/Washington Quarters, 1932-1998/Washington Quarter 148771_93 Obverse.jpg",https://www.kaggle.com/datasets/sergiosaharovskiy/uscoins,CC0: Public Domain
img_002212,USA,Quarter,Washington Quarter,,,,"coins/Washington Quarters, 1932-1998/Washington Quarter 2 19_3.jpg",https://www.kaggle.com/datasets/sergiosaharovskiy/uscoins,CC0: Public Domain
img_002213,USA,Quarter,Washington Quarter,,,,"coins/Washington Quarters, 1932-1998/Washington Quarter 4 6_0.jpg",https://www.kaggle.com/datasets/sergiosaharovskiy/uscoins,CC0: Public Domain
img_002214,USA,Quarter,Washington Quarter,,,,"coins/Washington Quarters, 1932-1998/Washington Quarter 23 24_0.jpg",https://www.kaggle.com/datasets/sergiosaharovskiy/uscoins,CC0: Public Domain
img_002215,USA,Quarter,Washington Quarter,,,Obverse,"coins/Washington Quarters, 1932-1998/Washington Quarter 148771_160 Obverse.jpg",https://www.kaggle.com/datasets/sergiosaharovskiy/uscoins,CC0: Public Domain
img_002216,USA,Quarter,Washington Quarter,,,Obverse,"coins/Washington Quarters, 1932-1998/Washington Quarter 219644_123 Obverse.jpg",https://www.kaggle.com/datasets/sergiosaharovskiy/uscoins,CC0: Public Domain
img_002217,USA,Quarter,Washington Quarter,,,,"coins/Washington Quarters, 1932-1998/Washington Quarter 3 3_3.jpg",https://www.kaggle.com/datasets/sergiosaharovskiy/uscoins,CC0: Public Domain
img_002218,USA,Quarter,Washington Quarter,,,Obverse,"coins/Washington Quarters, 1932-1998/Washington Quarter 17345_47 Obverse.jpg",https://www.kaggle.com/datasets/sergiosaharovskiy/uscoins,CC0: Public Domain
img_002219,USA,Quarter,Washington Quarter,,,Obverse,"coins/Washington Quarters, 1932-1998/Washington Quarter 17345_35 Obverse.jpg",https://www.kaggle.com/datasets/sergiosaharovskiy/uscoins,CC0: Public Domain
img_002220,USA,Quarter,Washington Quarter,,,Obverse,"coins/Washington Quarters, 1932-1998/Washington Quarter 148771_177 Obverse.jpg",https://www.kaggle.com/datasets/sergiosaharovskiy/uscoins,CC0: Public Domain
img_002221,USA,Quarter,Washington Quarter,,,Obverse,"coins/Washington Quarters, 1932-1998/Washington Quarter 218987_103 Obverse.jpg",https://www.kaggle.com/datasets/sergiosaharovskiy/uscoins,CC0: Public Domain
img_002222,USA,Quarter,Washington Quarter,,,Obverse,"coins/Washington Quarters, 1932-1998/Washington Quarter 72403_97 Obverse.jpg",https://www.kaggle.com/datasets/sergiosaharovskiy/uscoins,CC0: Public Domain
img_002223,USA,Quarter,Washington Quarter,,,Obverse,"coins/Washington Quarters, 1932-1998/Washington Quarter 219644_19 Obverse.jpg",https://www.kaggle.com/datasets/sergiosaharovskiy/uscoins,CC0: Public Domain
img_002224,USA,Quarter,Washington Quarter,,,Reverse,"coins/Washington Quarters, 1932-1998/Washington Quarter 148771_271 Reverse.jpg",https://www.kaggle.com/datasets/sergiosaharovskiy/uscoins,CC0: Public Domain
img_002225,USA,Quarter,Washington Quarter,,,Obverse,"coins/Washington Quarters, 1932-1998/Washington Quarter 148771_295 Obverse.jpg",https://www.kaggle.com/datasets/sergiosaharovskiy/uscoins,CC0: Public Domain
img_002226,USA,Quarter,Washington Quarter,,,,"coins/Washington Quarters, 1932-1998/Washington Quarter 14 1_0.jpg",https://www.kaggle.com/datasets/sergiosaharovskiy/uscoins,CC0: Public Domain
img_002227,USA,Quarter,Washington Quarter,,,,"coins/Washington Quarters, 1932-1998/Washington Quarter 12 7_2.jpg",https://www.kaggle.com/datasets/sergiosaharovskiy/uscoins,CC0: Public Domain
img_002228,USA,Quarter,Washington Quarter,,,Obverse,"coins/Washington Quarters, 1932-1998/Washington Quarter 148771_18 Obverse.jpg",https://www.kaggle.com/datasets/sergiosaharovskiy/uscoins,CC0: Public Domain
img_002229,USA,Quarter,Washington Quarter,,,,"coins/Washington Quarters, 1932-1998/Washington Quarter 28 5_2.jpg",https://www.kaggle.com/datasets/sergiosaharovskiy/uscoins,CC0: Public Domain
img_002230,USA,Quarter,Washington Quarter,,,,"coins/Washington Quarters, 1932-1998/Washington Quarter 23 20_2.jpg",https://www.kaggle.com/datasets/sergiosaharovskiy/uscoins,CC0: Public Domain
img_002231,USA,Quarter,Washington Quarter,,,,"coins/Washington Quarters, 1932-1998/Washington Quarter 32 23_1.jpg",https://www.kaggle.com/datasets/sergiosaharovskiy/uscoins,CC0: Public Domain
img_002232,USA,Quarter,Washington Quarter,,,,"coins/Washington Quarters, 1932-1998/Washington Quarter 5 22_1.jpg",https://www.kaggle.com/datasets/sergiosaharovskiy/uscoins,CC0: Public Domain
img_002233,USA,Quarter,Washington Quarter,,,Reverse,"coins/Washington Quarters, 1932-1998/Washington Quarter 148771_181 Reverse.jpg",https://www.kaggle.com/datasets/sergiosaharovskiy/uscoins,CC0: Public Domain
img_002234,USA,Quarter,Washington Quarter,,,,"coins/Washington Quarters, 1932-1998/Washington Quarter 17 11_0.jpg",https://www.kaggle.com/datasets/sergiosaharovskiy/uscoins,CC0: Public Domain
img_002235,USA,Quarter,Washington Quarter,,,Reverse,"coins/Washington Quarters, 1932-1998/Washington Quarter 148771_78 Reverse.jpg",https://www.kaggle.com/datasets/sergiosaharovskiy/uscoins,CC0: Public Domain
img_002236,USA,Quarter,Washington Quarter,,,,"coins/Washington Quarters, 1932-1998/Washington Quarter 16 18_3.jpg",https://www.kaggle.com/datasets/sergiosaharovskiy/uscoins,CC0: Public Domain
img_002237,USA,Quarter,Washington Quarter,,,Obverse,"coins/Washington Quarters, 1932-1998/Washington Quarter 148771_182 Obverse.jpg",https://www.kaggle.com/datasets/sergiosaharovskiy/uscoins,CC0: Public Domain
img_002238,USA,Quarter,Washington Quarter,,,Obverse,"coins/Washington Quarters, 1932-1998/Washington Quarter 72403_216 Obverse.jpg",https://www.kaggle.com/datasets/sergiosaharovskiy/uscoins,CC0: Public Domain
img_002239,USA,Quarter,Washington Quarter,,,Reverse,"coins/Washington Quarters, 1932-1998/Washington Quarter 148771_227 Reverse.jpg",https://www.kaggle.com/datasets/sergiosaharovskiy/uscoins,CC0: Public Domain
img_002240,USA,Quarter,Washington Quarter,,,Obverse,"coins/Washington Quarters, 1932-1998/Washington Quarter 148771_90 Obverse.jpg",https://www.kaggle.com/datasets/sergiosaharovskiy/uscoins,CC0: Public Domain
img_002241,USA,Quarter,Washington Quarter,,,Reverse,"coins/Washington Quarters, 1932-1998/Washington Quarter 148771_31 Reverse.jpg",https://www.kaggle.com/datasets/sergiosaharovskiy/uscoins,CC0: Public Domain
img_002242,USA,Quarter,Washington Quarter,,,,"coins/Washington Quarters, 1932-1998/Washington Quarter 19 13_3.jpg",https://www.kaggle.com/datasets/sergiosaharovskiy/uscoins,CC0: Public Domain
img_002243,USA,Quarter,Washington Quarter,,,Reverse,"coins/Washington Quarters, 1932-1998/Washington Quarter 148771_245 Reverse.jpg",https://www.kaggle.com/datasets/sergiosaharovskiy/uscoins,CC0: Public Domain
img_002244,USA,Quarter,Washington Quarter,,,,"coins/Washington Quarters, 1932-1998/Washington Quarter 22 10_3.jpg",https://www.kaggle.com/datasets/sergiosaharovskiy/uscoins,CC0: Public Domain
img_002245,USA,Quarter,Washington Quarter,,,Obverse,"coins/Washington Quarters, 1932-1998/Washington Quarter 148771_275 Obverse.jpg",https://www.kaggle.com/datasets/sergiosaharovskiy/uscoins,CC0: Public Domain
img_002246,USA,Quarter,Washington Quarter,,,,"coins/Washington Quarters, 1932-1998/Washington Quarter 22 7_1.jpg",https://www.kaggle.com/datasets/sergiosaharovskiy/uscoins,CC0: Public Domain
img_002247,USA,Quarter,Washington Quarter,,,Reverse,"coins/Washington Quarters, 1932-1998/Washington Quarter 72403_19 Reverse.jpg",https://www.kaggle.com/datasets/sergiosaharovskiy/uscoins,CC0: Public Domain
img_002248,USA,Quarter,Washington Quarter,,,,"coins/Washington Quarters, 1932-1998/Washington Quarter 8 25_1.jpg",https://www.kaggle.com/datasets/sergiosaharovskiy/uscoins,CC0: Public Domain
img_002249,USA,Quarter,Washington Quarter,,,Reverse,"coins/Washington Quarters, 1932-1998/Washington Quarter 148771_235 Reverse.jpg",https://www.kaggle.com/datasets/sergiosaharovskiy/uscoins,CC0: Public Domain
img_002250,USA,Quarter,Washington Quarter,,,Reverse,"coins/Washington Quarters, 1932-1998/Washington Quarter 148771_169 Reverse.jpg",https://www.kaggle.com/datasets/sergiosaharovskiy/uscoins,CC0: Public Domain
img_002251,USA,Quarter,Washington Quarter,,,Obverse,"coins/Washington Quarters, 1932-1998/Washington Quarter 218987_20 Obverse.jpg",https://www.kaggle.com/datasets/sergiosaharovskiy/uscoins,CC0: Public Domain
img_002252,USA,Quarter,Washington Quarter,,,,"coins/Washington Quarters, 1932-1998/Washington Quarter 2 19_1.jpg",https://www.kaggle.com/datasets/sergiosaharovskiy/uscoins,CC0: Public Domain
img_002253,USA,Quarter,Washington Quarter,,,,"coins/Washington Quarters, 1932-1998/Washington Quarter 6 11_0.jpg",https://www.kaggle.com/datasets/sergiosaharovskiy/uscoins,CC0: Public Domain
img_002254,USA,Quarter,Washington Quarter,,,Obverse,"coins/Washington Quarters, 1932-1998/Washington Quarter 219644_135 Obverse.jpg",https://www.kaggle.com/datasets/sergiosaharovskiy/uscoins,CC0: Public Domain
img_002255,USA,Quarter,Washington Quarter,,,Reverse,"coins/Washington Quarters, 1932-1998/Washington Quarter 148771_2 Reverse.jpg",https://www.kaggle.com/datasets/sergiosaharovskiy/uscoins,CC0: Public Domain
img_002256,USA,Quarter,Washington Quarter,,,Obverse,"coins/Washington Quarters, 1932-1998/Washington Quarter 218987_71 Obverse.jpg",https://www.kaggle.com/datasets/sergiosaharovskiy/uscoins,CC0: Public Domain
img_002257,USA,Quarter,Washington Quarter,,,Reverse,"coins/Washington Quarters, 1932-1998/Washington Quarter 148771_214 Reverse.jpg",https://www.kaggle.com/datasets/sergiosaharovskiy/uscoins,CC0: Public Domain
img_002258,USA,Quarter,Washington Quarter,,,Obverse,"coins/Washington Quarters, 1932-1998/Washington Quarter 218987_112 Obverse.jpg",https://www.kaggle.com/datasets/sergiosaharovskiy/uscoins,CC0: Public Domain
img_002259,USA,Quarter,Washington Quarter,,,,"coins/Washington Quarters, 1932-1998/Washington Quarter 9 25_1.jpg",https://www.kaggle.com/datasets/sergiosaharovskiy/uscoins,CC0: Public Domain
img_002260,USA,Quarter,Washington Quarter,,,Obverse,"coins/Washington Quarters, 1932-1998/Washington Quarter 219644_91 Obverse.jpg",https://www.kaggle.com/datasets/sergiosaharovskiy/uscoins,CC0: Public Domain
img_002261,USA,Quarter,Washington Quarter,,,Reverse,"coins/Washington Quarters, 1932-1998/Washington Quarter 218987_57 Reverse.jpg",https://www.kaggle.com/datasets/sergiosaharovskiy/uscoins,CC0: Public Domain
img_002262,USA,Quarter,Washington Quarter,,,Reverse,"coins/Washington Quarters, 1932-1998/Washington Quarter 148771_65 Reverse.jpg",https://www.kaggle.com/datasets/sergiosaharovskiy/uscoins,CC0: Public Domain
img_002263,USA,Quarter,Washington Quarter,,,,"coins/Washington Quarters, 1932-1998/Washington Quarter 25 21_1.jpg",https://www.kaggle.com/datasets/sergiosaharovskiy/uscoins,CC0: Public Domain
img_002264,USA,Quarter,Washington Quarter,,,,"coins/Washington Quarters, 1932-1998/Washington Quarter 21 2_2.jpg",https://www.kaggle.com/datasets/sergiosaharovskiy/uscoins,CC0: Public Domain
img_002265,USA,Quarter,Washington Quarter,,,,"coins/Washington Quarters, 1932-1998/Washington Quarter 7 2_3.jpg",https://www.kaggle.com/datasets/sergiosaharovskiy/uscoins,CC0: Public Domain
img_002266,USA,Quarter,Washington Quarter,,,Reverse,"coins/Washington Quarters, 1932-1998/Washington Quarter 219644_84 Reverse.jpg",https://www.kaggle.com/datasets/sergiosaharovskiy/uscoins,CC0: Public Domain
img_002267,USA,Quarter,Washington Quarter,,,Reverse,"coins/Washington Quarters, 1932-1998/Washington Quarter 148771_198 Reverse.jpg",https://www.kaggle.com/datasets/sergiosaharovskiy/uscoins,CC0: Public Domain
img_002268,USA,Quarter,Washington Quarter,,,,"coins/Washington Quarters, 1932-1998/Washington Quarter 14 25_0.jpg",https://www.kaggle.com/datasets/sergiosaharovskiy/uscoins,CC0: Public Domain
img_002269,USA,Quarter,Washington Quarter,,,,"coins/Washington Quarters, 1932-1998/Washington Quarter 18 21_1.jpg",https://www.kaggle.com/datasets/sergiosaharovskiy/uscoins,CC0: Public Domain
img_002270,USA,Quarter,Washington Quarter,,,Obverse,"coins/Washington Quarters, 1932-1998/Washington Quarter 219644_136 Obverse.jpg",https://www.kaggle.com/datasets/sergiosaharovskiy/uscoins,CC0: Public Domain
img_002271,USA,Quarter,Washington Quarter,,,Obverse,"coins/Washington Quarters, 1932-1998/Washington Quarter 17345_41 Obverse.jpg",https://www.kaggle.com/datasets/sergiosaharovskiy/uscoins,CC0: Public Domain
img_002272,USA,Quarter,Washington Quarter,,,Obverse,"coins/Washington Quarters, 1932-1998/Washington Quarter 72403_102 Obverse.jpg",https://www.kaggle.com/datasets/sergiosaharovskiy/uscoins,CC0: Public Domain
img_002273,USA,Quarter,Washington Quarter,,,Reverse,"coins/Washington Quarters, 1932-1998/Washington Quarter 148771_38 Reverse.jpg",https://www.kaggle.com/datasets/sergiosaharovskiy/uscoins,CC0: Public Domain
img_002274,USA,Quarter,Washington Quarter,,,Reverse,"coins/Washington Quarters, 1932-1998/Washington Quarter 148771_260 Reverse.jpg",https://www.kaggle.com/datasets/sergiosaharovskiy/uscoins,CC0: Public Domain
img_002275,USA,Quarter,Washington Quarter,,,,"coins/Washington Quarters, 1932-1998/Washington Quarter 2 22_3.jpg",https://www.kaggle.com/datasets/sergiosaharovskiy/uscoins,CC0: Public Domain
img_002276,USA,Quarter,Washington Quarter,,,Obverse,"coins/Washington Quarters, 1932-1998/Washington Quarter 148771_234 Obverse.jpg",https://www.kaggle.com/datasets/sergiosaharovskiy/uscoins,CC0: Public Domain
img_002277,USA,Quarter,Washington Quarter,,,Obverse,"coins/Washington Quarters, 1932-1998/Washington Quarter 219644_0 Obverse.jpg",https://www.kaggle.com/datasets/sergiosaharovskiy/uscoins,CC0: Public Domain
img_002278,USA,Quarter,Washington Quarter,,,Obverse,"coins/Washington Quarters, 1932-1998/Washington Quarter 218987_99 Obverse.jpg",https://www.kaggle.com/datasets/sergiosaharovskiy/uscoins,CC0: Public Domain
img_002279,USA,Quarter,Washington Quarter,,,,"coins/Washington Quarters, 1932-1998/Washington Quarter 12 12_3.jpg",https://www.kaggle.com/datasets/sergiosaharovskiy/uscoins,CC0: Public Domain
img_002280,USA,Quarter,Washington Quarter,,,Obverse,"coins/Washington Quarters, 1932-1998/Washington Quarter 72403_242 Obverse.jpg",https://www.kaggle.com/datasets/sergiosaharovskiy/uscoins,CC0: Public Domain
img_002281,USA,Quarter,Washington Quarter,,,,"coins/Washington Quarters, 1932-1998/Washington Quarter 12 15_2.jpg",https://www.kaggle.com/datasets/sergiosaharovskiy/uscoins,CC0: Public Domain
img_002282,USA,Quarter,Washington Quarter,,,,"coins/Washington Quarters, 1932-1998/Washington Quarter 22 16_0.jpg",https://www.kaggle.com/datasets/sergiosaharovskiy/uscoins,CC0: Public Domain
img_002283,USA,Quarter,Washington Quarter,,,Reverse,"coins/Washington Quarters, 1932-1998/Washington Quarter 148771_228 Reverse.jpg",https://www.kaggle.com/datasets/sergiosaharovskiy/uscoins,CC0: Public Domain
img_002284,USA,Quarter,Washington Quarter,,,,"coins/Washington Quarters, 1932-1998/Washington Quarter 1 25_0.jpg",https://www.kaggle.com/datasets/sergiosaharovskiy/uscoins,CC0: Public Domain
img_002285,USA,Quarter,Washington Quarter,,,Reverse,"coins/Washington Quarters, 1932-1998/Washington Quarter 148771_175 Reverse.jpg",https://www.kaggle.com/datasets/sergiosaharovskiy/uscoins,CC0: Public Domain
img_002286,USA,Quarter,Washington Quarter,,,,"coins/Washington Quarters, 1932-1998/Washington Quarter 1 11_2.jpg",https://www.kaggle.com/datasets/sergiosaharovskiy/uscoins,CC0: Public Domain
img_002287,USA,Quarter,Washington Quarter,,,Reverse,"coins/Washington Quarters, 1932-1998/Washington Quarter 218987_129 Reverse.jpg",https://www.kaggle.com/datasets/sergiosaharovskiy/uscoins,CC0: Public Domain
img_002288,USA,Quarter,Washington Quarter,,,Reverse,"coins/Washington Quarters, 1932-1998/Washington Quarter 148771_221 Reverse.jpg",https://www.kaggle.com/datasets/sergiosaharovskiy/uscoins,CC0: Public Domain
img_002289,USA,Quarter,Washington Quarter,,,,"coins/Washington Quarters, 1932-1998/Washington Quarter 25 19_3.jpg",https://www.kaggle.com/datasets/sergiosaharovskiy/uscoins,CC0: Public Domain
img_002290,USA,Quarter,Washington Quarter,,,Reverse,"coins/Washington Quarters, 1932-1998/Washington Quarter 219644_9 Reverse.jpg",https://www.kaggle.com/datasets/sergiosaharovskiy/uscoins,CC0: Public Domain
img_002291,USA,Quarter,Washington Quarter,,,,"coins/Washington Quarters, 1932-1998/Washington Quarter 8 22_2.jpg",https://www.kaggle.com/datasets/sergiosaharovskiy/uscoins,CC0: Public Domain
img_002292,USA,Quarter,Washington Quarter,,,Reverse,"coins/Washington Quarters, 1932-1998/Washington Quarter 148771_222 Reverse.jpg",https://www.kaggle.com/datasets/sergiosaharovskiy/uscoins,CC0: Public Domain
img_002293,USA,Quarter,Washington Quarter,,,,"coins/Washington Quarters, 1932-1998/Washington Quarter 40 22_1.jpg",https://www.kaggle.com/datasets/sergiosaharovskiy/uscoins,CC0: Public Domain
img_002294,USA,Quarter,Washington Quarter,,,,"coins/Washington Quarters, 1932-1998/Washington Quarter 24 5_2.jpg",https://www.kaggle.com/datasets/sergiosaharovskiy/uscoins,CC0: Public Domain
img_002295,USA,Quarter,Washington Quarter,,,Reverse,"coins/Washington Quarters, 1932-1998/Washington Quarter 148771_54 Reverse.jpg",https://www.kaggle.com/datasets/sergiosaharovskiy/uscoins,CC0: Public Domain
img_002296,USA,Quarter,Washington Quarter,,,Reverse,"coins/Washington Quarters, 1932-1998/Washington Quarter 219644_17 Reverse.jpg",https://www.kaggle.com/datasets/sergiosaharovskiy/uscoins,CC0: Public Domain
img_002297,USA,Quarter,Washington Quarter,,,,"coins/Washington Quarters, 1932-1998/Washington Quarter 12 0_0.jpg",https://www.kaggle.com/datasets/sergiosaharovskiy/uscoins,CC0: Public Domain
img_002298,USA,Quarter,Washington Quarter,,,,"coins/Washington Quarters, 1932-1998/Washington Quarter 6 12_2.jpg",https://www.kaggle.com/datasets/sergiosaharovskiy/uscoins,CC0: Public Domain
img_002299,USA,Quarter,Washington Quarter,,,,"coins/Washington Quarters, 1932-1998/Washington Quarter 32 10_1.jpg",https://www.kaggle.com/datasets/sergiosaharovskiy/uscoins,CC0: Public Domain
img_002300,USA,Quarter,Washington Quarter,,,,"coins/Washington Quarters, 1932-1998/Washington Quarter 10 19_1.jpg",https://www.kaggle.com/datasets/sergiosaharovskiy/uscoins,CC0: Public Domain
img_002301,USA,Quarter,Washington Quarter,,,Reverse,"coins/Washington Quarters, 1932-1998/Washington Quarter 218987_64 Reverse.jpg",https://www.kaggle.com/datasets/sergiosaharovskiy/uscoins,CC0: Public Domain
img_002302,USA,Quarter,Washington Quarter,,,Obverse,"coins/Washington Quarters, 1932-1998/Washington Quarter 219644_94 Obverse.jpg",https://www.kaggle.com/datasets/sergiosaharovskiy/uscoins,CC0: Public Domain
img_002303,USA,Quarter,Washington Quarter,,,,"coins/Washington Quarters, 1932-1998/Washington Quarter 6 22_3.jpg",https://www.kaggle.com/datasets/sergiosaharovskiy/uscoins,CC0: Public Domain
img_002304,USA,Quarter,Washington Quarter,,,Obverse,"coins/Washington Quarters, 1932-1998/Washington Quarter 148771_237 Obverse.jpg",https://www.kaggle.com/datasets/sergiosaharovskiy/uscoins,CC0: Public Domain
img_002305,USA,Quarter,Washington Quarter,,,Reverse,"coins/Washington Quarters, 1932-1998/Washington Quarter 219644_96 Reverse.jpg",https://www.kaggle.com/datasets/sergiosaharovskiy/uscoins,CC0: Public Domain
img_002306,USA,Quarter,Washington Quarter,,,,"coins/Washington Quarters, 1932-1998/Washington Quarter 3 3_1.jpg",https://www.kaggle.com/datasets/sergiosaharovskiy/uscoins,CC0: Public Domain
img_002307,USA,Quarter,Washington Quarter,,,,"coins/Washington Quarters, 1932-1998/Washington Quarter 1 23_3.jpg",https://www.kaggle.com/datasets/sergiosaharovskiy/uscoins,CC0: Public Domain
img_002308,USA,Quarter,Washington Quarter,,,,"coins/Washington Quarters, 1932-1998/Washington Quarter 20 9_1.jpg",https://www.kaggle.com/datasets/sergiosaharovskiy/uscoins,CC0: Public Domain
img_002309,USA,Quarter,Washington Quarter,,,,"coins/Washington Quarters, 1932-1998/Washington Quarter 22 11_3.jpg",https://www.kaggle.com/datasets/sergiosaharovskiy/uscoins,CC0: Public Domain
img_002310,USA,Quarter,Washington Quarter,,,Obverse,"coins/Washington Quarters, 1932-1998/Washington Quarter 148771_246 Obverse.jpg",https://www.kaggle.com/datasets/sergiosaharovskiy/uscoins,CC0: Public Domain
img_002311,USA,Quarter,Washington Quarter,,,,"coins/Washington Quarters, 1932-1998/Washington Quarter 25 25_3.jpg",https://www.kaggle.com/datasets/sergiosaharovskiy/uscoins,CC0: Public Domain
img_002312,USA,Quarter,Washington Quarter,,,Obverse,"coins/Washington Quarters, 1932-1998/Washington Quarter 17345_10 Obverse.jpg",https://www.kaggle.com/datasets/sergiosaharovskiy/uscoins,CC0: Public Domain
img_002313,USA,Quarter,Washington Quarter,,,Obverse,"coins/Washington Quarters, 1932-1998/Washington Quarter 148771_197 Obverse.jpg",https://www.kaggle.com/datasets/sergiosaharovskiy/uscoins,CC0: Public Domain
img_002314,USA,Quarter,Washington Quarter,,,Reverse,"coins/Washington Quarters, 1932-1998/Washington Quarter 218987_104 Reverse.jpg",https://www.kaggle.com/datasets/sergiosaharovskiy/uscoins,CC0: Public Domain
img_002315,USA,Quarter,Washington Quarter,,,,"coins/Washington Quarters, 1932-1998/Washington Quarter 21 3_2.jpg",https://www.kaggle.com/datasets/sergiosaharovskiy/uscoins,CC0: Public Domain
img_002316,USA,Quarter,Washington Quarter,,,,"coins/Washington Quarters, 1932-1998/Washington Quarter 13 3_3.jpg",https://www.kaggle.com/datasets/sergiosaharovskiy/uscoins,CC0: Public Domain
img_002317,USA,Quarter,Washington Quarter,,,Reverse,"coins/Washington Quarters, 1932-1998/Washington Quarter 148771_265 Reverse.jpg",https://www.kaggle.com/datasets/sergiosaharovskiy/uscoins,CC0: Public Domain
img_002318,USA,Quarter,Washington Quarter,,,Reverse,"coins/Washington Quarters, 1932-1998/Washington Quarter 72403_69 Reverse.jpg",https://www.kaggle.com/datasets/sergiosaharovskiy/uscoins,CC0: Public Domain
img_002319,USA,Quarter,Washington Quarter,,,Obverse,"coins/Washington Quarters, 1932-1998/Washington Quarter 219644_133 Obverse.jpg",https://www.kaggle.com/datasets/sergiosaharovskiy/uscoins,CC0: Public Domain
img_002320,USA,Quarter,Washington Quarter,,,Reverse,"coins/Washington Quarters, 1932-1998/Washington Quarter 72403_18 Reverse.jpg",https://www.kaggle.com/datasets/sergiosaharovskiy/uscoins,CC0: Public Domain
img_002321,USA,Quarter,Washington Quarter,,,Obverse,"coins/Washington Quarters, 1932-1998/Washington Quarter 218987_5 Obverse.jpg",https://www.kaggle.com/datasets/sergiosaharovskiy/uscoins,CC0: Public Domain
img_002322,USA,Quarter,Washington Quarter,,,Obverse,"coins/Washington Quarters, 1932-1998/Washington Quarter 148771_247 Obverse.jpg",https://www.kaggle.com/datasets/sergiosaharovskiy/uscoins,CC0: Public Domain
img_002323,USA,Quarter,Washington Quarter,,,,"coins/Washington Quarters, 1932-1998/Washington Quarter 19 18_2.jpg",https://www.kaggle.com/datasets/sergiosaharovskiy/uscoins,CC0: Public Domain
img_002324,USA,Quarter,Washington Quarter,,,,"coins/Washington Quarters, 1932-1998/Washington Quarter 3 5_2.jpg",https://www.kaggle.com/datasets/sergiosaharovskiy/uscoins,CC0: Public Domain
img_002325,USA,Quarter,Washington Quarter,,,,"coins/Washington Quarters, 1932-1998/Washington Quarter 33 17_3.jpg",https://www.kaggle.com/datasets/sergiosaharovskiy/uscoins,CC0: Public Domain
img_002326,USA,Quarter,Washington Quarter,,,,"coins/Washington Quarters, 1932-1998/Washington Quarter 14 7_3.jpg",https://www.kaggle.com/datasets/sergiosaharovskiy/uscoins,CC0: Public Domain
img_002327,USA,Quarter,Washington Quarter,,,,"coins/Washington Quarters, 1932-1998/Washington Quarter 25 21_3.jpg",https://www.kaggle.com/datasets/sergiosaharovskiy/uscoins,CC0: Public Domain
img_002328,USA,Quarter,Washington Quarter,,,Obverse,"coins/Washington Quarters, 1932-1998/Washington Quarter 219644_130 Obverse.jpg",https://www.kaggle.com/datasets/sergiosaharovskiy/uscoins,CC0: Public Domain
img_002329,USA,Quarter,Washington Quarter,,,Reverse,"coins/Washington Quarters, 1932-1998/Washington Quarter 72403_92 Reverse.jpg",https://www.kaggle.com/datasets/sergiosaharovskiy/uscoins,CC0: Public Domain
img_002330,USA,Quarter,Washington Quarter,,,,"coins/Washington Quarters, 1932-1998/Washington Quarter 22 20_0.jpg",https://www.kaggle.com/datasets/sergiosaharovskiy/uscoins,CC0: Public Domain
img_002331,USA,Quarter,Washington Quarter,,,,"coins/Washington Quarters, 1932-1998/Washington Quarter 29 23_1.jpg",https://www.kaggle.com/datasets/sergiosaharovskiy/uscoins,CC0: Public Domain
img_002332,USA,Quarter,Washington Quarter,,,Reverse,"coins/Washington Quarters, 1932-1998/Washington Quarter 148771_259 Reverse.jpg",https://www.kaggle.com/datasets/sergiosaharovskiy/uscoins,CC0: Public Domain
img_002333,USA,Quarter,Washington Quarter,,,,"coins/Washington Quarters, 1932-1998/Washington Quarter 40 1_1.jpg",https://www.kaggle.com/datasets/sergiosaharovskiy/uscoins,CC0: Public Domain
img_002334,USA,Quarter,Washington Quarter,,,Obverse,"coins/Washington Quarters, 1932-1998/Washington Quarter 148771_250 Obverse.jpg",https://www.kaggle.com/datasets/sergiosaharovskiy/uscoins,CC0: Public Domain
img_002335,USA,Quarter,Washington Quarter,,,Reverse,"coins/Washington Quarters, 1932-1998/Washington Quarter 17345_46 Reverse.jpg",https://www.kaggle.com/datasets/sergiosaharovskiy/uscoins,CC0: Public Domain
img_002336,USA,Quarter,Washington Quarter,,,Reverse,"coins/Washington Quarters, 1932-1998/Washington Quarter 72403_206 Reverse.jpg",https://www.kaggle.com/datasets/sergiosaharovskiy/uscoins,CC0: Public Domain
img_002337,USA,Quarter,Washington Quarter,,,Reverse,"coins/Washington Quarters, 1932-1998/Washington Quarter 148771_142 Reverse.jpg",https://www.kaggle.com/datasets/sergiosaharovskiy/uscoins,CC0: Public Domain
img_002338,USA,Quarter,Washington Quarter,,,,"coins/Washington Quarters, 1932-1998/Washington Quarter 22 7_3.jpg",https://www.kaggle.com/datasets/sergiosaharovskiy/uscoins,CC0: Public Domain
img_002339,USA,Quarter,Washington Quarter,,,Obverse,"coins/Washington Quarters, 1932-1998/Washington Quarter 72403_77 Obverse.jpg",https://www.kaggle.com/datasets/sergiosaharovskiy/uscoins,CC0: Public Domain
img_002340,USA,Quarter,Washington Quarter,,,Reverse,"coins/Washington Quarters, 1932-1998/Washington Quarter 17345_12 Reverse.jpg",https://www.kaggle.com/datasets/sergiosaharovskiy/uscoins,CC0: Public Domain
img_002341,USA,Quarter,Washington Quarter,,,,"coins/Washington Quarters, 1932-1998/Washington Quarter 3 5_0.jpg",https://www.kaggle.com/datasets/sergiosaharovskiy/uscoins,CC0: Public Domain
img_002342,USA,Quarter,Washington Quarter,,,Obverse,"coins/Washington Quarters, 1932-1998/Washington Quarter 148771_119 Obverse.jpg",https://www.kaggle.com/datasets/sergiosaharovskiy/uscoins,CC0: Public Domain
img_002343,USA,Quarter,Washington Quarter,,,Obverse,"coins/Washington Quarters, 1932-1998/Washington Quarter 72403_166 Obverse.jpg",https://www.kaggle.com/datasets/sergiosaharovskiy/uscoins,CC0: Public Domain
img_002344,USA,Quarter,Washington Quarter,,,Obverse,"coins/Washington Quarters, 1932-1998/Washington Quarter 72403_172 Obverse.jpg",https://www.kaggle.com/datasets/sergiosaharovskiy/uscoins,CC0: Public Domain
img_002345,USA,Quarter,Washington Quarter,,,Obverse,"coins/Washington Quarters, 1932-1998/Washington Quarter 148771_28 Obverse.jpg",https://www.kaggle.com/datasets/sergiosaharovskiy/uscoins,CC0: Public Domain
img_002346,USA,Quarter,Washington Quarter,,,Obverse,"coins/Washington Quarters, 1932-1998/Washington Quarter 148771_191 Obverse.jpg",https://www.kaggle.com/datasets/sergiosaharovskiy/uscoins,CC0: Public Domain
img_002347,USA,Quarter,Washington Quarter,,,,"coins/Washington Quarters, 1932-1998/Washington Quarter 33 17_2.jpg",https://www.kaggle.com/datasets/sergiosaharovskiy/uscoins,CC0: Public Domain
img_002348,USA,Quarter,Washington Quarter,,,Obverse,"coins/Washington Quarters, 1932-1998/Washington Quarter 17345_3 Obverse.jpg",https://www.kaggle.com/datasets/sergiosaharovskiy/uscoins,CC0: Public Domain
img_002349,USA,Quarter,Washington Quarter,,,,"coins/Washington Quarters, 1932-1998/Washington Quarter 6 1_3.jpg",https://www.kaggle.com/datasets/sergiosaharovskiy/uscoins,CC0: Public Domain
img_002350,USA,Quarter,Washington Quarter,,,,"coins/Washington Quarters, 1932-1998/Washington Quarter 22 22_2.jpg",https://www.kaggle.com/datasets/sergiosaharovskiy/uscoins,CC0: Public Domain
img_002351,USA,Quarter,Washington Quarter,,,Obverse,"coins/Washington Quarters, 1932-1998/Washington Quarter 148771_44 Obverse.jpg",https://www.kaggle.com/datasets/sergiosaharovskiy/uscoins,CC0: Public Domain
img_002352,USA,Quarter,Washington Quarter,,,,"coins/Washington Quarters, 1932-1998/Washington Quarter 38 25_3.jpg",https://www.kaggle.com/datasets/sergiosaharovskiy/uscoins,CC0: Public Domain
img_002353,USA,Quarter,Washington Quarter,,,Obverse,"coins/Washington Quarters, 1932-1998/Washington Quarter 218987_13 Obverse.jpg",https://www.kaggle.com/datasets/sergiosaharovskiy/uscoins,CC0: Public Domain
img_002354,USA,Quarter,Washington Quarter,,,Reverse,"coins/Washington Quarters, 1932-1998/Washington Quarter 72403_248 Reverse.jpg",https://www.kaggle.com/datasets/sergiosaharovskiy/uscoins,CC0: Public Domain
img_002355,USA,Quarter,Washington Quarter,,,,"coins/Washington Quarters, 1932-1998/Washington Quarter 14 8_2.jpg",https://www.kaggle.com/datasets/sergiosaharovskiy/uscoins,CC0: Public Domain
img_002356,USA,Quarter,Washington Quarter,,,Reverse,"coins/Washington Quarters, 1932-1998/Washington Quarter 218987_110 Reverse.jpg",https://www.kaggle.com/datasets/sergiosaharovskiy/uscoins,CC0: Public Domain
img_002357,USA,Quarter,Washington Quarter,,,Reverse,"coins/Washington Quarters, 1932-1998/Washington Quarter 148771_218 Reverse.jpg",https://www.kaggle.com/datasets/sergiosaharovskiy/uscoins,CC0: Public Domain
img_002358,USA,Quarter,Washington Quarter,,,,"coins/Washington Quarters, 1932-1998/Washington Quarter 28 24_2.jpg",https://www.kaggle.com/datasets/sergiosaharovskiy/uscoins,CC0: Public Domain
img_002359,USA,Quarter,Washington Quarter,,,Reverse,"coins/Washington Quarters, 1932-1998/Washington Quarter 218987_47 Reverse.jpg",https://www.kaggle.com/datasets/sergiosaharovskiy/uscoins,CC0: Public Domain
img_002360,USA,Quarter,Washington Quarter,,,Reverse,"coins/Washington Quarters, 1932-1998/Washington Quarter 219644_23 Reverse.jpg",https://www.kaggle.com/datasets/sergiosaharovskiy/uscoins,CC0: Public Domain
img_002361,USA,Quarter,Washington Quarter,,,Reverse,"coins/Washington Quarters, 1932-1998/Washington Quarter 148771_36 Reverse.jpg",https://www.kaggle.com/datasets/sergiosaharovskiy/uscoins,CC0: Public Domain
img_002362,USA,Quarter,Washington Quarter,,,,"coins/Washington Quarters, 1932-1998/Washington Quarter 1 9_1.jpg",https://www.kaggle.com/datasets/sergiosaharovskiy/uscoins,CC0: Public Domain
img_002363,USA,Quarter,Washington Quarter,,,,"coins/Washington Quarters, 1932-1998/Washington Quarter 1 21_2.jpg",https://www.kaggle.com/datasets/sergiosaharovskiy/uscoins,CC0: Public Domain
img_002364,USA,Quarter,Washington Quarter,,,Obverse,"coins/Washington Quarters, 1932-1998/Washington Quarter 148771_156 Obverse.jpg",https://www.kaggle.com/datasets/sergiosaharovskiy/uscoins,CC0: Public Domain
img_002365,USA,Quarter,Washington Quarter,,,,"coins/Washington Quarters, 1932-1998/Washington Quarter 1 12_2.jpg",https://www.kaggle.com/datasets/sergiosaharovskiy/uscoins,CC0: Public Domain
img_002366,USA,Quarter,Washington Quarter,,,,"coins/Washington Quarters, 1932-1998/Washington Quarter 33 23_2.jpg",https://www.kaggle.com/datasets/sergiosaharovskiy/uscoins,CC0: Public Domain
img_002367,USA,Quarter,Washington Quarter,,,Reverse,"coins/Washington Quarters, 1932-1998/Washington Quarter 148771_158 Reverse.jpg",https://www.kaggle.com/datasets/sergiosaharovskiy/uscoins,CC0: Public Domain
img_002368,USA,Quarter,Washington Quarter,,,Reverse,"coins/Washington Quarters, 1932-1998/Washington Quarter 72403_83 Reverse.jpg",https://www.kaggle.com/datasets/sergiosaharovskiy/uscoins,CC0: Public Domain
img_002369,USA,Quarter,Washington Quarter,,,Obverse,"coins/Washington Quarters, 1932-1998/Washington Quarter 148771_100 Obverse.jpg",https://www.kaggle.com/datasets/sergiosaharovskiy/uscoins,CC0: Public Domain
img_002370,USA,Quarter,Washington Quarter,,,Reverse,"coins/Washington Quarters, 1932-1998/Washington Quarter 219644_72 Reverse.jpg",https://www.kaggle.com/datasets/sergiosaharovskiy/uscoins,CC0: Public Domain
img_002371,USA,Quarter,Washington Quarter,,,,"coins/Washington Quarters, 1932-1998/Washington Quarter 34 25_3.jpg",https://www.kaggle.com/datasets/sergiosaharovskiy/uscoins,CC0: Public Domain
img_002372,USA,Quarter,Washington Quarter,,,Reverse,"coins/Washington Quarters, 1932-1998/Washington Quarter 148771_35 Reverse.jpg",https://www.kaggle.com/datasets/sergiosaharovskiy/uscoins,CC0: Public Domain
img_002373,USA,Quarter,Washington Quarter,,,Reverse,"coins/Washington Quarters, 1932-1998/Washington Quarter 72403_57 Reverse.jpg",https://www.kaggle.com/datasets/sergiosaharovskiy/uscoins,CC0: Public Domain
img_002374,USA,Quarter,Washington Quarter,,,,"coins/Washington Quarters, 1932-1998/Washington Quarter 11 11_0.jpg",https://www.kaggle.com/datasets/sergiosaharovskiy/uscoins,CC0: Public Domain
img_002375,USA,Quarter,Washington Quarter,,,,"coins/Washington Quarters, 1932-1998/Washington Quarter 1 8_2.jpg",https://www.kaggle.com/datasets/sergiosaharovskiy/uscoins,CC0: Public Domain
img_002376,USA,Quarter,Washington Quarter,,,,"coins/Washington Quarters, 1932-1998/Washington Quarter 34 10_0.jpg",https://www.kaggle.com/datasets/sergiosaharovskiy/uscoins,CC0: Public Domain
img_002377,USA,Quarter,Washington Quarter,,,,"coins/Washington Quarters, 1932-1998/Washington Quarter 33 5_2.jpg",https://www.kaggle.com/datasets/sergiosaharovskiy/uscoins,CC0: Public Domain
img_002378,USA,Quarter,Washington Quarter,,,,"coins/Washington Quarters, 1932-1998/Washington Quarter 2 9_0.jpg",https://www.kaggle.com/datasets/sergiosaharovskiy/uscoins,CC0: Public Domain
img_002379,USA,Quarter,Washington Quarter,,,,"coins/Washington Quarters, 1932-1998/Washington Quarter 24 4_0.jpg",https://www.kaggle.com/datasets/sergiosaharovskiy/uscoins,CC0: Public Domain
img_002380,USA,Quarter,Washington Quarter,,,,"coins/Washington Quarters, 1932-1998/Washington Quarter 33 16_2.jpg",https://www.kaggle.com/datasets/sergiosaharovskiy/uscoins,CC0: Public Domain
img_002381,USA,Quarter,Washington Quarter,,,Obverse,"coins/Washington Quarters, 1932-1998/Washington Quarter 17345_23 Obverse.jpg",https://www.kaggle.com/datasets/sergiosaharovskiy/uscoins,CC0: Public Domain
img_002382,USA,Quarter,Washington Quarter,,,,"coins/Washington Quarters, 1932-1998/Washington Quarter 18 13_3.jpg",https://www.kaggle.com/datasets/sergiosaharovskiy/uscoins,CC0: Public Domain
img_002383,USA,Quarter,Washington Quarter,,,,"coins/Washington Quarters, 1932-1998/Washington Quarter 20 9_3.jpg",https://www.kaggle.com/datasets/sergiosaharovskiy/uscoins,CC0: Public Domain
img_002384,USA,Quarter,Washington Quarter,,,,"coins/Washington Quarters, 1932-1998/Washington Quarter 3 12_0.jpg",https://www.kaggle.com/datasets/sergiosaharovskiy/uscoins,CC0: Public Domain
img_002385,USA,Quarter,Washington Quarter,,,,"coins/Washington Quarters, 1932-1998/Washington Quarter 12 25_0.jpg",https://www.kaggle.com/datasets/sergiosaharovskiy/uscoins,CC0: Public Domain
img_002386,USA,Quarter,Washington Quarter,,,,"coins/Washington Quarters, 1932-1998/Washington Quarter 9 5_0.jpg",https://www.kaggle.com/datasets/sergiosaharovskiy/uscoins,CC0: Public Domain
img_002387,USA,Quarter,Washington Quarter,,,,"coins/Washington Quarters, 1932-1998/Washington Quarter 1 2_3.jpg",https://www.kaggle.com/datasets/sergiosaharovskiy/uscoins,CC0: Public Domain
img_002388,USA,Quarter,Washington Quarter,,,,"coins/Washington Quarters, 1932-1998/Washington Quarter 35 14_3.jpg",https://www.kaggle.com/datasets/sergiosaharovskiy/uscoins,CC0: Public Domain
img_002389,USA,Quarter,Washington Quarter,,,Obverse,"coins/Washington Quarters, 1932-1998/Washington Quarter 148771_242 Obverse.jpg",https://www.kaggle.com/datasets/sergiosaharovskiy/uscoins,CC0: Public Domain
img_002390,USA,Quarter,Washington Quarter,,,Obverse,"coins/Washington Quarters, 1932-1998/Washington Quarter 148771_183 Obverse.jpg",https://www.kaggle.com/datasets/sergiosaharovskiy/uscoins,CC0: Public Domain
img_002391,USA,Quarter,Washington Quarter,,,,"coins/Washington Quarters, 1932-1998/Washington Quarter 18 3_3.jpg",https://www.kaggle.com/datasets/sergiosaharovskiy/uscoins,CC0: Public Domain
img_002392,USA,Quarter,Washington Quarter,,,Reverse,"coins/Washington Quarters, 1932-1998/Washington Quarter 72403_181 Reverse.jpg",https://www.kaggle.com/datasets/sergiosaharovskiy/uscoins,CC0: Public Domain
img_002393,USA,Quarter,Washington Quarter,,,,"coins/Washington Quarters, 1932-1998/Washington Quarter 4 7_2.jpg",https://www.kaggle.com/datasets/sergiosaharovskiy/uscoins,CC0: Public Domain
img_002394,USA,Quarter,Washington Quarter,,,,"coins/Washington Quarters, 1932-1998/Washington Quarter 15 22_2.jpg",https://www.kaggle.com/datasets/sergiosaharovskiy/uscoins,CC0: Public Domain
img_002395,USA,Quarter,Washington Quarter,,,Obverse,"coins/Washington Quarters, 1932-1998/Washington Quarter 148771_267 Obverse.jpg",https://www.kaggle.com/datasets/sergiosaharovskiy/uscoins,CC0: Public Domain
img_002396,USA,Quarter,Washington Quarter,,,Obverse,"coins/Washington Quarters, 1932-1998/Washington Quarter 148771_254 Obverse.jpg",https://www.kaggle.com/datasets/sergiosaharovskiy/uscoins,CC0: Public Domain
img_002397,USA,Quarter,Washington Quarter,,,,"coins/Washington Quarters, 1932-1998/Washington Quarter 23 25_3.jpg",https://www.kaggle.com/datasets/sergiosaharovskiy/uscoins,CC0: Public Domain
img_002398,USA,Quarter,Washington Quarter,,,Obverse,"coins/Washington Quarters, 1932-1998/Washington Quarter 72403_93 Obverse.jpg",https://www.kaggle.com/datasets/sergiosaharovskiy/uscoins,CC0: Public Domain
img_002399,USA,Quarter,Washington Quarter,,,,"coins/Washington Quarters, 1932-1998/Washington Quarter 28 5_0.jpg",https://www.kaggle.com/datasets/sergiosaharovskiy/uscoins,CC0: Public Domain
img_002400,USA,Quarter,Washington Quarter,,,,"coins/Washington Quarters, 1932-1998/Washington Quarter 32 22_3.jpg",https://www.kaggle.com/datasets/sergiosaharovskiy/uscoins,CC0: Public Domain
img_002401,USA,Quarter,Washington Quarter,,,,"coins/Washington Quarters, 1932-1998/Washington Quarter 29 23_2.jpg",https://www.kaggle.com/datasets/sergiosaharovskiy/uscoins,CC0: Public Domain
img_002402,USA,Quarter,Washington Quarter,,,Obverse,"coins/Washington Quarters, 1932-1998/Washington Quarter 148771_27 Obverse.jpg",https://www.kaggle.com/datasets/sergiosaharovskiy/uscoins,CC0: Public Domain
img_002403,USA,Quarter,Washington Quarter,,,,"coins/Washington Quarters, 1932-1998/Washington Quarter 10 6_0.jpg",https://www.kaggle.com/datasets/sergiosaharovskiy/uscoins,CC0: Public Domain
img_002404,USA,Quarter,Washington Quarter,,,,"coins/Washington Quarters, 1932-1998/Washington Quarter 12 4_0.jpg",https://www.kaggle.com/datasets/sergiosaharovskiy/uscoins,CC0: Public Domain
img_002405,USA,Quarter,Washington Quarter,,,,"coins/Washington Quarters, 1932-1998/Washington Quarter 3 2_1.jpg",https://www.kaggle.com/datasets/sergiosaharovskiy/uscoins,CC0: Public Domain
img_002406,USA,Quarter,Washington Quarter,,,,"coins/Washington Quarters, 1932-1998/Washington Quarter 4 25_1.jpg",https://www.kaggle.com/datasets/sergiosaharovskiy/uscoins,CC0: Public Domain
img_002407,USA,Quarter,Washington Quarter,,,Obverse,"coins/Washington Quarters, 1932-1998/Washington Quarter 218987_113 Obverse.jpg",https://www.kaggle.com/datasets/sergiosaharovskiy/uscoins,CC0: Public Domain
img_002408,USA,Quarter,Washington Quarter,,,Obverse,"coins/Washington Quarters, 1932-1998/Washington Quarter 148771_126 Obverse.jpg",https://www.kaggle.com/datasets/sergiosaharovskiy/uscoins,CC0: Public Domain
img_002409,USA,Quarter,Washington Quarter,,,,"coins/Washington Quarters, 1932-1998/Washington Quarter 15 12_1.jpg",https://www.kaggle.com/datasets/sergiosaharovskiy/uscoins,CC0: Public Domain
img_002410,USA,Quarter,Washington Quarter,,,Obverse,"coins/Washington Quarters, 1932-1998/Washington Quarter 72403_165 Obverse.jpg",https://www.kaggle.com/datasets/sergiosaharovskiy/uscoins,CC0: Public Domain
img_002411,USA,Quarter,Washington Quarter,,,Reverse,"coins/Washington Quarters, 1932-1998/Washington Quarter 148771_55 Reverse.jpg",https://www.kaggle.com/datasets/sergiosaharovskiy/uscoins,CC0: Public Domain
img_002412,USA,Quarter,Washington Quarter,,,,"coins/Washington Quarters, 1932-1998/Washington Quarter 4 23_1.jpg",https://www.kaggle.com/datasets/sergiosaharovskiy/uscoins,CC0: Public Domain
img_002413,USA,Quarter,Washington Quarter,,,Obverse,"coins/Washington Quarters, 1932-1998/Washington Quarter 148771_162 Obverse.jpg",https://www.kaggle.com/datasets/sergiosaharovskiy/uscoins,CC0: Public Domain
img_002414,USA,Quarter,Washington Quarter,,,Obverse,"coins/Washington Quarters, 1932-1998/Washington Quarter 148771_139 Obverse.jpg",https://www.kaggle.com/datasets/sergiosaharovskiy/uscoins,CC0: Public Domain
img_002415,USA,Quarter,Washington Quarter,,,,"coins/Washington Quarters, 1932-1998/Washington Quarter 21 22_1.jpg",https://www.kaggle.com/datasets/sergiosaharovskiy/uscoins,CC0: Public Domain
img_002416,USA,Quarter,Washington Quarter,,,,"coins/Washington Quarters, 1932-1998/Washington Quarter 2 7_2.jpg",https://www.kaggle.com/datasets/sergiosaharovskiy/uscoins,CC0: Public Domain
img_002417,USA,Quarter,Washington Quarter,,,Obverse,"coins/Washington Quarters, 1932-1998/Washington Quarter 72403_116 Obverse.jpg",https://www.kaggle.com/datasets/sergiosaharovskiy/uscoins,CC0: Public Domain
img_002418,USA,Quarter,Washington Quarter,,,Reverse,"coins/Washington Quarters, 1932-1998/Washington Quarter 148771_86 Reverse.jpg",https://www.kaggle.com/datasets/sergiosaharovskiy/uscoins,CC0: Public Domain
img_002419,USA,Quarter,Washington Quarter,,,,"coins/Washington Quarters, 1932-1998/Washington Quarter 38 25_0.jpg",https://www.kaggle.com/datasets/sergiosaharovskiy/uscoins,CC0: Public Domain
img_002420,USA,Quarter,Washington Quarter,,,,"coins/Washington Quarters, 1932-1998/Washington Quarter 4 14_0.jpg",https://www.kaggle.com/datasets/sergiosaharovskiy/uscoins,CC0: Public Domain
img_002421,USA,Quarter,Washington Quarter,,,Obverse,"coins/Washington Quarters, 1932-1998/Washington Quarter 72403_98 Obverse.jpg",https://www.kaggle.com/datasets/sergiosaharovskiy/uscoins,CC0: Public Domain
img_002422,USA,Quarter,Washington Quarter,,,,"coins/Washington Quarters, 1932-1998/Washington Quarter 21 22_2.jpg",https://www.kaggle.com/datasets/sergiosaharovskiy/uscoins,CC0: Public Domain
img_002423,USA,Quarter,Washington Quarter,,,,"coins/Washington Quarters, 1932-1998/Washington Quarter 22 24_1.jpg",https://www.kaggle.com/datasets/sergiosaharovskiy/uscoins,CC0: Public Domain
img_002424,USA,Quarter,Washington Quarter,,,Reverse,"coins/Washington Quarters, 1932-1998/Washington Quarter 148771_5 Reverse.jpg",https://www.kaggle.com/datasets/sergiosaharovskiy/uscoins,CC0: Public Domain
img_002425,USA,Quarter,Washington Quarter,,,,"coins/Washington Quarters, 1932-1998/Washington Quarter 2 4_3.jpg",https://www.kaggle.com/datasets/sergiosaharovskiy/uscoins,CC0: Public Domain
img_002426,USA,Quarter,Washington Quarter,,,Reverse,"coins/Washington Quarters, 1932-1998/Washington Quarter 148771_241 Reverse.jpg",https://www.kaggle.com/datasets/sergiosaharovskiy/uscoins,CC0: Public Domain
img_002427,USA,Quarter,Washington Quarter,,,,"coins/Washington Quarters, 1932-1998/Washington Quarter 2 22_0.jpg",https://www.kaggle.com/datasets/sergiosaharovskiy/uscoins,CC0: Public Domain
img_002428,USA,Quarter,Washington Quarter,,,Reverse,"coins/Washington Quarters, 1932-1998/Washington Quarter 148771_153 Reverse.jpg",https://www.kaggle.com/datasets/sergiosaharovskiy/uscoins,CC0: Public Domain
img_002429,USA,Quarter,Washington Quarter,,,Reverse,"coins/Washington Quarters, 1932-1998/Washington Quarter 218987_14 Reverse.jpg",https://www.kaggle.com/datasets/sergiosaharovskiy/uscoins,CC0: Public Domain
img_002430,USA,Quarter,Washington Quarter,,,,"coins/Washington Quarters, 1932-1998/Washington Quarter 1 19_0.jpg",https://www.kaggle.com/datasets/sergiosaharovskiy/uscoins,CC0: Public Domain
img_002431,USA,Quarter,Washington Quarter,,,Obverse,"coins/Washington Quarters, 1932-1998/Washington Quarter 218987_16 Obverse.jpg",https://www.kaggle.com/datasets/sergiosaharovskiy/uscoins,CC0: Public Domain
img_002432,USA,Quarter,Washington Quarter,,,Reverse,"coins/Washington Quarters, 1932-1998/Washington Quarter 148771_1 Reverse.jpg",https://www.kaggle.com/datasets/sergiosaharovskiy/uscoins,CC0: Public Domain
img_002433,USA,Quarter,Washington Quarter,,,Reverse,"coins/Washington Quarters, 1932-1998/Washington Quarter 148771_42 Reverse.jpg",https://www.kaggle.com/datasets/sergiosaharovskiy/uscoins,CC0: Public Domain
img_002434,USA,Quarter,Washington Quarter,,,,"coins/Washington Quarters, 1932-1998/Washington Quarter 22 18_0.jpg",https://www.kaggle.com/datasets/sergiosaharovskiy/uscoins,CC0: Public Domain
img_002435,USA,Quarter,Washington Quarter,,,,"coins/Washington Quarters, 1932-1998/Washington Quarter 23 24_2.jpg",https://www.kaggle.com/datasets/sergiosaharovskiy/uscoins,CC0: Public Domain
img_002436,USA,Quarter,Washington Quarter,,,,"coins/Washington Quarters, 1932-1998/Washington Quarter 19 25_1.jpg",https://www.kaggle.com/datasets/sergiosaharovskiy/uscoins,CC0: Public Domain
img_002437,USA,Quarter,Washington Quarter,,,Obverse,"coins/Washington Quarters, 1932-1998/Washington Quarter 72403_51 Obverse.jpg",https://www.kaggle.com/datasets/sergiosaharovskiy/uscoins,CC0: Public Domain
img_002438,USA,Quarter,Washington Quarter,,,,"coins/Washington Quarters, 1932-1998/Washington Quarter 21 18_0.jpg",https://www.kaggle.com/datasets/sergiosaharovskiy/uscoins,CC0: Public Domain
img_002439,USA,Quarter,Washington Quarter,,,Reverse,"coins/Washington Quarters, 1932-1998/Washington Quarter 148771_17 Reverse.jpg",https://www.kaggle.com/datasets/sergiosaharovskiy/uscoins,CC0: Public Domain
img_002440,USA,Quarter,Washington Quarter,,,Reverse,"coins/Washington Quarters, 1932-1998/Washington Quarter 148771_75 Reverse.jpg",https://www.kaggle.com/datasets/sergiosaharovskiy/uscoins,CC0: Public Domain
img_002441,USA,Quarter,Washington Quarter,,,Reverse,"coins/Washington Quarters, 1932-1998/Washington Quarter 148771_129 Reverse.jpg",https://www.kaggle.com/datasets/sergiosaharovskiy/uscoins,CC0: Public Domain
img_002442,USA,Quarter,Washington Quarter,,,Reverse,"coins/Washington Quarters, 1932-1998/Washington Quarter 148771_194 Reverse.jpg",https://www.kaggle.com/datasets/sergiosaharovskiy/uscoins,CC0: Public Domain
img_002443,USA,Quarter,Washington Quarter,,,,"coins/Washington Quarters, 1932-1998/Washington Quarter 30 25_0.jpg",https://www.kaggle.com/datasets/sergiosaharovskiy/uscoins,CC0: Public Domain
img_002444,USA,Quarter,Washington Quarter,,,,"coins/Washington Quarters, 1932-1998/Washington Quarter 40 1_3.jpg",https://www.kaggle.com/datasets/sergiosaharovskiy/uscoins,CC0: Public Domain
img_002445,USA,Quarter,Washington Quarter,,,,"coins/Washington Quarters, 1932-1998/Washington Quarter 14 1_2.jpg",https://www.kaggle.com/datasets/sergiosaharovskiy/uscoins,CC0: Public Domain
img_002446,USA,Quarter,Washington Quarter,,,,"coins/Washington Quarters, 1932-1998/Washington Quarter 10 13_1.jpg",https://www.kaggle.com/datasets/sergiosaharovskiy/uscoins,CC0: Public Domain
img_002447,USA,Quarter,Washington Quarter,,,Reverse,"coins/Washington Quarters, 1932-1998/Washington Quarter 148771_131 Reverse.jpg",https://www.kaggle.com/datasets/sergiosaharovskiy/uscoins,CC0: Public Domain
img_002448,USA,Quarter,Washington Quarter,,,,"coins/Washington Quarters, 1932-1998/Washington Quarter 4 6_3.jpg",https://www.kaggle.com/datasets/sergiosaharovskiy/uscoins,CC0: Public Domain
img_002449,USA,Quarter,Washington Quarter,,,Obverse,"coins/Washington Quarters, 1932-1998/Washington Quarter 148771_64 Obverse.jpg",https://www.kaggle.com/datasets/sergiosaharovskiy/uscoins,CC0: Public Domain
img_002450,USA,Quarter,Washington Quarter,,,Obverse,"coins/Washington Quarters, 1932-1998/Washington Quarter 148771_71 Obverse.jpg",https://www.kaggle.com/datasets/sergiosaharovskiy/uscoins,CC0: Public Domain
img_002451,USA,Quarter,Washington Quarter,,,Obverse,"coins/Washington Quarters, 1932-1998/Washington Quarter 72403_71 Obverse.jpg",https://www.kaggle.com/datasets/sergiosaharovskiy/uscoins,CC0: Public Domain
img_002452,USA,Quarter,Washington Quarter,,,,"coins/Washington Quarters, 1932-1998/Washington Quarter 2 2_0.jpg",https://www.kaggle.com/datasets/sergiosaharovskiy/uscoins,CC0: Public Domain
img_002453,USA,Quarter,Washington Quarter,,,,"coins/Washington Quarters, 1932-1998/Washington Quarter 34 10_2.jpg",https://www.kaggle.com/datasets/sergiosaharovskiy/uscoins,CC0: Public Domain
img_002454,USA,Quarter,Washington Quarter,,,Obverse,"coins/Washington Quarters, 1932-1998/Washington Quarter 72403_232 Obverse.jpg",https://www.kaggle.com/datasets/sergiosaharovskiy/uscoins,CC0: Public Domain
img_002455,USA,Quarter,Washington Quarter,,,Obverse,"coins/Washington Quarters, 1932-1998/Washington Quarter 148771_151 Obverse.jpg",https://www.kaggle.com/datasets/sergiosaharovskiy/uscoins,CC0: Public Domain
img_002456,USA,Quarter,Washington Quarter,,,Reverse,"coins/Washington Quarters, 1932-1998/Washington Quarter 218987_128 Reverse.jpg",https://www.kaggle.com/datasets/sergiosaharovskiy/uscoins,CC0: Public Domain
img_002457,USA,Quarter,Washington Quarter,,,,"coins/Washington Quarters, 1932-1998/Washington Quarter 4 17_1.jpg",https://www.kaggle.com/datasets/sergiosaharovskiy/uscoins,CC0: Public Domain
img_002458,USA,Quarter,Washington Quarter,,,,"coins/Washington Quarters, 1932-1998/Washington Quarter 24 25_0.jpg",https://www.kaggle.com/datasets/sergiosaharovskiy/uscoins,CC0: Public Domain
img_002459,USA,Quarter,Washington Quarter,,,Reverse,"coins/Washington Quarters, 1932-1998/Washington Quarter 72403_108 Reverse.jpg",https://www.kaggle.com/datasets/sergiosaharovskiy/uscoins,CC0: Public Domain
img_002460,USA,Quarter,Washington Quarter,,,Obverse,"coins/Washington Quarters, 1932-1998/Washington Quarter 148771_257 Obverse.jpg",https://www.kaggle.com/datasets/sergiosaharovskiy/uscoins,CC0: Public Domain
img_002461,USA,Quarter,Washington Quarter,,,,"coins/Washington Quarters, 1932-1998/Washington Quarter 32 22_0.jpg",https://www.kaggle.com/datasets/sergiosaharovskiy/uscoins,CC0: Public Domain
img_002462,USA,Quarter,Washington Quarter,,,,"coins/Washington Quarters, 1932-1998/Washington Quarter 31 25_3.jpg",https://www.kaggle.com/datasets/sergiosaharovskiy/uscoins,CC0: Public Domain
img_002463,USA,Quarter,Washington Quarter,,,Reverse,"coins/Washington Quarters, 1932-1998/Washington Quarter 148771_99 Reverse.jpg",https://www.kaggle.com/datasets/sergiosaharovskiy/uscoins,CC0: Public Domain
img_002464,USA,Quarter,Washington Quarter,,,Reverse,"coins/Washington Quarters, 1932-1998/Washington Quarter 148771_243 Reverse.jpg",https://www.kaggle.com/datasets/sergiosaharovskiy/uscoins,CC0: Public Domain
img_002465,USA,Quarter,Washington Quarter,,,Reverse,"coins/Washington Quarters, 1932-1998/Washington Quarter 218987_76 Reverse.jpg",https://www.kaggle.com/datasets/sergiosaharovskiy/uscoins,CC0: Public Domain
img_002466,USA,Quarter,Washington Quarter,,,,"coins/Washington Quarters, 1932-1998/Washington Quarter 8 22_3.jpg",https://www.kaggle.com/datasets/sergiosaharovskiy/uscoins,CC0: Public Domain
img_002467,USA,Quarter,Washington Quarter,,,Obverse,"coins/Washington Quarters, 1932-1998/Washington Quarter 148771_133 Obverse.jpg",https://www.kaggle.com/datasets/sergiosaharovskiy/uscoins,CC0: Public Domain
img_002468,USA,Quarter,Washington Quarter,,,Reverse,"coins/Washington Quarters, 1932-1998/Washington Quarter 219644_87 Reverse.jpg",https://www.kaggle.com/datasets/sergiosaharovskiy/uscoins,CC0: Public Domain
img_002469,USA,Quarter,Washington Quarter,,,Reverse,"coins/Washington Quarters, 1932-1998/Washington Quarter 72403_42 Reverse.jpg",https://www.kaggle.com/datasets/sergiosaharovskiy/uscoins,CC0: Public Domain
img_002470,USA,Quarter,Washington Quarter,,,,"coins/Washington Quarters, 1932-1998/Washington Quarter 22 12_4.jpg",https://www.kaggle.com/datasets/sergiosaharovskiy/uscoins,CC0: Public Domain
img_002471,USA,Quarter,Washington Quarter,,,,"coins/Washington Quarters, 1932-1998/Washington Quarter 3 22_2.jpg",https://www.kaggle.com/datasets/sergiosaharovskiy/uscoins,CC0: Public Domain
img_002472,USA,Quarter,Washington Quarter,,,Obverse,"coins/Washington Quarters, 1932-1998/Washington Quarter 218987_27 Obverse.jpg",https://www.kaggle.com/datasets/sergiosaharovskiy/uscoins,CC0: Public Domain
img_002473,USA,Quarter,Washington Quarter,,,,"coins/Washington Quarters, 1932-1998/Washington Quarter 30 15_1.jpg",https://www.kaggle.com/datasets/sergiosaharovskiy/uscoins,CC0: Public Domain
img_002474,USA,Quarter,Washington Quarter,,,Obverse,"coins/Washington Quarters, 1932-1998/Washington Quarter 218987_78 Obverse.jpg",https://www.kaggle.com/datasets/sergiosaharovskiy/uscoins,CC0: Public Domain
img_002475,USA,Quarter,Washington Quarter,,,Obverse,"coins/Washington Quarters, 1932-1998/Washington Quarter 72403_164 Obverse.jpg",https://www.kaggle.com/datasets/sergiosaharovskiy/uscoins,CC0: Public Domain
img_002476,USA,Quarter,Washington Quarter,,,Reverse,"coins/Washington Quarters, 1932-1998/Washington Quarter 17345_30 Reverse.jpg",https://www.kaggle.com/datasets/sergiosaharovskiy/uscoins,CC0: Public Domain
img_002477,USA,Quarter,Washington Quarter,,,Obverse,"coins/Washington Quarters, 1932-1998/Washington Quarter 72403_10 Obverse.jpg",https://www.kaggle.com/datasets/sergiosaharovskiy/uscoins,CC0: Public Domain
img_002478,USA,Quarter,Washington Quarter,,,Obverse,"coins/Washington Quarters, 1932-1998/Washington Quarter 218987_7 Obverse.jpg",https://www.kaggle.com/datasets/sergiosaharovskiy/uscoins,CC0: Public Domain
img_002479,USA,Quarter,Washington Quarter,,,Reverse,"coins/Washington Quarters, 1932-1998/Washington Quarter 17345_4 Reverse.jpg",https://www.kaggle.com/datasets/sergiosaharovskiy/uscoins,CC0: Public Domain
img_002480,USA,Quarter,Washington Quarter,,,Obverse,"coins/Washington Quarters, 1932-1998/Washington Quarter 148771_297 Obverse.jpg",https://www.kaggle.com/datasets/sergiosaharovskiy/uscoins,CC0: Public Domain
img_002481,USA,Quarter,Washington Quarter,,,,"coins/Washington Quarters, 1932-1998/Washington Quarter 3 4_1.jpg",https://www.kaggle.com/datasets/sergiosaharovskiy/uscoins,CC0: Public Domain
img_002482,USA,Quarter,Washington Quarter,,,Obverse,"coins/Washington Quarters, 1932-1998/Washington Quarter 17345_22 Obverse.jpg",https://www.kaggle.com/datasets/sergiosaharovskiy/uscoins,CC0: Public Domain
img_002483,USA,Quarter,Washington Quarter,,,Reverse,"coins/Washington Quarters, 1932-1998/Washington Quarter 72403_21 Reverse.jpg",https://www.kaggle.com/datasets/sergiosaharovskiy/uscoins,CC0: Public Domain
img_002484,USA,Quarter,Washington Quarter,,,Obverse,"coins/Washington Quarters, 1932-1998/Washington Quarter 219644_139 Obverse.jpg",https://www.kaggle.com/datasets/sergiosaharovskiy/uscoins,CC0: Public Domain
img_002485,USA,Quarter,Washington Quarter,,,Reverse,"coins/Washington Quarters, 1932-1998/Washington Quarter 148771_143 Reverse.jpg",https://www.kaggle.com/datasets/sergiosaharovskiy/uscoins,CC0: Public Domain
img_002486,USA,Quarter,Washington Quarter,,,Reverse,"coins/Washington Quarters, 1932-1998/Washington Quarter 219644_83 Reverse.jpg",https://www.kaggle.com/datasets/sergiosaharovskiy/uscoins,CC0: Public Domain
img_002487,USA,Quarter,Washington Quarter,,,,"coins/Washington Quarters, 1932-1998/Washington Quarter 23 18_0.jpg",https://www.kaggle.com/datasets/sergiosaharovskiy/uscoins,CC0: Public Domain
img_002488,USA,Quarter,Washington Quarter,,,Reverse,"coins/Washington Quarters, 1932-1998/Washington Quarter 17345_42 Reverse.jpg",https://www.kaggle.com/datasets/sergiosaharovskiy/uscoins,CC0: Public Domain
img_002489,USA,Quarter,Washington Quarter,,,,"coins/Washington Quarters, 1932-1998/Washington Quarter 22 11_2.jpg",https://www.kaggle.com/datasets/sergiosaharovskiy/uscoins,CC0: Public Domain
img_002490,USA,Quarter,Washington Quarter,,,Obverse,"coins/Washington Quarters, 1932-1998/Washington Quarter 148771_49 Obverse.jpg",https://www.kaggle.com/datasets/sergiosaharovskiy/uscoins,CC0: Public Domain
img_002491,USA,Quarter,Washington Quarter,,,Obverse,"coins/Washington Quarters, 1932-1998/Washington Quarter 219644_151 Obverse.jpg",https://www.kaggle.com/datasets/sergiosaharovskiy/uscoins,CC0: Public Domain
img_002492,USA,Quarter,Washington Quarter,,,,"coins/Washington Quarters, 1932-1998/Washington Quarter 40 7_2.jpg",https://www.kaggle.com/datasets/sergiosaharovskiy/uscoins,CC0: Public Domain
img_002493,USA,Quarter,Washington Quarter,,,Reverse,"coins/Washington Quarters, 1932-1998/Washington Quarter 148771_41 Reverse.jpg",https://www.kaggle.com/datasets/sergiosaharovskiy/uscoins,CC0: Public Domain
img_002494,USA,Quarter,Washington Quarter,,,Obverse,"coins/Washington Quarters, 1932-1998/Washington Quarter 148771_179 Obverse.jpg",https://www.kaggle.com/datasets/sergiosaharovskiy/uscoins,CC0: Public Domain
img_002495,USA,Quarter,Washington Quarter,,,Reverse,"coins/Washington Quarters, 1932-1998/Washington Quarter 148771_87 Reverse.jpg",https://www.kaggle.com/datasets/sergiosaharovskiy/uscoins,CC0: Public Domain
img_002496,USA,Quarter,Washington Quarter,,,Reverse,"coins/Washington Quarters, 1932-1998/Washington Quarter 148771_140 Reverse.jpg",https://www.kaggle.com/datasets/sergiosaharovskiy/uscoins,CC0: Public Domain
img_002497,USA,Quarter,Washington Quarter,,,Obverse,"coins/Washington Quarters, 1932-1998/Washington Quarter 72403_169 Obverse.jpg",https://www.kaggle.com/datasets/sergiosaharovskiy/uscoins,CC0: Public Domain
img_002498,USA,Quarter,Washington Quarter,,,Reverse,"coins/Washington Quarters, 1932-1998/Washington Quarter 218987_15 Reverse.jpg",https://www.kaggle.com/datasets/sergiosaharovskiy/uscoins,CC0: Public Domain
img_002499,USA,Quarter,Washington Quarter,,,Obverse,"coins/Washington Quarters, 1932-1998/Washington Quarter 218987_115 Obverse.jpg",https://www.kaggle.com/datasets/sergiosaharovskiy/uscoins,CC0: Public Domain
img_002500,USA,Quarter,Washington Quarter,,,Reverse,"coins/Washington Quarters, 1932-1998/Washington Quarter 148771_184 Reverse.jpg",https://www.kaggle.com/datasets/sergiosaharovskiy/uscoins,CC0: Public Domain
img_002501,USA,Quarter,Washington Quarter,,,,"coins/Washington Quarters, 1932-1998/Washington Quarter 9 14_2.jpg",https://www.kaggle.com/datasets/sergiosaharovskiy/uscoins,CC0: Public Domain
img_002502,USA,Quarter,Washington Quarter,,,Reverse,"coins/Washington Quarters, 1932-1998/Washington Quarter 219644_86 Reverse.jpg",https://www.kaggle.com/datasets/sergiosaharovskiy/uscoins,CC0: Public Domain
img_002503,USA,Quarter,Washington Quarter,,,,"coins/Washington Quarters, 1932-1998/Washington Quarter 21 25_0.jpg",https://www.kaggle.com/datasets/sergiosaharovskiy/uscoins,CC0: Public Domain
img_002504,USA,Quarter,Washington Quarter,,,Reverse,"coins/Washington Quarters, 1932-1998/Washington Quarter 218987_94 Reverse.jpg",https://www.kaggle.com/datasets/sergiosaharovskiy/uscoins,CC0: Public Domain
img_002505,USA,Quarter,Washington Quarter,,,Reverse,"coins/Washington Quarters, 1932-1998/Washington Quarter 219644_131 Reverse.jpg",https://www.kaggle.com/datasets/sergiosaharovskiy/uscoins,CC0: Public Domain
img_002506,USA,Quarter,Washington Quarter,,,,"coins/Washington Quarters, 1932-1998/Washington Quarter 7 25_1.jpg",https://www.kaggle.com/datasets/sergiosaharovskiy/uscoins,CC0: Public Domain
img_002507,USA,Quarter,Washington Quarter,,,,"coins/Washington Quarters, 1932-1998/Washington Quarter 23 4_3.jpg",https://www.kaggle.com/datasets/sergiosaharovskiy/uscoins,CC0: Public Domain
img_002508,USA,Quarter,Washington Quarter,,,Obverse,"coins/Washington Quarters, 1932-1998/Washington Quarter 72403_123 Obverse.jpg",https://www.kaggle.com/datasets/sergiosaharovskiy/uscoins,CC0: Public Domain
img_002509,USA,Quarter,Washington Quarter,,,Reverse,"coins/Washington Quarters, 1932-1998/Washington Quarter 148771_277 Reverse.jpg",https://www.kaggle.com/datasets/sergiosaharovskiy/uscoins,CC0: Public Domain
img_002510,USA,Quarter,Washington Quarter,,,,"coins/Washington Quarters, 1932-1998/Washington Quarter 33 18_0.jpg",https://www.kaggle.com/datasets/sergiosaharovskiy/uscoins,CC0: Public Domain
img_002511,USA,Quarter,Washington Quarter,,,,"coins/Washington Quarters, 1932-1998/Washington Quarter 16 21_3.jpg",https://www.kaggle.com/datasets/sergiosaharovskiy/uscoins,CC0: Public Domain
img_002512,USA,Quarter,Washington Quarter,,,Reverse,"coins/Washington Quarters, 1932-1998/Washington Quarter 148771_108 Reverse.jpg",https://www.kaggle.com/datasets/sergiosaharovskiy/uscoins,CC0: Public Domain
img_002513,USA,Quarter,Washington Quarter,,,,"coins/Washington Quarters, 1932-1998/Washington Quarter 14 5_2.jpg",https://www.kaggle.com/datasets/sergiosaharovskiy/uscoins,CC0: Public Domain
img_002514,USA,Quarter,Washington Quarter,,,Obverse,"coins/Washington Quarters, 1932-1998/Washington Quarter 72403_81 Obverse.jpg",https://www.kaggle.com/datasets/sergiosaharovskiy/uscoins,CC0: Public Domain
img_002515,USA,Quarter,Washington Quarter,,,Reverse,"coins/Washington Quarters, 1932-1998/Washington Quarter 17345_0 Reverse.jpg",https://www.kaggle.com/datasets/sergiosaharovskiy/uscoins,CC0: Public Domain
img_002516,USA,Quarter,Washington Quarter,,,,"coins/Washington Quarters, 1932-1998/Washington Quarter 24 5_0.jpg",https://www.kaggle.com/datasets/sergiosaharovskiy/uscoins,CC0: Public Domain
img_002517,USA,Quarter,Washington Quarter,,,,"coins/Washington Quarters, 1932-1998/Washington Quarter 28 25_0.jpg",https://www.kaggle.com/datasets/sergiosaharovskiy/uscoins,CC0: Public Domain
img_002518,USA,Quarter,Washington Quarter,,,Reverse,"coins/Washington Quarters, 1932-1998/Washington Quarter 148771_79 Reverse.jpg",https://www.kaggle.com/datasets/sergiosaharovskiy/uscoins,CC0: Public Domain
img_002519,USA,Quarter,Washington Quarter,,,,"coins/Washington Quarters, 1932-1998/Washington Quarter 28 23_1.jpg",https://www.kaggle.com/datasets/sergiosaharovskiy/uscoins,CC0: Public Domain
img_002520,USA,Quarter,Washington Quarter,,,Obverse,"coins/Washington Quarters, 1932-1998/Washington Quarter 72403_27 Obverse.jpg",https://www.kaggle.com/datasets/sergiosaharovskiy/uscoins,CC0: Public Domain
img_002521,USA,Quarter,Washington Quarter,,,Reverse,"coins/Washington Quarters, 1932-1998/Washington Quarter 219644_75 Reverse.jpg",https://www.kaggle.com/datasets/sergiosaharovskiy/uscoins,CC0: Public Domain
img_002522,USA,Quarter,Washington Quarter,,,,"coins/Washington Quarters, 1932-1998/Washington Quarter 12 7_3.jpg",https://www.kaggle.com/datasets/sergiosaharovskiy/uscoins,CC0: Public Domain
img_002523,USA,Quarter,Washington Quarter,,,,"coins/Washington Quarters, 1932-1998/Washington Quarter 22 14_0.jpg",https://www.kaggle.com/datasets/sergiosaharovskiy/uscoins,CC0: Public Domain
img_002524,USA,Quarter,Washington Quarter,,,,"coins/Washington Quarters, 1932-1998/Washington Quarter 3 25_1.jpg",https://www.kaggle.com/datasets/sergiosaharovskiy/uscoins,CC0: Public Domain
img_002525,USA,Quarter,Washington Quarter,,,,"coins/Washington Quarters, 1932-1998/Washington Quarter 38 8_1.jpg",https://www.kaggle.com/datasets/sergiosaharovskiy/uscoins,CC0: Public Domain
img_002526,USA,Quarter,Washington Quarter,,,,"coins/Washington Quarters, 1932-1998/Washington Quarter 1 6_1.jpg",https://www.kaggle.com/datasets/sergiosaharovskiy/uscoins,CC0: Public Domain
img_002527,USA,Quarter,Washington Quarter,,,,"coins/Washington Quarters, 1932-1998/Washington Quarter 14 6_2.jpg",https://www.kaggle.com/datasets/sergiosaharovskiy/uscoins,CC0: Public Domain
img_002528,USA,Quarter,Washington Quarter,,,Obverse,"coins/Washington Quarters, 1932-1998/Washington Quarter 72403_183 Obverse.jpg",https://www.kaggle.com/datasets/sergiosaharovskiy/uscoins,CC0: Public Domain
img_002529,USA,Quarter,Washington Quarter,,,Reverse,"coins/Washington Quarters, 1932-1998/Washington Quarter 148771_128 Reverse.jpg",https://www.kaggle.com/datasets/sergiosaharovskiy/uscoins,CC0: Public Domain
img_002530,USA,Quarter,Washington Quarter,,,,"coins/Washington Quarters, 1932-1998/Washington Quarter 20 2_1.jpg",https://www.kaggle.com/datasets/sergiosaharovskiy/uscoins,CC0: Public Domain
img_002531,USA,Quarter,Washington Quarter,,,Obverse,"coins/Washington Quarters, 1932-1998/Washington Quarter 219644_76 Obverse.jpg",https://www.kaggle.com/datasets/sergiosaharovskiy/uscoins,CC0: Public Domain
img_002532,USA,Quarter,Washington Quarter,,,,"coins/Washington Quarters, 1932-1998/Washington Quarter 18 8_2.jpg",https://www.kaggle.com/datasets/sergiosaharovskiy/uscoins,CC0: Public Domain
img_002533,USA,Quarter,Washington Quarter,,,,"coins/Washington Quarters, 1932-1998/Washington Quarter 3 19_0.jpg",https://www.kaggle.com/datasets/sergiosaharovskiy/uscoins,CC0: Public Domain
img_002534,USA,Quarter,Washington Quarter,,,Obverse,"coins/Washington Quarters, 1932-1998/Washington Quarter 219644_110 Obverse.jpg",https://www.kaggle.com/datasets/sergiosaharovskiy/uscoins,CC0: Public Domain
img_002535,USA,Quarter,Washington Quarter,,,Reverse,"coins/Washington Quarters, 1932-1998/Washington Quarter 148771_199 Reverse.jpg",https://www.kaggle.com/datasets/sergiosaharovskiy/uscoins,CC0: Public Domain
img_002536,USA,Nickel,Jefferson Nickel,,,Obverse,"coins/Jefferson Nickels, 1938-Date/Jefferson Nickel 86528_27 Obverse.jpg",https://www.kaggle.com/datasets/sergiosaharovskiy/uscoins,CC0: Public Domain
img_002537,USA,Nickel,Jefferson Nickel,,,Reverse,"coins/Jefferson Nickels, 1938-Date/Jefferson Nickel 212555_48 Reverse.jpg",https://www.kaggle.com/datasets/sergiosaharovskiy/uscoins,CC0: Public Domain
img_002538,USA,Nickel,Jefferson Nickel,,,Obverse,"coins/Jefferson Nickels, 1938-Date/Jefferson Nickel 26324_58 Obverse.jpg",https://www.kaggle.com/datasets/sergiosaharovskiy/uscoins,CC0: Public Domain
img_002539,USA,Nickel,Jefferson Nickel,,,Reverse,"coins/Jefferson Nickels, 1938-Date/Jefferson Nickel 26505_197 Reverse.jpg",https://www.kaggle.com/datasets/sergiosaharovskiy/uscoins,CC0: Public Domain
img_002540,USA,Nickel,Jefferson Nickel,,,Obverse,"coins/Jefferson Nickels, 1938-Date/Jefferson Nickel 177303_192 Obverse.jpg",https://www.kaggle.com/datasets/sergiosaharovskiy/uscoins,CC0: Public Domain
img_002541,USA,Nickel,Jefferson Nickel,,,Obverse,"coins/Jefferson Nickels, 1938-Date/Jefferson Nickel 26324_67 Obverse.jpg",https://www.kaggle.com/datasets/sergiosaharovskiy/uscoins,CC0: Public Domain
img_002542,USA,Nickel,Jefferson Nickel,,,Obverse,"coins/Jefferson Nickels, 1938-Date/Jefferson Nickel 90905_107 Obverse.jpg",https://www.kaggle.com/datasets/sergiosaharovskiy/uscoins,CC0: Public Domain
img_002543,USA,Nickel,Jefferson Nickel,,,Obverse,"coins/Jefferson Nickels, 1938-Date/Jefferson Nickel 26505_230 Obverse.jpg",https://www.kaggle.com/datasets/sergiosaharovskiy/uscoins,CC0: Public Domain
img_002544,USA,Nickel,Jefferson Nickel,,,Reverse,"coins/Jefferson Nickels, 1938-Date/Jefferson Nickel 26382_233 Reverse.jpg",https://www.kaggle.com/datasets/sergiosaharovskiy/uscoins,CC0: Public Domain
img_002545,USA,Nickel,Jefferson Nickel,,,Obverse,"coins/Jefferson Nickels, 1938-Date/Jefferson Nickel 26382_229 Obverse.jpg",https://www.kaggle.com/datasets/sergiosaharovskiy/uscoins,CC0: Public Domain
img_002546,USA,Nickel,Jefferson Nickel,,,Reverse,"coins/Jefferson Nickels, 1938-Date/Jefferson Nickel 90905_5 Reverse.jpg",https://www.kaggle.com/datasets/sergiosaharovskiy/uscoins,CC0: Public Domain
img_002547,USA,Nickel,Jefferson Nickel,,,Reverse,"coins/Jefferson Nickels, 1938-Date/Jefferson Nickel 26505_179 Reverse.jpg",https://www.kaggle.com/datasets/sergiosaharovskiy/uscoins,CC0: Public Domain
img_002548,USA,Nickel,Jefferson Nickel,,,Obverse,"coins/Jefferson Nickels, 1938-Date/Jefferson Nickel 86528_5 Obverse.jpg",https://www.kaggle.com/datasets/sergiosaharovskiy/uscoins,CC0: Public Domain
img_002549,USA,Nickel,Jefferson Nickel,,,Obverse,"coins/Jefferson Nickels, 1938-Date/Jefferson Nickel 26382_283 Obverse.jpg",https://www.kaggle.com/datasets/sergiosaharovskiy/uscoins,CC0: Public Domain
img_002550,USA,Nickel,Jefferson Nickel,,,Obverse,"coins/Jefferson Nickels, 1938-Date/Jefferson Nickel 177303_126 Obverse.jpg",https://www.kaggle.com/datasets/sergiosaharovskiy/uscoins,CC0: Public Domain
img_002551,USA,Nickel,Jefferson Nickel,,,Obverse,"coins/Jefferson Nickels, 1938-Date/Jefferson Nickel 177303_162 Obverse.jpg",https://www.kaggle.com/datasets/sergiosaharovskiy/uscoins,CC0: Public Domain
img_002552,USA,Nickel,Jefferson Nickel,,,Reverse,"coins/Jefferson Nickels, 1938-Date/Jefferson Nickel 26382_220 Reverse.jpg",https://www.kaggle.com/datasets/sergiosaharovskiy/uscoins,CC0: Public Domain
img_002553,USA,Nickel,Jefferson Nickel,,,Obverse,"coins/Jefferson Nickels, 1938-Date/Jefferson Nickel 26382_131 Obverse.jpg",https://www.kaggle.com/datasets/sergiosaharovskiy/uscoins,CC0: Public Domain
img_002554,USA,Nickel,Jefferson Nickel,,,Reverse,"coins/Jefferson Nickels, 1938-Date/Jefferson Nickel 30916_76 Reverse.jpg",https://www.kaggle.com/datasets/sergiosaharovskiy/uscoins,CC0: Public Domain
img_002555,USA,Nickel,Jefferson Nickel,,,Reverse,"coins/Jefferson Nickels, 1938-Date/Jefferson Nickel 212555_167 Reverse.jpg",https://www.kaggle.com/datasets/sergiosaharovskiy/uscoins,CC0: Public Domain
img_002556,USA,Nickel,Jefferson Nickel,,,Reverse,"coins/Jefferson Nickels, 1938-Date/Jefferson Nickel 90905_195 Reverse.jpg",https://www.kaggle.com/datasets/sergiosaharovskiy/uscoins,CC0: Public Domain
img_002557,USA,Nickel,Jefferson Nickel,,,Obverse,"coins/Jefferson Nickels, 1938-Date/Jefferson Nickel 177303_75 Obverse.jpg",https://www.kaggle.com/datasets/sergiosaharovskiy/uscoins,CC0: Public Domain
img_002558,USA,Nickel,Jefferson Nickel,,,Obverse,"coins/Jefferson Nickels, 1938-Date/Jefferson Nickel 86528_9 Obverse.jpg",https://www.kaggle.com/datasets/sergiosaharovskiy/uscoins,CC0: Public Domain
img_002559,USA,Nickel,Jefferson Nickel,,,Obverse,"coins/Jefferson Nickels, 1938-Date/Jefferson Nickel 177303_27 Obverse.jpg",https://www.kaggle.com/datasets/sergiosaharovskiy/uscoins,CC0: Public Domain
img_002560,USA,Nickel,Jefferson Nickel,,,Obverse,"coins/Jefferson Nickels, 1938-Date/Jefferson Nickel 90905_69 Obverse.jpg",https://www.kaggle.com/datasets/sergiosaharovskiy/uscoins,CC0: Public Domain
img_002561,USA,Nickel,Jefferson Nickel,,,Reverse,"coins/Jefferson Nickels, 1938-Date/Jefferson Nickel 90905_157 Reverse.jpg",https://www.kaggle.com/datasets/sergiosaharovskiy/uscoins,CC0: Public Domain
img_002562,USA,Nickel,Jefferson Nickel,,,Obverse,"coins/Jefferson Nickels, 1938-Date/Jefferson Nickel 26382_161 Obverse.jpg",https://www.kaggle.com/datasets/sergiosaharovskiy/uscoins,CC0: Public Domain
img_002563,USA,Nickel,Jefferson Nickel,,,Reverse,"coins/Jefferson Nickels, 1938-Date/Jefferson Nickel 30916_96 Reverse.jpg",https://www.kaggle.com/datasets/sergiosaharovskiy/uscoins,CC0: Public Domain
img_002564,USA,Nickel,Jefferson Nickel,,,Obverse,"coins/Jefferson Nickels, 1938-Date/Jefferson Nickel 86528_84 Obverse.jpg",https://www.kaggle.com/datasets/sergiosaharovskiy/uscoins,CC0: Public Domain
img_002565,USA,Nickel,Jefferson Nickel,,,Obverse,"coins/Jefferson Nickels, 1938-Date/Jefferson Nickel 86528_95 Obverse.jpg",https://www.kaggle.com/datasets/sergiosaharovskiy/uscoins,CC0: Public Domain
img_002566,USA,Nickel,Jefferson Nickel,,,Reverse,"coins/Jefferson Nickels, 1938-Date/Jefferson Nickel 26505_120 Reverse.jpg",https://www.kaggle.com/datasets/sergiosaharovskiy/uscoins,CC0: Public Domain
img_002567,USA,Nickel,Jefferson Nickel,,,Reverse,"coins/Jefferson Nickels, 1938-Date/Jefferson Nickel 26324_84 Reverse.jpg",https://www.kaggle.com/datasets/sergiosaharovskiy/uscoins,CC0: Public Domain
img_002568,USA,Nickel,Jefferson Nickel,,,Obverse,"coins/Jefferson Nickels, 1938-Date/Jefferson Nickel 86528_32 Obverse.jpg",https://www.kaggle.com/datasets/sergiosaharovskiy/uscoins,CC0: Public Domain
img_002569,USA,Nickel,Jefferson Nickel,,,Obverse,"coins/Jefferson Nickels, 1938-Date/Jefferson Nickel 177303_53 Obverse.jpg",https://www.kaggle.com/datasets/sergiosaharovskiy/uscoins,CC0: Public Domain
img_002570,USA,Nickel,Jefferson Nickel,,,Obverse,"coins/Jefferson Nickels, 1938-Date/Jefferson Nickel 90905_118 Obverse.jpg",https://www.kaggle.com/datasets/sergiosaharovskiy/uscoins,CC0: Public Domain
img_002571,USA,Nickel,Jefferson Nickel,,,Obverse,"coins/Jefferson Nickels, 1938-Date/Jefferson Nickel 177303_118 Obverse.jpg",https://www.kaggle.com/datasets/sergiosaharovskiy/uscoins,CC0: Public Domain
img_002572,USA,Nickel,Jefferson Nickel,,,Reverse,"coins/Jefferson Nickels, 1938-Date/Jefferson Nickel 26324_45 Reverse.jpg",https://www.kaggle.com/datasets/sergiosaharovskiy/uscoins,CC0: Public Domain
img_002573,USA,Nickel,Jefferson Nickel,,,Obverse,"coins/Jefferson Nickels, 1938-Date/Jefferson Nickel 26382_71 Obverse.jpg",https://www.kaggle.com/datasets/sergiosaharovskiy/uscoins,CC0: Public Domain
img_002574,USA,Nickel,Jefferson Nickel,,,Obverse,"coins/Jefferson Nickels, 1938-Date/Jefferson Nickel 26324_103 Obverse.jpg",https://www.kaggle.com/datasets/sergiosaharovskiy/uscoins,CC0: Public Domain
img_002575,USA,Nickel,Jefferson Nickel,,,Obverse,"coins/Jefferson Nickels, 1938-Date/Jefferson Nickel 26382_81 Obverse.jpg",https://www.kaggle.com/datasets/sergiosaharovskiy/uscoins,CC0: Public Domain
img_002576,USA,Nickel,Jefferson Nickel,,,Obverse,"coins/Jefferson Nickels, 1938-Date/Jefferson Nickel 26382_11 Obverse.jpg",https://www.kaggle.com/datasets/sergiosaharovskiy/uscoins,CC0: Public Domain
img_002577,USA,Nickel,Jefferson Nickel,,,Reverse,"coins/Jefferson Nickels, 1938-Date/Jefferson Nickel 26382_128 Reverse.jpg",https://www.kaggle.com/datasets/sergiosaharovskiy/uscoins,CC0: Public Domain
img_002578,USA,Nickel,Jefferson Nickel,,,Obverse,"coins/Jefferson Nickels, 1938-Date/Jefferson Nickel 26382_213 Obverse.jpg",https://www.kaggle.com/datasets/sergiosaharovskiy/uscoins,CC0: Public Domain
img_002579,USA,Nickel,Jefferson Nickel,,,Obverse,"coins/Jefferson Nickels, 1938-Date/Jefferson Nickel 26324_2 Obverse.jpg",https://www.kaggle.com/datasets/sergiosaharovskiy/uscoins,CC0: Public Domain
img_002580,USA,Nickel,Jefferson Nickel,,,Reverse,"coins/Jefferson Nickels, 1938-Date/Jefferson Nickel 177303_95 Reverse.jpg",https://www.kaggle.com/datasets/sergiosaharovskiy/uscoins,CC0: Public Domain
img_002581,USA,Nickel,Jefferson Nickel,,,Obverse,"coins/Jefferson Nickels, 1938-Date/Jefferson Nickel 90905_46 Obverse.jpg",https://www.kaggle.com/datasets/sergiosaharovskiy/uscoins,CC0: Public Domain
img_002582,USA,Nickel,Jefferson Nickel,,,Reverse,"coins/Jefferson Nickels, 1938-Date/Jefferson Nickel 26382_272 Reverse.jpg",https://www.kaggle.com/datasets/sergiosaharovskiy/uscoins,CC0: Public Domain
img_002583,USA,Nickel,Jefferson Nickel,,,Reverse,"coins/Jefferson Nickels, 1938-Date/Jefferson Nickel 26324_42 Reverse.jpg",https://www.kaggle.com/datasets/sergiosaharovskiy/uscoins,CC0: Public Domain
img_002584,USA,Nickel,Jefferson Nickel,,,Obverse,"coins/Jefferson Nickels, 1938-Date/Jefferson Nickel 86528_143 Obverse.jpg",https://www.kaggle.com/datasets/sergiosaharovskiy/uscoins,CC0: Public Domain
img_002585,USA,Nickel,Jefferson Nickel,,,Reverse,"coins/Jefferson Nickels, 1938-Date/Jefferson Nickel 90905_125 Reverse.jpg",https://www.kaggle.com/datasets/sergiosaharovskiy/uscoins,CC0: Public Domain
img_002586,USA,Nickel,Jefferson Nickel,,,Obverse,"coins/Jefferson Nickels, 1938-Date/Jefferson Nickel 177303_32 Obverse.jpg",https://www.kaggle.com/datasets/sergiosaharovskiy/uscoins,CC0: Public Domain
img_002587,USA,Nickel,Jefferson Nickel,,,Obverse,"coins/Jefferson Nickels, 1938-Date/Jefferson Nickel 177303_54 Obverse.jpg",https://www.kaggle.com/datasets/sergiosaharovskiy/uscoins,CC0: Public Domain
img_002588,USA,Nickel,Jefferson Nickel,,,Reverse,"coins/Jefferson Nickels, 1938-Date/Jefferson Nickel 86528_63 Reverse.jpg",https://www.kaggle.com/datasets/sergiosaharovskiy/uscoins,CC0: Public Domain
img_002589,USA,Nickel,Jefferson Nickel,,,Obverse,"coins/Jefferson Nickels, 1938-Date/Jefferson Nickel 26382_280 Obverse.jpg",https://www.kaggle.com/datasets/sergiosaharovskiy/uscoins,CC0: Public Domain
img_002590,USA,Nickel,Jefferson Nickel,,,Obverse,"coins/Jefferson Nickels, 1938-Date/Jefferson Nickel 90905_169 Obverse.jpg",https://www.kaggle.com/datasets/sergiosaharovskiy/uscoins,CC0: Public Domain
img_002591,USA,Nickel,Jefferson Nickel,,,Obverse,"coins/Jefferson Nickels, 1938-Date/Jefferson Nickel 86528_109 Obverse.jpg",https://www.kaggle.com/datasets/sergiosaharovskiy/uscoins,CC0: Public Domain
img_002592,USA,Nickel,Jefferson Nickel,,,Obverse,"coins/Jefferson Nickels, 1938-Date/Jefferson Nickel 177303_14 Obverse.jpg",https://www.kaggle.com/datasets/sergiosaharovskiy/uscoins,CC0: Public Domain
img_002593,USA,Nickel,Jefferson Nickel,,,Obverse,"coins/Jefferson Nickels, 1938-Date/Jefferson Nickel 26324_22 Obverse.jpg",https://www.kaggle.com/datasets/sergiosaharovskiy/uscoins,CC0: Public Domain
img_002594,USA,Nickel,Jefferson Nickel,,,Reverse,"coins/Jefferson Nickels, 1938-Date/Jefferson Nickel 26382_80 Reverse.jpg",https://www.kaggle.com/datasets/sergiosaharovskiy/uscoins,CC0: Public Domain
img_002595,USA,Nickel,Jefferson Nickel,,,Reverse,"coins/Jefferson Nickels, 1938-Date/Jefferson Nickel 26382_73 Reverse.jpg",https://www.kaggle.com/datasets/sergiosaharovskiy/uscoins,CC0: Public Domain
img_002596,USA,Nickel,Jefferson Nickel,,,Reverse,"coins/Jefferson Nickels, 1938-Date/Jefferson Nickel 86528_163 Reverse.jpg",https://www.kaggle.com/datasets/sergiosaharovskiy/uscoins,CC0: Public Domain
img_002597,USA,Nickel,Jefferson Nickel,,,Obverse,"coins/Jefferson Nickels, 1938-Date/Jefferson Nickel 86528_53 Obverse.jpg",https://www.kaggle.com/datasets/sergiosaharovskiy/uscoins,CC0: Public Domain
img_002598,USA,Nickel,Jefferson Nickel,,,Obverse,"coins/Jefferson Nickels, 1938-Date/Jefferson Nickel 177303_7 Obverse.jpg",https://www.kaggle.com/datasets/sergiosaharovskiy/uscoins,CC0: Public Domain
img_002599,USA,Nickel,Jefferson Nickel,,,Obverse,"coins/Jefferson Nickels, 1938-Date/Jefferson Nickel 90905_159 Obverse.jpg",https://www.kaggle.com/datasets/sergiosaharovskiy/uscoins,CC0: Public Domain
img_002600,USA,Nickel,Jefferson Nickel,,,Reverse,"coins/Jefferson Nickels, 1938-Date/Jefferson Nickel 30916_143 Reverse.jpg",https://www.kaggle.com/datasets/sergiosaharovskiy/uscoins,CC0: Public Domain
img_002601,USA,Nickel,Jefferson Nickel,,,Obverse,"coins/Jefferson Nickels, 1938-Date/Jefferson Nickel 26382_155 Obverse.jpg",https://www.kaggle.com/datasets/sergiosaharovskiy/uscoins,CC0: Public Domain
img_002602,USA,Nickel,Jefferson Nickel,,,Obverse,"coins/Jefferson Nickels, 1938-Date/Jefferson Nickel 86528_169 Obverse.jpg",https://www.kaggle.com/datasets/sergiosaharovskiy/uscoins,CC0: Public Domain
img_002603,USA,Nickel,Jefferson Nickel,,,Obverse,"coins/Jefferson Nickels, 1938-Date/Jefferson Nickel 26382_211 Obverse.jpg",https://www.kaggle.com/datasets/sergiosaharovskiy/uscoins,CC0: Public Domain
img_002604,USA,Nickel,Jefferson Nickel,,,Obverse,"coins/Jefferson Nickels, 1938-Date/Jefferson Nickel 90905_256 Obverse.jpg",https://www.kaggle.com/datasets/sergiosaharovskiy/uscoins,CC0: Public Domain
img_002605,USA,Nickel,Jefferson Nickel,,,Obverse,"coins/Jefferson Nickels, 1938-Date/Jefferson Nickel 177303_182 Obverse.jpg",https://www.kaggle.com/datasets/sergiosaharovskiy/uscoins,CC0: Public Domain
img_002606,USA,Nickel,Jefferson Nickel,,,Obverse,"coins/Jefferson Nickels, 1938-Date/Jefferson Nickel 177303_128 Obverse.jpg",https://www.kaggle.com/datasets/sergiosaharovskiy/uscoins,CC0: Public Domain
img_002607,USA,Nickel,Jefferson Nickel,,,Reverse,"coins/Jefferson Nickels, 1938-Date/Jefferson Nickel 90905_257 Reverse.jpg",https://www.kaggle.com/datasets/sergiosaharovskiy/uscoins,CC0: Public Domain
img_002608,USA,Nickel,Jefferson Nickel,,,Obverse,"coins/Jefferson Nickels, 1938-Date/Jefferson Nickel 26382_1 Obverse.jpg",https://www.kaggle.com/datasets/sergiosaharovskiy/uscoins,CC0: Public Domain
img_002609,USA,Nickel,Jefferson Nickel,,,Obverse,"coins/Jefferson Nickels, 1938-Date/Jefferson Nickel 26382_236 Obverse.jpg",https://www.kaggle.com/datasets/sergiosaharovskiy/uscoins,CC0: Public Domain
img_002610,USA,Nickel,Jefferson Nickel,,,Obverse,"coins/Jefferson Nickels, 1938-Date/Jefferson Nickel 90905_9 Obverse.jpg",https://www.kaggle.com/datasets/sergiosaharovskiy/uscoins,CC0: Public Domain
img_002611,USA,Nickel,Jefferson Nickel,,,Obverse,"coins/Jefferson Nickels, 1938-Date/Jefferson Nickel 90905_147 Obverse.jpg",https://www.kaggle.com/datasets/sergiosaharovskiy/uscoins,CC0: Public Domain
img_002612,USA,Nickel,Jefferson Nickel,,,Reverse,"coins/Jefferson Nickels, 1938-Date/Jefferson Nickel 26324_117 Reverse.jpg",https://www.kaggle.com/datasets/sergiosaharovskiy/uscoins,CC0: Public Domain
img_002613,USA,Nickel,Jefferson Nickel,,,Obverse,"coins/Jefferson Nickels, 1938-Date/Jefferson Nickel 26324_52 Obverse.jpg",https://www.kaggle.com/datasets/sergiosaharovskiy/uscoins,CC0: Public Domain
img_002614,USA,Nickel,Jefferson Nickel,,,Reverse,"coins/Jefferson Nickels, 1938-Date/Jefferson Nickel 90905_199 Reverse.jpg",https://www.kaggle.com/datasets/sergiosaharovskiy/uscoins,CC0: Public Domain
img_002615,USA,Nickel,Jefferson Nickel,,,Reverse,"coins/Jefferson Nickels, 1938-Date/Jefferson Nickel 26324_80 Reverse.jpg",https://www.kaggle.com/datasets/sergiosaharovskiy/uscoins,CC0: Public Domain
img_002616,USA,Nickel,Jefferson Nickel,,,Reverse,"coins/Jefferson Nickels, 1938-Date/Jefferson Nickel 26382_165 Reverse.jpg",https://www.kaggle.com/datasets/sergiosaharovskiy/uscoins,CC0: Public Domain
img_002617,USA,Nickel,Jefferson Nickel,,,Reverse,"coins/Jefferson Nickels, 1938-Date/Jefferson Nickel 26382_76 Reverse.jpg",https://www.kaggle.com/datasets/sergiosaharovskiy/uscoins,CC0: Public Domain
img_002618,USA,Nickel,Jefferson Nickel,,,Reverse,"coins/Jefferson Nickels, 1938-Date/Jefferson Nickel 86528_77 Reverse.jpg",https://www.kaggle.com/datasets/sergiosaharovskiy/uscoins,CC0: Public Domain
img_002619,USA,Nickel,Jefferson Nickel,,,Obverse,"coins/Jefferson Nickels, 1938-Date/Jefferson Nickel 26324_133 Obverse.jpg",https://www.kaggle.com/datasets/sergiosaharovskiy/uscoins,CC0: Public Domain
img_002620,USA,Nickel,Jefferson Nickel,,,Reverse,"coins/Jefferson Nickels, 1938-Date/Jefferson Nickel 86528_23 Reverse.jpg",https://www.kaggle.com/datasets/sergiosaharovskiy/uscoins,CC0: Public Domain
img_002621,USA,Nickel,Jefferson Nickel,,,Reverse,"coins/Jefferson Nickels, 1938-Date/Jefferson Nickel 86528_80 Reverse.jpg",https://www.kaggle.com/datasets/sergiosaharovskiy/uscoins,CC0: Public Domain
img_002622,USA,Nickel,Jefferson Nickel,,,Obverse,"coins/Jefferson Nickels, 1938-Date/Jefferson Nickel 26382_135 Obverse.jpg",https://www.kaggle.com/datasets/sergiosaharovskiy/uscoins,CC0: Public Domain
img_002623,USA,Nickel,Jefferson Nickel,,,Obverse,"coins/Jefferson Nickels, 1938-Date/Jefferson Nickel 177303_86 Obverse.jpg",https://www.kaggle.com/datasets/sergiosaharovskiy/uscoins,CC0: Public Domain
img_002624,USA,Nickel,Jefferson Nickel,,,Obverse,"coins/Jefferson Nickels, 1938-Date/Jefferson Nickel 26505_45 Obverse.jpg",https://www.kaggle.com/datasets/sergiosaharovskiy/uscoins,CC0: Public Domain
img_002625,USA,Nickel,Jefferson Nickel,,,Reverse,"coins/Jefferson Nickels, 1938-Date/Jefferson Nickel 212555_146 Reverse.jpg",https://www.kaggle.com/datasets/sergiosaharovskiy/uscoins,CC0: Public Domain
img_002626,USA,Nickel,Jefferson Nickel,,,Obverse,"coins/Jefferson Nickels, 1938-Date/Jefferson Nickel 26505_24 Obverse.jpg",https://www.kaggle.com/datasets/sergiosaharovskiy/uscoins,CC0: Public Domain
img_002627,USA,Nickel,Jefferson Nickel,,,Reverse,"coins/Jefferson Nickels, 1938-Date/Jefferson Nickel 26382_31 Reverse.jpg",https://www.kaggle.com/datasets/sergiosaharovskiy/uscoins,CC0: Public Domain
img_002628,USA,Nickel,Jefferson Nickel,,,Reverse,"coins/Jefferson Nickels, 1938-Date/Jefferson Nickel 26324_66 Reverse.jpg",https://www.kaggle.com/datasets/sergiosaharovskiy/uscoins,CC0: Public Domain
img_002629,USA,Nickel,Jefferson Nickel,,,Obverse,"coins/Jefferson Nickels, 1938-Date/Jefferson Nickel 26382_79 Obverse.jpg",https://www.kaggle.com/datasets/sergiosaharovskiy/uscoins,CC0: Public Domain
img_002630,USA,Nickel,Jefferson Nickel,,,Obverse,"coins/Jefferson Nickels, 1938-Date/Jefferson Nickel 26505_21 Obverse.jpg",https://www.kaggle.com/datasets/sergiosaharovskiy/uscoins,CC0: Public Domain
img_002631,USA,Nickel,Jefferson Nickel,,,Obverse,"coins/Jefferson Nickels, 1938-Date/Jefferson Nickel 26382_28 Obverse.jpg",https://www.kaggle.com/datasets/sergiosaharovskiy/uscoins,CC0: Public Domain
img_002632,USA,Nickel,Jefferson Nickel,,,Reverse,"coins/Jefferson Nickels, 1938-Date/Jefferson Nickel 26505_87 Reverse.jpg",https://www.kaggle.com/datasets/sergiosaharovskiy/uscoins,CC0: Public Domain
img_002633,USA,Nickel,Jefferson Nickel,,,Reverse,"coins/Jefferson Nickels, 1938-Date/Jefferson Nickel 26505_25 Reverse.jpg",https://www.kaggle.com/datasets/sergiosaharovskiy/uscoins,CC0: Public Domain
img_002634,USA,Nickel,Jefferson Nickel,,,Reverse,"coins/Jefferson Nickels, 1938-Date/Jefferson Nickel 177303_178 Reverse.jpg",https://www.kaggle.com/datasets/sergiosaharovskiy/uscoins,CC0: Public Domain
img_002635,USA,Nickel,Jefferson Nickel,,,Reverse,"coins/Jefferson Nickels, 1938-Date/Jefferson Nickel 26505_161 Reverse.jpg",https://www.kaggle.com/datasets/sergiosaharovskiy/uscoins,CC0: Public Domain
img_002636,USA,Nickel,Jefferson Nickel,,,Reverse,"coins/Jefferson Nickels, 1938-Date/Jefferson Nickel 212555_211 Reverse.jpg",https://www.kaggle.com/datasets/sergiosaharovskiy/uscoins,CC0: Public Domain
img_002637,USA,Nickel,Jefferson Nickel,,,Reverse,"coins/Jefferson Nickels, 1938-Date/Jefferson Nickel 26382_65 Reverse.jpg",https://www.kaggle.com/datasets/sergiosaharovskiy/uscoins,CC0: Public Domain
img_002638,USA,Nickel,Jefferson Nickel,,,Reverse,"coins/Jefferson Nickels, 1938-Date/Jefferson Nickel 86528_55 Reverse.jpg",https://www.kaggle.com/datasets/sergiosaharovskiy/uscoins,CC0: Public Domain
img_002639,USA,Nickel,Jefferson Nickel,,,Obverse,"coins/Jefferson Nickels, 1938-Date/Jefferson Nickel 177303_6 Obverse.jpg",https://www.kaggle.com/datasets/sergiosaharovskiy/uscoins,CC0: Public Domain
img_002640,USA,Nickel,Jefferson Nickel,,,Reverse,"coins/Jefferson Nickels, 1938-Date/Jefferson Nickel 26324_37 Reverse.jpg",https://www.kaggle.com/datasets/sergiosaharovskiy/uscoins,CC0: Public Domain
img_002641,USA,Nickel,Jefferson Nickel,,,Reverse,"coins/Jefferson Nickels, 1938-Date/Jefferson Nickel 90905_183 Reverse.jpg",https://www.kaggle.com/datasets/sergiosaharovskiy/uscoins,CC0: Public Domain
img_002642,USA,Nickel,Jefferson Nickel,,,Obverse,"coins/Jefferson Nickels, 1938-Date/Jefferson Nickel 86528_60 Obverse.jpg",https://www.kaggle.com/datasets/sergiosaharovskiy/uscoins,CC0: Public Domain
img_002643,USA,Nickel,Jefferson Nickel,,,Reverse,"coins/Jefferson Nickels, 1938-Date/Jefferson Nickel 90905_155 Reverse.jpg",https://www.kaggle.com/datasets/sergiosaharovskiy/uscoins,CC0: Public Domain
img_002644,USA,Nickel,Jefferson Nickel,,,Reverse,"coins/Jefferson Nickels, 1938-Date/Jefferson Nickel 90905_153 Reverse.jpg",https://www.kaggle.com/datasets/sergiosaharovskiy/uscoins,CC0: Public Domain
img_002645,USA,Nickel,Jefferson Nickel,,,Reverse,"coins/Jefferson Nickels, 1938-Date/Jefferson Nickel 177303_35 Reverse.jpg",https://www.kaggle.com/datasets/sergiosaharovskiy/uscoins,CC0: Public Domain
img_002646,USA,Nickel,Jefferson Nickel,,,Reverse,"coins/Jefferson Nickels, 1938-Date/Jefferson Nickel 26382_150 Reverse.jpg",https://www.kaggle.com/datasets/sergiosaharovskiy/uscoins,CC0: Public Domain
img_002647,USA,Nickel,Jefferson Nickel,,,Reverse,"coins/Jefferson Nickels, 1938-Date/Jefferson Nickel 90905_58 Reverse.jpg",https://www.kaggle.com/datasets/sergiosaharovskiy/uscoins,CC0: Public Domain
img_002648,USA,Nickel,Jefferson Nickel,,,Obverse,"coins/Jefferson Nickels, 1938-Date/Jefferson Nickel 177303_10 Obverse.jpg",https://www.kaggle.com/datasets/sergiosaharovskiy/uscoins,CC0: Public Domain
img_002649,USA,Nickel,Jefferson Nickel,,,Reverse,"coins/Jefferson Nickels, 1938-Date/Jefferson Nickel 177303_152 Reverse.jpg",https://www.kaggle.com/datasets/sergiosaharovskiy/uscoins,CC0: Public Domain
img_002650,USA,Nickel,Jefferson Nickel,,,Obverse,"coins/Jefferson Nickels, 1938-Date/Jefferson Nickel 26324_141 Obverse.jpg",https://www.kaggle.com/datasets/sergiosaharovskiy/uscoins,CC0: Public Domain
img_002651,USA,Nickel,Jefferson Nickel,,,Obverse,"coins/Jefferson Nickels, 1938-Date/Jefferson Nickel 86528_76 Obverse.jpg",https://www.kaggle.com/datasets/sergiosaharovskiy/uscoins,CC0: Public Domain
img_002652,USA,Nickel,Jefferson Nickel,,,Reverse,"coins/Jefferson Nickels, 1938-Date/Jefferson Nickel 26382_271 Reverse.jpg",https://www.kaggle.com/datasets/sergiosaharovskiy/uscoins,CC0: Public Domain
img_002653,USA,Nickel,Jefferson Nickel,,,Obverse,"coins/Jefferson Nickels, 1938-Date/Jefferson Nickel 177303_174 Obverse.jpg",https://www.kaggle.com/datasets/sergiosaharovskiy/uscoins,CC0: Public Domain
img_002654,USA,Nickel,Jefferson Nickel,,,Obverse,"coins/Jefferson Nickels, 1938-Date/Jefferson Nickel 90905_160 Obverse.jpg",https://www.kaggle.com/datasets/sergiosaharovskiy/uscoins,CC0: Public Domain
img_002655,USA,Nickel,Jefferson Nickel,,,Obverse,"coins/Jefferson Nickels, 1938-Date/Jefferson Nickel 86528_111 Obverse.jpg",https://www.kaggle.com/datasets/sergiosaharovskiy/uscoins,CC0: Public Domain
img_002656,USA,Nickel,Jefferson Nickel,,,Reverse,"coins/Jefferson Nickels, 1938-Date/Jefferson Nickel 26382_88 Reverse.jpg",https://www.kaggle.com/datasets/sergiosaharovskiy/uscoins,CC0: Public Domain
img_002657,USA,Nickel,Jefferson Nickel,,,Reverse,"coins/Jefferson Nickels, 1938-Date/Jefferson Nickel 26324_36 Reverse.jpg",https://www.kaggle.com/datasets/sergiosaharovskiy/uscoins,CC0: Public Domain
img_002658,USA,Nickel,Jefferson Nickel,,,Obverse,"coins/Jefferson Nickels, 1938-Date/Jefferson Nickel 26382_136 Obverse.jpg",https://www.kaggle.com/datasets/sergiosaharovskiy/uscoins,CC0: Public Domain
img_002659,USA,Nickel,Jefferson Nickel,,,Obverse,"coins/Jefferson Nickels, 1938-Date/Jefferson Nickel 26382_47 Obverse.jpg",https://www.kaggle.com/datasets/sergiosaharovskiy/uscoins,CC0: Public Domain
img_002660,USA,Nickel,Jefferson Nickel,,,Reverse,"coins/Jefferson Nickels, 1938-Date/Jefferson Nickel 26324_130 Reverse.jpg",https://www.kaggle.com/datasets/sergiosaharovskiy/uscoins,CC0: Public Domain
img_002661,USA,Nickel,Jefferson Nickel,,,Reverse,"coins/Jefferson Nickels, 1938-Date/Jefferson Nickel 177303_68 Reverse.jpg",https://www.kaggle.com/datasets/sergiosaharovskiy/uscoins,CC0: Public Domain
img_002662,USA,Nickel,Jefferson Nickel,,,Obverse,"coins/Jefferson Nickels, 1938-Date/Jefferson Nickel 26324_43 Obverse.jpg",https://www.kaggle.com/datasets/sergiosaharovskiy/uscoins,CC0: Public Domain
img_002663,USA,Nickel,Jefferson Nickel,,,Reverse,"coins/Jefferson Nickels, 1938-Date/Jefferson Nickel 26382_40 Reverse.jpg",https://www.kaggle.com/datasets/sergiosaharovskiy/uscoins,CC0: Public Domain
img_002664,USA,Nickel,Jefferson Nickel,,,Reverse,"coins/Jefferson Nickels, 1938-Date/Jefferson Nickel 26382_127 Reverse.jpg",https://www.kaggle.com/datasets/sergiosaharovskiy/uscoins,CC0: Public Domain
img_002665,USA,Nickel,Jefferson Nickel,,,Reverse,"coins/Jefferson Nickels, 1938-Date/Jefferson Nickel 26505_228 Reverse.jpg",https://www.kaggle.com/datasets/sergiosaharovskiy/uscoins,CC0: Public Domain
img_002666,USA,Nickel,Jefferson Nickel,,,Obverse,"coins/Jefferson Nickels, 1938-Date/Jefferson Nickel 26382_91 Obverse.jpg",https://www.kaggle.com/datasets/sergiosaharovskiy/uscoins,CC0: Public Domain
img_002667,USA,Nickel,Jefferson Nickel,,,Obverse,"coins/Jefferson Nickels, 1938-Date/Jefferson Nickel 26382_115 Obverse.jpg",https://www.kaggle.com/datasets/sergiosaharovskiy/uscoins,CC0: Public Domain
img_002668,USA,Nickel,Jefferson Nickel,,,Obverse,"coins/Jefferson Nickels, 1938-Date/Jefferson Nickel 26324_48 Obverse.jpg",https://www.kaggle.com/datasets/sergiosaharovskiy/uscoins,CC0: Public Domain
img_002669,USA,Nickel,Jefferson Nickel,,,Obverse,"coins/Jefferson Nickels, 1938-Date/Jefferson Nickel 26324_121 Obverse.jpg",https://www.kaggle.com/datasets/sergiosaharovskiy/uscoins,CC0: Public Domain
img_002670,USA,Nickel,Jefferson Nickel,,,Reverse,"coins/Jefferson Nickels, 1938-Date/Jefferson Nickel 90905_63 Reverse.jpg",https://www.kaggle.com/datasets/sergiosaharovskiy/uscoins,CC0: Public Domain
img_002671,USA,Nickel,Jefferson Nickel,,,Obverse,"coins/Jefferson Nickels, 1938-Date/Jefferson Nickel 26324_24 Obverse.jpg",https://www.kaggle.com/datasets/sergiosaharovskiy/uscoins,CC0: Public Domain
img_002672,USA,Nickel,Jefferson Nickel,,,Reverse,"coins/Jefferson Nickels, 1938-Date/Jefferson Nickel 26382_196 Reverse.jpg",https://www.kaggle.com/datasets/sergiosaharovskiy/uscoins,CC0: Public Domain
img_002673,USA,Nickel,Jefferson Nickel,,,Reverse,"coins/Jefferson Nickels, 1938-Date/Jefferson Nickel 26382_184 Reverse.jpg",https://www.kaggle.com/datasets/sergiosaharovskiy/uscoins,CC0: Public Domain
img_002674,USA,Nickel,Jefferson Nickel,,,Obverse,"coins/Jefferson Nickels, 1938-Date/Jefferson Nickel 177303_142 Obverse.jpg",https://www.kaggle.com/datasets/sergiosaharovskiy/uscoins,CC0: Public Domain
img_002675,USA,Nickel,Jefferson Nickel,,,Obverse,"coins/Jefferson Nickels, 1938-Date/Jefferson Nickel 90905_37 Obverse.jpg",https://www.kaggle.com/datasets/sergiosaharovskiy/uscoins,CC0: Public Domain
img_002676,USA,Nickel,Jefferson Nickel,,,Obverse,"coins/Jefferson Nickels, 1938-Date/Jefferson Nickel 90905_223 Obverse.jpg",https://www.kaggle.com/datasets/sergiosaharovskiy/uscoins,CC0: Public Domain
img_002677,USA,Nickel,Jefferson Nickel,,,Reverse,"coins/Jefferson Nickels, 1938-Date/Jefferson Nickel 26324_83 Reverse.jpg",https://www.kaggle.com/datasets/sergiosaharovskiy/uscoins,CC0: Public Domain
img_002678,USA,Nickel,Jefferson Nickel,,,Reverse,"coins/Jefferson Nickels, 1938-Date/Jefferson Nickel 26324_116 Reverse.jpg",https://www.kaggle.com/datasets/sergiosaharovskiy/uscoins,CC0: Public Domain
img_002679,USA,Nickel,Jefferson Nickel,,,Obverse,"coins/Jefferson Nickels, 1938-Date/Jefferson Nickel 26382_163 Obverse.jpg",https://www.kaggle.com/datasets/sergiosaharovskiy/uscoins,CC0: Public Domain
img_002680,USA,Nickel,Jefferson Nickel,,,Obverse,"coins/Jefferson Nickels, 1938-Date/Jefferson Nickel 90905_211 Obverse.jpg",https://www.kaggle.com/datasets/sergiosaharovskiy/uscoins,CC0: Public Domain
img_002681,USA,Nickel,Jefferson Nickel,,,Reverse,"coins/Jefferson Nickels, 1938-Date/Jefferson Nickel 86528_93 Reverse.jpg",https://www.kaggle.com/datasets/sergiosaharovskiy/uscoins,CC0: Public Domain
img_002682,USA,Nickel,Jefferson Nickel,,,Reverse,"coins/Jefferson Nickels, 1938-Date/Jefferson Nickel 212555_71 Reverse.jpg",https://www.kaggle.com/datasets/sergiosaharovskiy/uscoins,CC0: Public Domain
img_002683,USA,Nickel,Jefferson Nickel,,,Obverse,"coins/Jefferson Nickels, 1938-Date/Jefferson Nickel 90905_127 Obverse.jpg",https://www.kaggle.com/datasets/sergiosaharovskiy/uscoins,CC0: Public Domain
img_002684,USA,Nickel,Jefferson Nickel,,,Reverse,"coins/Jefferson Nickels, 1938-Date/Jefferson Nickel 90905_90 Reverse.jpg",https://www.kaggle.com/datasets/sergiosaharovskiy/uscoins,CC0: Public Domain
img_002685,USA,Nickel,Jefferson Nickel,,,Obverse,"coins/Jefferson Nickels, 1938-Date/Jefferson Nickel 26382_68 Obverse.jpg",https://www.kaggle.com/datasets/sergiosaharovskiy/uscoins,CC0: Public Domain
img_002686,USA,Nickel,Jefferson Nickel,,,Reverse,"coins/Jefferson Nickels, 1938-Date/Jefferson Nickel 90905_128 Reverse.jpg",https://www.kaggle.com/datasets/sergiosaharovskiy/uscoins,CC0: Public Domain
img_002687,USA,Nickel,Jefferson Nickel,,,Obverse,"coins/Jefferson Nickels, 1938-Date/Jefferson Nickel 90905_126 Obverse.jpg",https://www.kaggle.com/datasets/sergiosaharovskiy/uscoins,CC0: Public Domain
img_002688,USA,Nickel,Jefferson Nickel,,,Obverse,"coins/Jefferson Nickels, 1938-Date/Jefferson Nickel 86528_21 Obverse.jpg",https://www.kaggle.com/datasets/sergiosaharovskiy/uscoins,CC0: Public Domain
img_002689,USA,Nickel,Jefferson Nickel,,,Obverse,"coins/Jefferson Nickels, 1938-Date/Jefferson Nickel 90905_134 Obverse.jpg",https://www.kaggle.com/datasets/sergiosaharovskiy/uscoins,CC0: Public Domain
img_002690,USA,Nickel,Jefferson Nickel,,,Reverse,"coins/Jefferson Nickels, 1938-Date/Jefferson Nickel 26324_113 Reverse.jpg",https://www.kaggle.com/datasets/sergiosaharovskiy/uscoins,CC0: Public Domain
img_002691,USA,Nickel,Jefferson Nickel,,,Reverse,"coins/Jefferson Nickels, 1938-Date/Jefferson Nickel 90905_164 Reverse.jpg",https://www.kaggle.com/datasets/sergiosaharovskiy/uscoins,CC0: Public Domain
img_002692,USA,Nickel,Jefferson Nickel,,,Reverse,"coins/Jefferson Nickels, 1938-Date/Jefferson Nickel 26382_284 Reverse.jpg",https://www.kaggle.com/datasets/sergiosaharovskiy/uscoins,CC0: Public Domain
img_002693,USA,Nickel,Jefferson Nickel,,,Obverse,"coins/Jefferson Nickels, 1938-Date/Jefferson Nickel 86528_51 Obverse.jpg",https://www.kaggle.com/datasets/sergiosaharovskiy/uscoins,CC0: Public Domain
img_002694,USA,Nickel,Jefferson Nickel,,,Reverse,"coins/Jefferson Nickels, 1938-Date/Jefferson Nickel 26382_125 Reverse.jpg",https://www.kaggle.com/datasets/sergiosaharovskiy/uscoins,CC0: Public Domain
img_002695,USA,Nickel,Jefferson Nickel,,,Obverse,"coins/Jefferson Nickels, 1938-Date/Jefferson Nickel 177303_25 Obverse.jpg",https://www.kaggle.com/datasets/sergiosaharovskiy/uscoins,CC0: Public Domain
img_002696,USA,Nickel,Jefferson Nickel,,,Obverse,"coins/Jefferson Nickels, 1938-Date/Jefferson Nickel 26382_26 Obverse.jpg",https://www.kaggle.com/datasets/sergiosaharovskiy/uscoins,CC0: Public Domain
img_002697,USA,Nickel,Jefferson Nickel,,,Reverse,"coins/Jefferson Nickels, 1938-Date/Jefferson Nickel 90905_200 Reverse.jpg",https://www.kaggle.com/datasets/sergiosaharovskiy/uscoins,CC0: Public Domain
img_002698,USA,Nickel,Jefferson Nickel,,,Obverse,"coins/Jefferson Nickels, 1938-Date/Jefferson Nickel 90905_16 Obverse.jpg",https://www.kaggle.com/datasets/sergiosaharovskiy/uscoins,CC0: Public Domain
img_002699,USA,Nickel,Jefferson Nickel,,,Reverse,"coins/Jefferson Nickels, 1938-Date/Jefferson Nickel 26382_8 Reverse.jpg",https://www.kaggle.com/datasets/sergiosaharovskiy/uscoins,CC0: Public Domain
img_002700,USA,Nickel,Jefferson Nickel,,,Obverse,"coins/Jefferson Nickels, 1938-Date/Jefferson Nickel 90905_254 Obverse.jpg",https://www.kaggle.com/datasets/sergiosaharovskiy/uscoins,CC0: Public Domain
img_002701,USA,Nickel,Jefferson Nickel,,,Obverse,"coins/Jefferson Nickels, 1938-Date/Jefferson Nickel 26324_74 Obverse.jpg",https://www.kaggle.com/datasets/sergiosaharovskiy/uscoins,CC0: Public Domain
img_002702,USA,Nickel,Jefferson Nickel,,,Obverse,"coins/Jefferson Nickels, 1938-Date/Jefferson Nickel 26324_94 Obverse.jpg",https://www.kaggle.com/datasets/sergiosaharovskiy/uscoins,CC0: Public Domain
img_002703,USA,Nickel,Jefferson Nickel,,,Obverse,"coins/Jefferson Nickels, 1938-Date/Jefferson Nickel 26382_27 Obverse.jpg",https://www.kaggle.com/datasets/sergiosaharovskiy/uscoins,CC0: Public Domain
img_002704,USA,Nickel,Jefferson Nickel,,,Obverse,"coins/Jefferson Nickels, 1938-Date/Jefferson Nickel 26324_19 Obverse.jpg",https://www.kaggle.com/datasets/sergiosaharovskiy/uscoins,CC0: Public Domain
img_002705,USA,Nickel,Jefferson Nickel,,,Reverse,"coins/Jefferson Nickels, 1938-Date/Jefferson Nickel 26324_64 Reverse.jpg",https://www.kaggle.com/datasets/sergiosaharovskiy/uscoins,CC0: Public Domain
img_002706,USA,Nickel,Jefferson Nickel,,,Reverse,"coins/Jefferson Nickels, 1938-Date/Jefferson Nickel 86528_13 Reverse.jpg",https://www.kaggle.com/datasets/sergiosaharovskiy/uscoins,CC0: Public Domain
img_002707,USA,Nickel,Jefferson Nickel,,,Obverse,"coins/Jefferson Nickels, 1938-Date/Jefferson Nickel 177303_193 Obverse.jpg",https://www.kaggle.com/datasets/sergiosaharovskiy/uscoins,CC0: Public Domain
img_002708,USA,Nickel,Jefferson Nickel,,,Obverse,"coins/Jefferson Nickels, 1938-Date/Jefferson Nickel 26324_99 Obverse.jpg",https://www.kaggle.com/datasets/sergiosaharovskiy/uscoins,CC0: Public Domain
img_002709,USA,Nickel,Jefferson Nickel,,,Obverse,"coins/Jefferson Nickels, 1938-Date/Jefferson Nickel 26505_12 Obverse.jpg",https://www.kaggle.com/datasets/sergiosaharovskiy/uscoins,CC0: Public Domain
img_002710,USA,Nickel,Jefferson Nickel,,,Reverse,"coins/Jefferson Nickels, 1938-Date/Jefferson Nickel 26505_141 Reverse.jpg",https://www.kaggle.com/datasets/sergiosaharovskiy/uscoins,CC0: Public Domain
img_002711,USA,Nickel,Jefferson Nickel,,,Reverse,"coins/Jefferson Nickels, 1938-Date/Jefferson Nickel 86528_139 Reverse.jpg",https://www.kaggle.com/datasets/sergiosaharovskiy/uscoins,CC0: Public Domain
img_002712,USA,Nickel,Jefferson Nickel,,,Reverse,"coins/Jefferson Nickels, 1938-Date/Jefferson Nickel 26382_144 Reverse.jpg",https://www.kaggle.com/datasets/sergiosaharovskiy/uscoins,CC0: Public Domain
img_002713,USA,Nickel,Jefferson Nickel,,,Reverse,"coins/Jefferson Nickels, 1938-Date/Jefferson Nickel 86528_78 Reverse.jpg",https://www.kaggle.com/datasets/sergiosaharovskiy/uscoins,CC0: Public Domain
img_002714,USA,Nickel,Jefferson Nickel,,,Reverse,"coins/Jefferson Nickels, 1938-Date/Jefferson Nickel 26505_62 Reverse.jpg",https://www.kaggle.com/datasets/sergiosaharovskiy/uscoins,CC0: Public Domain
img_002715,USA,Nickel,Jefferson Nickel,,,Obverse,"coins/Jefferson Nickels, 1938-Date/Jefferson Nickel 90905_181 Obverse.jpg",https://www.kaggle.com/datasets/sergiosaharovskiy/uscoins,CC0: Public Domain
img_002716,USA,Nickel,Jefferson Nickel,,,Obverse,"coins/Jefferson Nickels, 1938-Date/Jefferson Nickel 90905_59 Obverse.jpg",https://www.kaggle.com/datasets/sergiosaharovskiy/uscoins,CC0: Public Domain
img_002717,USA,Nickel,Jefferson Nickel,,,Obverse,"coins/Jefferson Nickels, 1938-Date/Jefferson Nickel 177303_34 Obverse.jpg",https://www.kaggle.com/datasets/sergiosaharovskiy/uscoins,CC0: Public Domain
img_002718,USA,Nickel,Jefferson Nickel,,,Reverse,"coins/Jefferson Nickels, 1938-Date/Jefferson Nickel 86528_100 Reverse.jpg",https://www.kaggle.com/datasets/sergiosaharovskiy/uscoins,CC0: Public Domain
img_002719,USA,Nickel,Jefferson Nickel,,,Reverse,"coins/Jefferson Nickels, 1938-Date/Jefferson Nickel 26324_120 Reverse.jpg",https://www.kaggle.com/datasets/sergiosaharovskiy/uscoins,CC0: Public Domain
img_002720,USA,Nickel,Jefferson Nickel,,,Reverse,"coins/Jefferson Nickels, 1938-Date/Jefferson Nickel 26324_97 Reverse.jpg",https://www.kaggle.com/datasets/sergiosaharovskiy/uscoins,CC0: Public Domain
img_002721,USA,Nickel,Jefferson Nickel,,,Reverse,"coins/Jefferson Nickels, 1938-Date/Jefferson Nickel 26382_240 Reverse.jpg",https://www.kaggle.com/datasets/sergiosaharovskiy/uscoins,CC0: Public Domain
img_002722,USA,Nickel,Jefferson Nickel,,,Obverse,"coins/Jefferson Nickels, 1938-Date/Jefferson Nickel 90905_238 Obverse.jpg",https://www.kaggle.com/datasets/sergiosaharovskiy/uscoins,CC0: Public Domain
img_002723,USA,Nickel,Jefferson Nickel,,,Reverse,"coins/Jefferson Nickels, 1938-Date/Jefferson Nickel 26382_104 Reverse.jpg",https://www.kaggle.com/datasets/sergiosaharovskiy/uscoins,CC0: Public Domain
img_002724,USA,Nickel,Jefferson Nickel,,,Reverse,"coins/Jefferson Nickels, 1938-Date/Jefferson Nickel 26505_65 Reverse.jpg",https://www.kaggle.com/datasets/sergiosaharovskiy/uscoins,CC0: Public Domain
img_002725,USA,Nickel,Jefferson Nickel,,,Obverse,"coins/Jefferson Nickels, 1938-Date/Jefferson Nickel 26382_64 Obverse.jpg",https://www.kaggle.com/datasets/sergiosaharovskiy/uscoins,CC0: Public Domain
img_002726,USA,Nickel,Jefferson Nickel,,,Reverse,"coins/Jefferson Nickels, 1938-Date/Jefferson Nickel 26382_140 Reverse.jpg",https://www.kaggle.com/datasets/sergiosaharovskiy/uscoins,CC0: Public Domain
img_002727,USA,Nickel,Jefferson Nickel,,,Obverse,"coins/Jefferson Nickels, 1938-Date/Jefferson Nickel 26382_255 Obverse.jpg",https://www.kaggle.com/datasets/sergiosaharovskiy/uscoins,CC0: Public Domain
img_002728,USA,Nickel,Jefferson Nickel,,,Obverse,"coins/Jefferson Nickels, 1938-Date/Jefferson Nickel 86528_44 Obverse.jpg",https://www.kaggle.com/datasets/sergiosaharovskiy/uscoins,CC0: Public Domain
img_002729,USA,Nickel,Jefferson Nickel,,,Reverse,"coins/Jefferson Nickels, 1938-Date/Jefferson Nickel 177303_62 Reverse.jpg",https://www.kaggle.com/datasets/sergiosaharovskiy/uscoins,CC0: Public Domain
img_002730,USA,Nickel,Jefferson Nickel,,,Reverse,"coins/Jefferson Nickels, 1938-Date/Jefferson Nickel 90905_171 Reverse.jpg",https://www.kaggle.com/datasets/sergiosaharovskiy/uscoins,CC0: Public Domain
img_002731,USA,Nickel,Jefferson Nickel,,,Reverse,"coins/Jefferson Nickels, 1938-Date/Jefferson Nickel 177303_180 Reverse.jpg",https://www.kaggle.com/datasets/sergiosaharovskiy/uscoins,CC0: Public Domain
img_002732,USA,Nickel,Jefferson Nickel,,,Obverse,"coins/Jefferson Nickels, 1938-Date/Jefferson Nickel 26324_4 Obverse.jpg",https://www.kaggle.com/datasets/sergiosaharovskiy/uscoins,CC0: Public Domain
img_002733,USA,Nickel,Jefferson Nickel,,,Reverse,"coins/Jefferson Nickels, 1938-Date/Jefferson Nickel 177303_18 Reverse.jpg",https://www.kaggle.com/datasets/sergiosaharovskiy/uscoins,CC0: Public Domain
img_002734,USA,Nickel,Jefferson Nickel,,,Reverse,"coins/Jefferson Nickels, 1938-Date/Jefferson Nickel 86528_131 Reverse.jpg",https://www.kaggle.com/datasets/sergiosaharovskiy/uscoins,CC0: Public Domain
img_002735,USA,Nickel,Jefferson Nickel,,,Reverse,"coins/Jefferson Nickels, 1938-Date/Jefferson Nickel 90905_162 Reverse.jpg",https://www.kaggle.com/datasets/sergiosaharovskiy/uscoins,CC0: Public Domain
img_002736,USA,Nickel,Jefferson Nickel,,,Reverse,"coins/Jefferson Nickels, 1938-Date/Jefferson Nickel 26382_191 Reverse.jpg",https://www.kaggle.com/datasets/sergiosaharovskiy/uscoins,CC0: Public Domain
img_002737,USA,Nickel,Jefferson Nickel,,,Obverse,"coins/Jefferson Nickels, 1938-Date/Jefferson Nickel 86528_3 Obverse.jpg",https://www.kaggle.com/datasets/sergiosaharovskiy/uscoins,CC0: Public Domain
img_002738,USA,Nickel,Jefferson Nickel,,,Obverse,"coins/Jefferson Nickels, 1938-Date/Jefferson Nickel 26382_189 Obverse.jpg",https://www.kaggle.com/datasets/sergiosaharovskiy/uscoins,CC0: Public Domain
img_002739,USA,Nickel,Jefferson Nickel,,,Reverse,"coins/Jefferson Nickels, 1938-Date/Jefferson Nickel 26505_74 Reverse.jpg",https://www.kaggle.com/datasets/sergiosaharovskiy/uscoins,CC0: Public Domain
img_002740,USA,Nickel,Jefferson Nickel,,,Reverse,"coins/Jefferson Nickels, 1938-Date/Jefferson Nickel 30916_43 Reverse.jpg",https://www.kaggle.com/datasets/sergiosaharovskiy/uscoins,CC0: Public Domain
img_002741,USA,Nickel,Jefferson Nickel,,,Obverse,"coins/Jefferson Nickels, 1938-Date/Jefferson Nickel 177303_91 Obverse.jpg",https://www.kaggle.com/datasets/sergiosaharovskiy/uscoins,CC0: Public Domain
img_002742,USA,Nickel,Jefferson Nickel,,,Reverse,"coins/Jefferson Nickels, 1938-Date/Jefferson Nickel 86528_22 Reverse.jpg",https://www.kaggle.com/datasets/sergiosaharovskiy/uscoins,CC0: Public Domain
img_002743,USA,Nickel,Jefferson Nickel,,,Obverse,"coins/Jefferson Nickels, 1938-Date/Jefferson Nickel 90905_36 Obverse.jpg",https://www.kaggle.com/datasets/sergiosaharovskiy/uscoins,CC0: Public Domain
img_002744,USA,Nickel,Jefferson Nickel,,,Reverse,"coins/Jefferson Nickels, 1938-Date/Jefferson Nickel 86528_151 Reverse.jpg",https://www.kaggle.com/datasets/sergiosaharovskiy/uscoins,CC0: Public Domain
img_002745,USA,Nickel,Jefferson Nickel,,,Reverse,"coins/Jefferson Nickels, 1938-Date/Jefferson Nickel 30916_161 Reverse.jpg",https://www.kaggle.com/datasets/sergiosaharovskiy/uscoins,CC0: Public Domain
img_002746,USA,Nickel,Jefferson Nickel,,,Reverse,"coins/Jefferson Nickels, 1938-Date/Jefferson Nickel 177303_151 Reverse.jpg",https://www.kaggle.com/datasets/sergiosaharovskiy/uscoins,CC0: Public Domain
img_002747,USA,Nickel,Jefferson Nickel,,,Reverse,"coins/Jefferson Nickels, 1938-Date/Jefferson Nickel 26505_89 Reverse.jpg",https://www.kaggle.com/datasets/sergiosaharovskiy/uscoins,CC0: Public Domain
img_002748,USA,Nickel,Jefferson Nickel,,,Obverse,"coins/Jefferson Nickels, 1938-Date/Jefferson Nickel 90905_148 Obverse.jpg",https://www.kaggle.com/datasets/sergiosaharovskiy/uscoins,CC0: Public Domain
img_002749,USA,Nickel,Jefferson Nickel,,,Obverse,"coins/Jefferson Nickels, 1938-Date/Jefferson Nickel 177303_60 Obverse.jpg",https://www.kaggle.com/datasets/sergiosaharovskiy/uscoins,CC0: Public Domain
img_002750,USA,Nickel,Jefferson Nickel,,,Obverse,"coins/Jefferson Nickels, 1938-Date/Jefferson Nickel 86528_68 Obverse.jpg",https://www.kaggle.com/datasets/sergiosaharovskiy/uscoins,CC0: Public Domain
img_002751,USA,Nickel,Jefferson Nickel,,,Reverse,"coins/Jefferson Nickels, 1938-Date/Jefferson Nickel 26382_188 Reverse.jpg",https://www.kaggle.com/datasets/sergiosaharovskiy/uscoins,CC0: Public Domain
img_002752,USA,Nickel,Jefferson Nickel,,,Obverse,"coins/Jefferson Nickels, 1938-Date/Jefferson Nickel 26382_85 Obverse.jpg",https://www.kaggle.com/datasets/sergiosaharovskiy/uscoins,CC0: Public Domain
img_002753,USA,Nickel,Jefferson Nickel,,,Obverse,"coins/Jefferson Nickels, 1938-Date/Jefferson Nickel 90905_10 Obverse.jpg",https://www.kaggle.com/datasets/sergiosaharovskiy/uscoins,CC0: Public Domain
img_002754,USA,Nickel,Jefferson Nickel,,,Reverse,"coins/Jefferson Nickels, 1938-Date/Jefferson Nickel 26382_258 Reverse.jpg",https://www.kaggle.com/datasets/sergiosaharovskiy/uscoins,CC0: Public Domain
img_002755,USA,Nickel,Jefferson Nickel,,,Obverse,"coins/Jefferson Nickels, 1938-Date/Jefferson Nickel 26382_204 Obverse.jpg",https://www.kaggle.com/datasets/sergiosaharovskiy/uscoins,CC0: Public Domain
img_002756,USA,Nickel,Jefferson Nickel,,,Reverse,"coins/Jefferson Nickels, 1938-Date/Jefferson Nickel 177303_161 Reverse.jpg",https://www.kaggle.com/datasets/sergiosaharovskiy/uscoins,CC0: Public Domain
img_002757,USA,Nickel,Jefferson Nickel,,,Reverse,"coins/Jefferson Nickels, 1938-Date/Jefferson Nickel 26382_180 Reverse.jpg",https://www.kaggle.com/datasets/sergiosaharovskiy/uscoins,CC0: Public Domain
img_002758,USA,Nickel,Jefferson Nickel,,,Reverse,"coins/Jefferson Nickels, 1938-Date/Jefferson Nickel 86528_133 Reverse.jpg",https://www.kaggle.com/datasets/sergiosaharovskiy/uscoins,CC0: Public Domain
img_002759,USA,Nickel,Jefferson Nickel,,,Reverse,"coins/Jefferson Nickels, 1938-Date/Jefferson Nickel 86528_155 Reverse.jpg",https://www.kaggle.com/datasets/sergiosaharovskiy/uscoins,CC0: Public Domain
img_002760,USA,Nickel,Jefferson Nickel,,,Obverse,"coins/Jefferson Nickels, 1938-Date/Jefferson Nickel 86528_123 Obverse.jpg",https://www.kaggle.com/datasets/sergiosaharovskiy/uscoins,CC0: Public Domain
img_002761,USA,Nickel,Jefferson Nickel,,,Reverse,"coins/Jefferson Nickels, 1938-Date/Jefferson Nickel 26382_101 Reverse.jpg",https://www.kaggle.com/datasets/sergiosaharovskiy/uscoins,CC0: Public Domain
img_002762,USA,Nickel,Jefferson Nickel,,,Reverse,"coins/Jefferson Nickels, 1938-Date/Jefferson Nickel 177303_188 Reverse.jpg",https://www.kaggle.com/datasets/sergiosaharovskiy/uscoins,CC0: Public Domain
img_002763,USA,Nickel,Jefferson Nickel,,,Reverse,"coins/Jefferson Nickels, 1938-Date/Jefferson Nickel 90905_56 Reverse.jpg",https://www.kaggle.com/datasets/sergiosaharovskiy/uscoins,CC0: Public Domain
img_002764,USA,Nickel,Jefferson Nickel,,,Reverse,"coins/Jefferson Nickels, 1938-Date/Jefferson Nickel 30916_154 Reverse.jpg",https://www.kaggle.com/datasets/sergiosaharovskiy/uscoins,CC0: Public Domain
img_002765,USA,Nickel,Jefferson Nickel,,,Reverse,"coins/Jefferson Nickels, 1938-Date/Jefferson Nickel 26505_184 Reverse.jpg",https://www.kaggle.com/datasets/sergiosaharovskiy/uscoins,CC0: Public Domain
img_002766,USA,Nickel,Jefferson Nickel,,,Reverse,"coins/Jefferson Nickels, 1938-Date/Jefferson Nickel 26324_107 Reverse.jpg",https://www.kaggle.com/datasets/sergiosaharovskiy/uscoins,CC0: Public Domain
img_002767,USA,Nickel,Jefferson Nickel,,,Obverse,"coins/Jefferson Nickels, 1938-Date/Jefferson Nickel 177303_93 Obverse.jpg",https://www.kaggle.com/datasets/sergiosaharovskiy/uscoins,CC0: Public Domain
img_002768,USA,Nickel,Jefferson Nickel,,,Reverse,"coins/Jefferson Nickels, 1938-Date/Jefferson Nickel 90905_154 Reverse.jpg",https://www.kaggle.com/datasets/sergiosaharovskiy/uscoins,CC0: Public Domain
img_002769,USA,Nickel,Jefferson Nickel,,,Reverse,"coins/Jefferson Nickels, 1938-Date/Jefferson Nickel 86528_30 Reverse.jpg",https://www.kaggle.com/datasets/sergiosaharovskiy/uscoins,CC0: Public Domain
img_002770,USA,Nickel,Jefferson Nickel,,,Obverse,"coins/Jefferson Nickels, 1938-Date/Jefferson Nickel 177303_131 Obverse.jpg",https://www.kaggle.com/datasets/sergiosaharovskiy/uscoins,CC0: Public Domain
img_002771,USA,Nickel,Jefferson Nickel,,,Reverse,"coins/Jefferson Nickels, 1938-Date/Jefferson Nickel 26382_60 Reverse.jpg",https://www.kaggle.com/datasets/sergiosaharovskiy/uscoins,CC0: Public Domain
img_002772,USA,Nickel,Jefferson Nickel,,,Obverse,"coins/Jefferson Nickels, 1938-Date/Jefferson Nickel 26324_100 Obverse.jpg",https://www.kaggle.com/datasets/sergiosaharovskiy/uscoins,CC0: Public Domain
img_002773,USA,Nickel,Jefferson Nickel,,,Obverse,"coins/Jefferson Nickels, 1938-Date/Jefferson Nickel 177303_124 Obverse.jpg",https://www.kaggle.com/datasets/sergiosaharovskiy/uscoins,CC0: Public Domain
img_002774,USA,Nickel,Jefferson Nickel,,,Reverse,"coins/Jefferson Nickels, 1938-Date/Jefferson Nickel 90905_50 Reverse.jpg",https://www.kaggle.com/datasets/sergiosaharovskiy/uscoins,CC0: Public Domain
img_002775,USA,Nickel,Jefferson Nickel,,,Obverse,"coins/Jefferson Nickels, 1938-Date/Jefferson Nickel 26382_10 Obverse.jpg",https://www.kaggle.com/datasets/sergiosaharovskiy/uscoins,CC0: Public Domain
img_002776,USA,Nickel,Jefferson Nickel,,,Reverse,"coins/Jefferson Nickels, 1938-Date/Jefferson Nickel 26382_147 Reverse.jpg",https://www.kaggle.com/datasets/sergiosaharovskiy/uscoins,CC0: Public Domain
img_002777,USA,Nickel,Jefferson Nickel,,,Reverse,"coins/Jefferson Nickels, 1938-Date/Jefferson Nickel 30916_166 Reverse.jpg",https://www.kaggle.com/datasets/sergiosaharovskiy/uscoins,CC0: Public Domain
img_002778,USA,Nickel,Jefferson Nickel,,,Reverse,"coins/Jefferson Nickels, 1938-Date/Jefferson Nickel 26382_82 Reverse.jpg",https://www.kaggle.com/datasets/sergiosaharovskiy/uscoins,CC0: Public Domain
img_002779,USA,Nickel,Jefferson Nickel,,,Obverse,"coins/Jefferson Nickels, 1938-Date/Jefferson Nickel 177303_85 Obverse.jpg",https://www.kaggle.com/datasets/sergiosaharovskiy/uscoins,CC0: Public Domain
img_002780,USA,Nickel,Jefferson Nickel,,,Obverse,"coins/Jefferson Nickels, 1938-Date/Jefferson Nickel 90905_138 Obverse.jpg",https://www.kaggle.com/datasets/sergiosaharovskiy/uscoins,CC0: Public Domain
img_002781,USA,Nickel,Jefferson Nickel,,,Reverse,"coins/Jefferson Nickels, 1938-Date/Jefferson Nickel 90905_104 Reverse.jpg",https://www.kaggle.com/datasets/sergiosaharovskiy/uscoins,CC0: Public Domain
img_002782,USA,Nickel,Jefferson Nickel,,,Obverse,"coins/Jefferson Nickels, 1938-Date/Jefferson Nickel 86528_48 Obverse.jpg",https://www.kaggle.com/datasets/sergiosaharovskiy/uscoins,CC0: Public Domain
img_002783,USA,Nickel,Jefferson Nickel,,,Obverse,"coins/Jefferson Nickels, 1938-Date/Jefferson Nickel 26382_57 Obverse.jpg",https://www.kaggle.com/datasets/sergiosaharovskiy/uscoins,CC0: Public Domain
img_002784,USA,Nickel,Jefferson Nickel,,,Obverse,"coins/Jefferson Nickels, 1938-Date/Jefferson Nickel 177303_31 Obverse.jpg",https://www.kaggle.com/datasets/sergiosaharovskiy/uscoins,CC0: Public Domain
img_002785,USA,Nickel,Jefferson Nickel,,,Reverse,"coins/Jefferson Nickels, 1938-Date/Jefferson Nickel 177303_145 Reverse.jpg",https://www.kaggle.com/datasets/sergiosaharovskiy/uscoins,CC0: Public Domain
img_002786,USA,Nickel,Jefferson Nickel,,,Reverse,"coins/Jefferson Nickels, 1938-Date/Jefferson Nickel 177303_149 Reverse.jpg",https://www.kaggle.com/datasets/sergiosaharovskiy/uscoins,CC0: Public Domain
img_002787,USA,Nickel,Jefferson Nickel,,,Reverse,"coins/Jefferson Nickels, 1938-Date/Jefferson Nickel 90905_250 Reverse.jpg",https://www.kaggle.com/datasets/sergiosaharovskiy/uscoins,CC0: Public Domain
img_002788,USA,Nickel,Jefferson Nickel,,,Reverse,"coins/Jefferson Nickels, 1938-Date/Jefferson Nickel 26382_103 Reverse.jpg",https://www.kaggle.com/datasets/sergiosaharovskiy/uscoins,CC0: Public Domain
img_002789,USA,Nickel,Jefferson Nickel,,,Reverse,"coins/Jefferson Nickels, 1938-Date/Jefferson Nickel 177303_37 Reverse.jpg",https://www.kaggle.com/datasets/sergiosaharovskiy/uscoins,CC0: Public Domain
img_002790,USA,Nickel,Jefferson Nickel,,,Reverse,"coins/Jefferson Nickels, 1938-Date/Jefferson Nickel 26324_26 Reverse.jpg",https://www.kaggle.com/datasets/sergiosaharovskiy/uscoins,CC0: Public Domain
img_002791,USA,Nickel,Jefferson Nickel,,,Reverse,"coins/Jefferson Nickels, 1938-Date/Jefferson Nickel 177303_79 Reverse.jpg",https://www.kaggle.com/datasets/sergiosaharovskiy/uscoins,CC0: Public Domain
img_002792,USA,Nickel,Jefferson Nickel,,,Reverse,"coins/Jefferson Nickels, 1938-Date/Jefferson Nickel 26324_28 Reverse.jpg",https://www.kaggle.com/datasets/sergiosaharovskiy/uscoins,CC0: Public Domain
img_002793,USA,Nickel,Jefferson Nickel,,,Obverse,"coins/Jefferson Nickels, 1938-Date/Jefferson Nickel 26324_69 Obverse.jpg",https://www.kaggle.com/datasets/sergiosaharovskiy/uscoins,CC0: Public Domain
img_002794,USA,Nickel,Jefferson Nickel,,,Reverse,"coins/Jefferson Nickels, 1938-Date/Jefferson Nickel 212555_139 Reverse.jpg",https://www.kaggle.com/datasets/sergiosaharovskiy/uscoins,CC0: Public Domain
img_002795,USA,Nickel,Jefferson Nickel,,,Reverse,"coins/Jefferson Nickels, 1938-Date/Jefferson Nickel 26382_0 Reverse.jpg",https://www.kaggle.com/datasets/sergiosaharovskiy/uscoins,CC0: Public Domain
img_002796,USA,Nickel,Jefferson Nickel,,,Obverse,"coins/Jefferson Nickels, 1938-Date/Jefferson Nickel 26505_146 Obverse.jpg",https://www.kaggle.com/datasets/sergiosaharovskiy/uscoins,CC0: Public Domain
img_002797,USA,Nickel,Jefferson Nickel,,,Obverse,"coins/Jefferson Nickels, 1938-Date/Jefferson Nickel 86528_104 Obverse.jpg",https://www.kaggle.com/datasets/sergiosaharovskiy/uscoins,CC0: Public Domain
img_002798,USA,Nickel,Jefferson Nickel,,,Reverse,"coins/Jefferson Nickels, 1938-Date/Jefferson Nickel 26505_178 Reverse.jpg",https://www.kaggle.com/datasets/sergiosaharovskiy/uscoins,CC0: Public Domain
img_002799,USA,Nickel,Jefferson Nickel,,,Reverse,"coins/Jefferson Nickels, 1938-Date/Jefferson Nickel 90905_166 Reverse.jpg",https://www.kaggle.com/datasets/sergiosaharovskiy/uscoins,CC0: Public Domain
img_002800,USA,Nickel,Jefferson Nickel,,,Obverse,"coins/Jefferson Nickels, 1938-Date/Jefferson Nickel 26324_131 Obverse.jpg",https://www.kaggle.com/datasets/sergiosaharovskiy/uscoins,CC0: Public Domain
img_002801,USA,Nickel,Jefferson Nickel,,,Obverse,"coins/Jefferson Nickels, 1938-Date/Jefferson Nickel 26382_262 Obverse.jpg",https://www.kaggle.com/datasets/sergiosaharovskiy/uscoins,CC0: Public Domain
img_002802,USA,Nickel,Jefferson Nickel,,,Obverse,"coins/Jefferson Nickels, 1938-Date/Jefferson Nickel 177303_23 Obverse.jpg",https://www.kaggle.com/datasets/sergiosaharovskiy/uscoins,CC0: Public Domain
img_002803,USA,Nickel,Jefferson Nickel,,,Obverse,"coins/Jefferson Nickels, 1938-Date/Jefferson Nickel 90905_204 Obverse.jpg",https://www.kaggle.com/datasets/sergiosaharovskiy/uscoins,CC0: Public Domain
img_002804,USA,Nickel,Jefferson Nickel,,,Obverse,"coins/Jefferson Nickels, 1938-Date/Jefferson Nickel 86528_162 Obverse.jpg",https://www.kaggle.com/datasets/sergiosaharovskiy/uscoins,CC0: Public Domain
img_002805,USA,Nickel,Jefferson Nickel,,,Reverse,"coins/Jefferson Nickels, 1938-Date/Jefferson Nickel 90905_111 Reverse.jpg",https://www.kaggle.com/datasets/sergiosaharovskiy/uscoins,CC0: Public Domain
img_002806,USA,Nickel,Jefferson Nickel,,,Reverse,"coins/Jefferson Nickels, 1938-Date/Jefferson Nickel 26505_143 Reverse.jpg",https://www.kaggle.com/datasets/sergiosaharovskiy/uscoins,CC0: Public Domain
img_002807,USA,Nickel,Jefferson Nickel,,,Reverse,"coins/Jefferson Nickels, 1938-Date/Jefferson Nickel 26505_67 Reverse.jpg",https://www.kaggle.com/datasets/sergiosaharovskiy/uscoins,CC0: Public Domain
img_002808,USA,Nickel,Jefferson Nickel,,,Reverse,"coins/Jefferson Nickels, 1938-Date/Jefferson Nickel 26382_139 Reverse.jpg",https://www.kaggle.com/datasets/sergiosaharovskiy/uscoins,CC0: Public Domain
img_002809,USA,Nickel,Jefferson Nickel,,,Reverse,"coins/Jefferson Nickels, 1938-Date/Jefferson Nickel 86528_0 Reverse.jpg",https://www.kaggle.com/datasets/sergiosaharovskiy/uscoins,CC0: Public Domain
img_002810,USA,Nickel,Jefferson Nickel,,,Reverse,"coins/Jefferson Nickels, 1938-Date/Jefferson Nickel 177303_185 Reverse.jpg",https://www.kaggle.com/datasets/sergiosaharovskiy/uscoins,CC0: Public Domain
img_002811,USA,Nickel,Jefferson Nickel,,,Reverse,"coins/Jefferson Nickels, 1938-Date/Jefferson Nickel 177303_153 Reverse.jpg",https://www.kaggle.com/datasets/sergiosaharovskiy/uscoins,CC0: Public Domain
img_002812,USA,Nickel,Jefferson Nickel,,,Reverse,"coins/Jefferson Nickels, 1938-Date/Jefferson Nickel 90905_144 Reverse.jpg",https://www.kaggle.com/datasets/sergiosaharovskiy/uscoins,CC0: Public Domain
img_002813,USA,Nickel,Jefferson Nickel,,,Obverse,"coins/Jefferson Nickels, 1938-Date/Jefferson Nickel 86528_15 Obverse.jpg",https://www.kaggle.com/datasets/sergiosaharovskiy/uscoins,CC0: Public Domain
img_002814,USA,Nickel,Jefferson Nickel,,,Obverse,"coins/Jefferson Nickels, 1938-Date/Jefferson Nickel 26382_281 Obverse.jpg",https://www.kaggle.com/datasets/sergiosaharovskiy/uscoins,CC0: Public Domain
img_002815,USA,Nickel,Jefferson Nickel,,,Obverse,"coins/Jefferson Nickels, 1938-Date/Jefferson Nickel 177303_61 Obverse.jpg",https://www.kaggle.com/datasets/sergiosaharovskiy/uscoins,CC0: Public Domain
img_002816,USA,Nickel,Jefferson Nickel,,,Obverse,"coins/Jefferson Nickels, 1938-Date/Jefferson Nickel 26382_244 Obverse.jpg",https://www.kaggle.com/datasets/sergiosaharovskiy/uscoins,CC0: Public Domain
img_002817,USA,Nickel,Jefferson Nickel,,,Reverse,"coins/Jefferson Nickels, 1938-Date/Jefferson Nickel 26505_39 Reverse.jpg",https://www.kaggle.com/datasets/sergiosaharovskiy/uscoins,CC0: Public Domain
img_002818,USA,Nickel,Jefferson Nickel,,,Obverse,"coins/Jefferson Nickels, 1938-Date/Jefferson Nickel 26382_190 Obverse.jpg",https://www.kaggle.com/datasets/sergiosaharovskiy/uscoins,CC0: Public Domain
img_002819,USA,Nickel,Jefferson Nickel,,,Reverse,"coins/Jefferson Nickels, 1938-Date/Jefferson Nickel 86528_115 Reverse.jpg",https://www.kaggle.com/datasets/sergiosaharovskiy/uscoins,CC0: Public Domain
img_002820,USA,Nickel,Jefferson Nickel,,,Reverse,"coins/Jefferson Nickels, 1938-Date/Jefferson Nickel 90905_113 Reverse.jpg",https://www.kaggle.com/datasets/sergiosaharovskiy/uscoins,CC0: Public Domain
img_002821,USA,Nickel,Jefferson Nickel,,,Obverse,"coins/Jefferson Nickels, 1938-Date/Jefferson Nickel 177303_110 Obverse.jpg",https://www.kaggle.com/datasets/sergiosaharovskiy/uscoins,CC0: Public Domain
img_002822,USA,Nickel,Jefferson Nickel,,,Reverse,"coins/Jefferson Nickels, 1938-Date/Jefferson Nickel 26324_57 Reverse.jpg",https://www.kaggle.com/datasets/sergiosaharovskiy/uscoins,CC0: Public Domain
img_002823,USA,Nickel,Jefferson Nickel,,,Obverse,"coins/Jefferson Nickels, 1938-Date/Jefferson Nickel 26382_252 Obverse.jpg",https://www.kaggle.com/datasets/sergiosaharovskiy/uscoins,CC0: Public Domain
img_002824,USA,Nickel,Jefferson Nickel,,,Reverse,"coins/Jefferson Nickels, 1938-Date/Jefferson Nickel 26324_14 Reverse.jpg",https://www.kaggle.com/datasets/sergiosaharovskiy/uscoins,CC0: Public Domain
img_002825,USA,Nickel,Jefferson Nickel,,,Obverse,"coins/Jefferson Nickels, 1938-Date/Jefferson Nickel 90905_121 Obverse.jpg",https://www.kaggle.com/datasets/sergiosaharovskiy/uscoins,CC0: Public Domain
img_002826,USA,Nickel,Jefferson Nickel,,,Obverse,"coins/Jefferson Nickels, 1938-Date/Jefferson Nickel 86528_156 Obverse.jpg",https://www.kaggle.com/datasets/sergiosaharovskiy/uscoins,CC0: Public Domain
img_002827,USA,Nickel,Jefferson Nickel,,,Reverse,"coins/Jefferson Nickels, 1938-Date/Jefferson Nickel 86528_112 Reverse.jpg",https://www.kaggle.com/datasets/sergiosaharovskiy/uscoins,CC0: Public Domain
img_002828,USA,Nickel,Jefferson Nickel,,,Reverse,"coins/Jefferson Nickels, 1938-Date/Jefferson Nickel 26382_72 Reverse.jpg",https://www.kaggle.com/datasets/sergiosaharovskiy/uscoins,CC0: Public Domain
img_002829,USA,Nickel,Jefferson Nickel,,,Reverse,"coins/Jefferson Nickels, 1938-Date/Jefferson Nickel 90905_206 Reverse.jpg",https://www.kaggle.com/datasets/sergiosaharovskiy/uscoins,CC0: Public Domain
img_002830,USA,Nickel,Jefferson Nickel,,,Obverse,"coins/Jefferson Nickels, 1938-Date/Jefferson Nickel 177303_113 Obverse.jpg",https://www.kaggle.com/datasets/sergiosaharovskiy/uscoins,CC0: Public Domain
img_002831,USA,Nickel,Jefferson Nickel,,,Reverse,"coins/Jefferson Nickels, 1938-Date/Jefferson Nickel 26382_214 Reverse.jpg",https://www.kaggle.com/datasets/sergiosaharovskiy/uscoins,CC0: Public Domain
img_002832,USA,Nickel,Jefferson Nickel,,,Obverse,"coins/Jefferson Nickels, 1938-Date/Jefferson Nickel 90905_18 Obverse.jpg",https://www.kaggle.com/datasets/sergiosaharovskiy/uscoins,CC0: Public Domain
img_002833,USA,Nickel,Jefferson Nickel,,,Obverse,"coins/Jefferson Nickels, 1938-Date/Jefferson Nickel 86528_37 Obverse.jpg",https://www.kaggle.com/datasets/sergiosaharovskiy/uscoins,CC0: Public Domain
img_002834,USA,Nickel,Jefferson Nickel,,,Obverse,"coins/Jefferson Nickels, 1938-Date/Jefferson Nickel 26505_222 Obverse.jpg",https://www.kaggle.com/datasets/sergiosaharovskiy/uscoins,CC0: Public Domain
img_002835,USA,Nickel,Jefferson Nickel,,,Obverse,"coins/Jefferson Nickels, 1938-Date/Jefferson Nickel 177303_90 Obverse.jpg",https://www.kaggle.com/datasets/sergiosaharovskiy/uscoins,CC0: Public Domain
img_002836,USA,Nickel,Jefferson Nickel,,,Reverse,"coins/Jefferson Nickels, 1938-Date/Jefferson Nickel 90905_53 Reverse.jpg",https://www.kaggle.com/datasets/sergiosaharovskiy/uscoins,CC0: Public Domain
img_002837,USA,Nickel,Jefferson Nickel,,,Reverse,"coins/Jefferson Nickels, 1938-Date/Jefferson Nickel 177303_102 Reverse.jpg",https://www.kaggle.com/datasets/sergiosaharovskiy/uscoins,CC0: Public Domain
img_002838,USA,Nickel,Jefferson Nickel,,,Reverse,"coins/Jefferson Nickels, 1938-Date/Jefferson Nickel 177303_172 Reverse.jpg",https://www.kaggle.com/datasets/sergiosaharovskiy/uscoins,CC0: Public Domain
img_002839,USA,Nickel,Jefferson Nickel,,,Reverse,"coins/Jefferson Nickels, 1938-Date/Jefferson Nickel 90905_3 Reverse.jpg",https://www.kaggle.com/datasets/sergiosaharovskiy/uscoins,CC0: Public Domain
img_002840,USA,Nickel,Jefferson Nickel,,,Obverse,"coins/Jefferson Nickels, 1938-Date/Jefferson Nickel 86528_69 Obverse.jpg",https://www.kaggle.com/datasets/sergiosaharovskiy/uscoins,CC0: Public Domain
img_002841,USA,Nickel,Jefferson Nickel,,,Obverse,"coins/Jefferson Nickels, 1938-Date/Jefferson Nickel 177303_88 Obverse.jpg",https://www.kaggle.com/datasets/sergiosaharovskiy/uscoins,CC0: Public Domain
img_002842,USA,Nickel,Jefferson Nickel,,,Reverse,"coins/Jefferson Nickels, 1938-Date/Jefferson Nickel 26324_31 Reverse.jpg",https://www.kaggle.com/datasets/sergiosaharovskiy/uscoins,CC0: Public Domain
img_002843,USA,Nickel,Jefferson Nickel,,,Reverse,"coins/Jefferson Nickels, 1938-Date/Jefferson Nickel 177303_168 Reverse.jpg",https://www.kaggle.com/datasets/sergiosaharovskiy/uscoins,CC0: Public Domain
img_002844,USA,Nickel,Jefferson Nickel,,,Obverse,"coins/Jefferson Nickels, 1938-Date/Jefferson Nickel 26324_108 Obverse.jpg",https://www.kaggle.com/datasets/sergiosaharovskiy/uscoins,CC0: Public Domain
img_002845,USA,Nickel,Jefferson Nickel,,,Obverse,"coins/Jefferson Nickels, 1938-Date/Jefferson Nickel 90905_156 Obverse.jpg",https://www.kaggle.com/datasets/sergiosaharovskiy/uscoins,CC0: Public Domain
img_002846,USA,Nickel,Jefferson Nickel,,,Reverse,"coins/Jefferson Nickels, 1938-Date/Jefferson Nickel 90905_141 Reverse.jpg",https://www.kaggle.com/datasets/sergiosaharovskiy/uscoins,CC0: Public Domain
img_002847,USA,Nickel,Jefferson Nickel,,,Reverse,"coins/Jefferson Nickels, 1938-Date/Jefferson Nickel 26382_70 Reverse.jpg",https://www.kaggle.com/datasets/sergiosaharovskiy/uscoins,CC0: Public Domain
img_002848,USA,Nickel,Jefferson Nickel,,,Reverse,"coins/Jefferson Nickels, 1938-Date/Jefferson Nickel 177303_160 Reverse.jpg",https://www.kaggle.com/datasets/sergiosaharovskiy/uscoins,CC0: Public Domain
img_002849,USA,Nickel,Jefferson Nickel,,,Obverse,"coins/Jefferson Nickels, 1938-Date/Jefferson Nickel 177303_112 Obverse.jpg",https://www.kaggle.com/datasets/sergiosaharovskiy/uscoins,CC0: Public Domain
img_002850,USA,Nickel,Jefferson Nickel,,,Reverse,"coins/Jefferson Nickels, 1938-Date/Jefferson Nickel 90905_255 Reverse.jpg",https://www.kaggle.com/datasets/sergiosaharovskiy/uscoins,CC0: Public Domain
img_002851,USA,Nickel,Jefferson Nickel,,,Obverse,"coins/Jefferson Nickels, 1938-Date/Jefferson Nickel 86528_105 Obverse.jpg",https://www.kaggle.com/datasets/sergiosaharovskiy/uscoins,CC0: Public Domain
img_002852,USA,Nickel,Jefferson Nickel,,,Reverse,"coins/Jefferson Nickels, 1938-Date/Jefferson Nickel 26324_112 Reverse.jpg",https://www.kaggle.com/datasets/sergiosaharovskiy/uscoins,CC0: Public Domain
img_002853,USA,Nickel,Jefferson Nickel,,,Obverse,"coins/Jefferson Nickels, 1938-Date/Jefferson Nickel 90905_137 Obverse.jpg",https://www.kaggle.com/datasets/sergiosaharovskiy/uscoins,CC0: Public Domain
img_002854,USA,Nickel,Jefferson Nickel,,,Reverse,"coins/Jefferson Nickels, 1938-Date/Jefferson Nickel 86528_19 Reverse.jpg",https://www.kaggle.com/datasets/sergiosaharovskiy/uscoins,CC0: Public Domain
img_002855,USA,Nickel,Jefferson Nickel,,,Obverse,"coins/Jefferson Nickels, 1938-Date/Jefferson Nickel 26382_160 Obverse.jpg",https://www.kaggle.com/datasets/sergiosaharovskiy/uscoins,CC0: Public Domain
img_002856,USA,Nickel,Jefferson Nickel,,,Obverse,"coins/Jefferson Nickels, 1938-Date/Jefferson Nickel 177303_30 Obverse.jpg",https://www.kaggle.com/datasets/sergiosaharovskiy/uscoins,CC0: Public Domain
img_002857,USA,Nickel,Jefferson Nickel,,,Obverse,"coins/Jefferson Nickels, 1938-Date/Jefferson Nickel 26382_156 Obverse.jpg",https://www.kaggle.com/datasets/sergiosaharovskiy/uscoins,CC0: Public Domain
img_002858,USA,Nickel,Jefferson Nickel,,,Reverse,"coins/Jefferson Nickels, 1938-Date/Jefferson Nickel 30916_9 Reverse.jpg",https://www.kaggle.com/datasets/sergiosaharovskiy/uscoins,CC0: Public Domain
img_002859,USA,Nickel,Jefferson Nickel,,,Obverse,"coins/Jefferson Nickels, 1938-Date/Jefferson Nickel 26324_5 Obverse.jpg",https://www.kaggle.com/datasets/sergiosaharovskiy/uscoins,CC0: Public Domain
img_002860,USA,Nickel,Jefferson Nickel,,,Obverse,"coins/Jefferson Nickels, 1938-Date/Jefferson Nickel 177303_92 Obverse.jpg",https://www.kaggle.com/datasets/sergiosaharovskiy/uscoins,CC0: Public Domain
img_002861,USA,Nickel,Jefferson Nickel,,,Reverse,"coins/Jefferson Nickels, 1938-Date/Jefferson Nickel 86528_91 Reverse.jpg",https://www.kaggle.com/datasets/sergiosaharovskiy/uscoins,CC0: Public Domain
img_002862,USA,Nickel,Jefferson Nickel,,,Obverse,"coins/Jefferson Nickels, 1938-Date/Jefferson Nickel 26382_162 Obverse.jpg",https://www.kaggle.com/datasets/sergiosaharovskiy/uscoins,CC0: Public Domain
img_002863,USA,Nickel,Jefferson Nickel,,,Reverse,"coins/Jefferson Nickels, 1938-Date/Jefferson Nickel 86528_107 Reverse.jpg",https://www.kaggle.com/datasets/sergiosaharovskiy/uscoins,CC0: Public Domain
img_002864,USA,Nickel,Jefferson Nickel,,,Reverse,"coins/Jefferson Nickels, 1938-Date/Jefferson Nickel 86528_38 Reverse.jpg",https://www.kaggle.com/datasets/sergiosaharovskiy/uscoins,CC0: Public Domain
img_002865,USA,Nickel,Jefferson Nickel,,,Reverse,"coins/Jefferson Nickels, 1938-Date/Jefferson Nickel 90905_55 Reverse.jpg",https://www.kaggle.com/datasets/sergiosaharovskiy/uscoins,CC0: Public Domain
img_002866,USA,Nickel,Jefferson Nickel,,,Reverse,"coins/Jefferson Nickels, 1938-Date/Jefferson Nickel 26324_7 Reverse.jpg",https://www.kaggle.com/datasets/sergiosaharovskiy/uscoins,CC0: Public Domain
img_002867,USA,Nickel,Jefferson Nickel,,,Obverse,"coins/Jefferson Nickels, 1938-Date/Jefferson Nickel 26382_38 Obverse.jpg",https://www.kaggle.com/datasets/sergiosaharovskiy/uscoins,CC0: Public Domain
img_002868,USA,Nickel,Jefferson Nickel,,,Obverse,"coins/Jefferson Nickels, 1938-Date/Jefferson Nickel 177303_158 Obverse.jpg",https://www.kaggle.com/datasets/sergiosaharovskiy/uscoins,CC0: Public Domain
img_002869,USA,Nickel,Jefferson Nickel,,,Reverse,"coins/Jefferson Nickels, 1938-Date/Jefferson Nickel 177303_117 Reverse.jpg",https://www.kaggle.com/datasets/sergiosaharovskiy/uscoins,CC0: Public Domain
img_002870,USA,Nickel,Jefferson Nickel,,,Obverse,"coins/Jefferson Nickels, 1938-Date/Jefferson Nickel 177303_81 Obverse.jpg",https://www.kaggle.com/datasets/sergiosaharovskiy/uscoins,CC0: Public Domain
img_002871,USA,Nickel,Jefferson Nickel,,,Reverse,"coins/Jefferson Nickels, 1938-Date/Jefferson Nickel 26382_164 Reverse.jpg",https://www.kaggle.com/datasets/sergiosaharovskiy/uscoins,CC0: Public Domain
img_002872,USA,Nickel,Jefferson Nickel,,,Obverse,"coins/Jefferson Nickels, 1938-Date/Jefferson Nickel 26382_23 Obverse.jpg",https://www.kaggle.com/datasets/sergiosaharovskiy/uscoins,CC0: Public Domain
img_002873,USA,Nickel,Jefferson Nickel,,,Obverse,"coins/Jefferson Nickels, 1938-Date/Jefferson Nickel 86528_116 Obverse.jpg",https://www.kaggle.com/datasets/sergiosaharovskiy/uscoins,CC0: Public Domain
img_002874,USA,Nickel,Jefferson Nickel,,,Obverse,"coins/Jefferson Nickels, 1938-Date/Jefferson Nickel 90905_65 Obverse.jpg",https://www.kaggle.com/datasets/sergiosaharovskiy/uscoins,CC0: Public Domain
img_002875,USA,Nickel,Jefferson Nickel,,,Obverse,"coins/Jefferson Nickels, 1938-Date/Jefferson Nickel 90905_253 Obverse.jpg",https://www.kaggle.com/datasets/sergiosaharovskiy/uscoins,CC0: Public Domain
img_002876,USA,Nickel,Jefferson Nickel,,,Obverse,"coins/Jefferson Nickels, 1938-Date/Jefferson Nickel 90905_26 Obverse.jpg",https://www.kaggle.com/datasets/sergiosaharovskiy/uscoins,CC0: Public Domain
img_002877,USA,Nickel,Jefferson Nickel,,,Reverse,"coins/Jefferson Nickels, 1938-Date/Jefferson Nickel 26382_37 Reverse.jpg",https://www.kaggle.com/datasets/sergiosaharovskiy/uscoins,CC0: Public Domain
img_002878,USA,Nickel,Jefferson Nickel,,,Obverse,"coins/Jefferson Nickels, 1938-Date/Jefferson Nickel 26382_176 Obverse.jpg",https://www.kaggle.com/datasets/sergiosaharovskiy/uscoins,CC0: Public Domain
img_002879,USA,Nickel,Jefferson Nickel,,,Reverse,"coins/Jefferson Nickels, 1938-Date/Jefferson Nickel 26382_273 Reverse.jpg",https://www.kaggle.com/datasets/sergiosaharovskiy/uscoins,CC0: Public Domain
img_002880,USA,Nickel,Jefferson Nickel,,,Reverse,"coins/Jefferson Nickels, 1938-Date/Jefferson Nickel 26324_46 Reverse.jpg",https://www.kaggle.com/datasets/sergiosaharovskiy/uscoins,CC0: Public Domain
img_002881,USA,Nickel,Jefferson Nickel,,,Obverse,"coins/Jefferson Nickels, 1938-Date/Jefferson Nickel 177303_28 Obverse.jpg",https://www.kaggle.com/datasets/sergiosaharovskiy/uscoins,CC0: Public Domain
img_002882,USA,Nickel,Jefferson Nickel,,,Reverse,"coins/Jefferson Nickels, 1938-Date/Jefferson Nickel 26324_12 Reverse.jpg",https://www.kaggle.com/datasets/sergiosaharovskiy/uscoins,CC0: Public Domain
img_002883,USA,Nickel,Jefferson Nickel,,,Obverse,"coins/Jefferson Nickels, 1938-Date/Jefferson Nickel 90905_116 Obverse.jpg",https://www.kaggle.com/datasets/sergiosaharovskiy/uscoins,CC0: Public Domain
img_002884,USA,Nickel,Jefferson Nickel,,,Reverse,"coins/Jefferson Nickels, 1938-Date/Jefferson Nickel 26382_92 Reverse.jpg",https://www.kaggle.com/datasets/sergiosaharovskiy/uscoins,CC0: Public Domain
img_002885,USA,Nickel,Jefferson Nickel,,,Obverse,"coins/Jefferson Nickels, 1938-Date/Jefferson Nickel 86528_145 Obverse.jpg",https://www.kaggle.com/datasets/sergiosaharovskiy/uscoins,CC0: Public Domain
img_002886,USA,Nickel,Jefferson Nickel,,,Reverse,"coins/Jefferson Nickels, 1938-Date/Jefferson Nickel 177303_183 Reverse.jpg",https://www.kaggle.com/datasets/sergiosaharovskiy/uscoins,CC0: Public Domain
img_002887,USA,Nickel,Jefferson Nickel,,,Obverse,"coins/Jefferson Nickels, 1938-Date/Jefferson Nickel 90905_74 Obverse.jpg",https://www.kaggle.com/datasets/sergiosaharovskiy/uscoins,CC0: Public Domain
img_002888,USA,Nickel,Jefferson Nickel,,,Reverse,"coins/Jefferson Nickels, 1938-Date/Jefferson Nickel 86528_42 Reverse.jpg",https://www.kaggle.com/datasets/sergiosaharovskiy/uscoins,CC0: Public Domain
img_002889,USA,Nickel,Jefferson Nickel,,,Obverse,"coins/Jefferson Nickels, 1938-Date/Jefferson Nickel 26382_18 Obverse.jpg",https://www.kaggle.com/datasets/sergiosaharovskiy/uscoins,CC0: Public Domain
img_002890,USA,Nickel,Jefferson Nickel,,,Obverse,"coins/Jefferson Nickels, 1938-Date/Jefferson Nickel 26324_110 Obverse.jpg",https://www.kaggle.com/datasets/sergiosaharovskiy/uscoins,CC0: Public Domain
img_002891,USA,Nickel,Jefferson Nickel,,,Reverse,"coins/Jefferson Nickels, 1938-Date/Jefferson Nickel 26382_257 Reverse.jpg",https://www.kaggle.com/datasets/sergiosaharovskiy/uscoins,CC0: Public Domain
img_002892,USA,Nickel,Jefferson Nickel,,,Obverse,"coins/Jefferson Nickels, 1938-Date/Jefferson Nickel 177303_111 Obverse.jpg",https://www.kaggle.com/datasets/sergiosaharovskiy/uscoins,CC0: Public Domain
img_002893,USA,Nickel,Jefferson Nickel,,,Reverse,"coins/Jefferson Nickels, 1938-Date/Jefferson Nickel 26382_110 Reverse.jpg",https://www.kaggle.com/datasets/sergiosaharovskiy/uscoins,CC0: Public Domain
img_002894,USA,Nickel,Jefferson Nickel,,,Obverse,"coins/Jefferson Nickels, 1938-Date/Jefferson Nickel 86528_132 Obverse.jpg",https://www.kaggle.com/datasets/sergiosaharovskiy/uscoins,CC0: Public Domain
img_002895,USA,Nickel,Jefferson Nickel,,,Reverse,"coins/Jefferson Nickels, 1938-Date/Jefferson Nickel 90905_230 Reverse.jpg",https://www.kaggle.com/datasets/sergiosaharovskiy/uscoins,CC0: Public Domain
img_002896,USA,Nickel,Jefferson Nickel,,,Reverse,"coins/Jefferson Nickels, 1938-Date/Jefferson Nickel 26382_222 Reverse.jpg",https://www.kaggle.com/datasets/sergiosaharovskiy/uscoins,CC0: Public Domain
img_002897,USA,Nickel,Jefferson Nickel,,,Reverse,"coins/Jefferson Nickels, 1938-Date/Jefferson Nickel 26382_148 Reverse.jpg",https://www.kaggle.com/datasets/sergiosaharovskiy/uscoins,CC0: Public Domain
img_002898,USA,Nickel,Jefferson Nickel,,,Reverse,"coins/Jefferson Nickels, 1938-Date/Jefferson Nickel 30916_32 Reverse.jpg",https://www.kaggle.com/datasets/sergiosaharovskiy/uscoins,CC0: Public Domain
img_002899,USA,Nickel,Jefferson Nickel,,,Obverse,"coins/Jefferson Nickels, 1938-Date/Jefferson Nickel 86528_81 Obverse.jpg",https://www.kaggle.com/datasets/sergiosaharovskiy/uscoins,CC0: Public Domain
img_002900,USA,Nickel,Jefferson Nickel,,,Obverse,"coins/Jefferson Nickels, 1938-Date/Jefferson Nickel 90905_32 Obverse.jpg",https://www.kaggle.com/datasets/sergiosaharovskiy/uscoins,CC0: Public Domain
img_002901,USA,Nickel,Jefferson Nickel,,,Obverse,"coins/Jefferson Nickels, 1938-Date/Jefferson Nickel 177303_189 Obverse.jpg",https://www.kaggle.com/datasets/sergiosaharovskiy/uscoins,CC0: Public Domain
img_002902,USA,Nickel,Jefferson Nickel,,,Reverse,"coins/Jefferson Nickels, 1938-Date/Jefferson Nickel 26382_210 Reverse.jpg",https://www.kaggle.com/datasets/sergiosaharovskiy/uscoins,CC0: Public Domain
img_002903,USA,Nickel,Jefferson Nickel,,,Reverse,"coins/Jefferson Nickels, 1938-Date/Jefferson Nickel 26324_77 Reverse.jpg",https://www.kaggle.com/datasets/sergiosaharovskiy/uscoins,CC0: Public Domain
img_002904,USA,Nickel,Jefferson Nickel,,,Obverse,"coins/Jefferson Nickels, 1938-Date/Jefferson Nickel 86528_66 Obverse.jpg",https://www.kaggle.com/datasets/sergiosaharovskiy/uscoins,CC0: Public Domain
img_002905,USA,Nickel,Jefferson Nickel,,,Reverse,"coins/Jefferson Nickels, 1938-Date/Jefferson Nickel 90905_0 Reverse.jpg",https://www.kaggle.com/datasets/sergiosaharovskiy/uscoins,CC0: Public Domain
img_002906,USA,Nickel,Jefferson Nickel,,,Reverse,"coins/Jefferson Nickels, 1938-Date/Jefferson Nickel 26324_23 Reverse.jpg",https://www.kaggle.com/datasets/sergiosaharovskiy/uscoins,CC0: Public Domain
img_002907,USA,Nickel,Jefferson Nickel,,,Obverse,"coins/Jefferson Nickels, 1938-Date/Jefferson Nickel 26324_17 Obverse.jpg",https://www.kaggle.com/datasets/sergiosaharovskiy/uscoins,CC0: Public Domain
img_002908,USA,Nickel,Jefferson Nickel,,,Obverse,"coins/Jefferson Nickels, 1938-Date/Jefferson Nickel 90905_45 Obverse.jpg",https://www.kaggle.com/datasets/sergiosaharovskiy/uscoins,CC0: Public Domain
img_002909,USA,Nickel,Jefferson Nickel,,,Obverse,"coins/Jefferson Nickels, 1938-Date/Jefferson Nickel 26505_112 Obverse.jpg",https://www.kaggle.com/datasets/sergiosaharovskiy/uscoins,CC0: Public Domain
img_002910,USA,Nickel,Jefferson Nickel,,,Reverse,"coins/Jefferson Nickels, 1938-Date/Jefferson Nickel 30916_77 Reverse.jpg",https://www.kaggle.com/datasets/sergiosaharovskiy/uscoins,CC0: Public Domain
img_002911,USA,Nickel,Jefferson Nickel,,,Reverse,"coins/Jefferson Nickels, 1938-Date/Jefferson Nickel 26324_89 Reverse.jpg",https://www.kaggle.com/datasets/sergiosaharovskiy/uscoins,CC0: Public Domain
img_002912,USA,Nickel,Jefferson Nickel,,,Reverse,"coins/Jefferson Nickels, 1938-Date/Jefferson Nickel 26382_231 Reverse.jpg",https://www.kaggle.com/datasets/sergiosaharovskiy/uscoins,CC0: Public Domain
img_002913,USA,Nickel,Jefferson Nickel,,,Obverse,"coins/Jefferson Nickels, 1938-Date/Jefferson Nickel 90905_115 Obverse.jpg",https://www.kaggle.com/datasets/sergiosaharovskiy/uscoins,CC0: Public Domain
img_002914,USA,Nickel,Jefferson Nickel,,,Reverse,"coins/Jefferson Nickels, 1938-Date/Jefferson Nickel 26382_218 Reverse.jpg",https://www.kaggle.com/datasets/sergiosaharovskiy/uscoins,CC0: Public Domain
img_002915,USA,Nickel,Jefferson Nickel,,,Reverse,"coins/Jefferson Nickels, 1938-Date/Jefferson Nickel 86528_106 Reverse.jpg",https://www.kaggle.com/datasets/sergiosaharovskiy/uscoins,CC0: Public Domain
img_002916,USA,Nickel,Jefferson Nickel,,,Reverse,"coins/Jefferson Nickels, 1938-Date/Jefferson Nickel 90905_177 Reverse.jpg",https://www.kaggle.com/datasets/sergiosaharovskiy/uscoins,CC0: Public Domain
img_002917,USA,Nickel,Jefferson Nickel,,,Obverse,"coins/Jefferson Nickels, 1938-Date/Jefferson Nickel 86528_56 Obverse.jpg",https://www.kaggle.com/datasets/sergiosaharovskiy/uscoins,CC0: Public Domain
img_002918,USA,Nickel,Jefferson Nickel,,,Obverse,"coins/Jefferson Nickels, 1938-Date/Jefferson Nickel 90905_47 Obverse.jpg",https://www.kaggle.com/datasets/sergiosaharovskiy/uscoins,CC0: Public Domain
img_002919,USA,Nickel,Jefferson Nickel,,,Reverse,"coins/Jefferson Nickels, 1938-Date/Jefferson Nickel 90905_34 Reverse.jpg",https://www.kaggle.com/datasets/sergiosaharovskiy/uscoins,CC0: Public Domain
img_002920,USA,Nickel,Jefferson Nickel,,,Obverse,"coins/Jefferson Nickels, 1938-Date/Jefferson Nickel 26324_123 Obverse.jpg",https://www.kaggle.com/datasets/sergiosaharovskiy/uscoins,CC0: Public Domain
img_002921,USA,Nickel,Jefferson Nickel,,,Obverse,"coins/Jefferson Nickels, 1938-Date/Jefferson Nickel 26382_121 Obverse.jpg",https://www.kaggle.com/datasets/sergiosaharovskiy/uscoins,CC0: Public Domain
img_002922,USA,Nickel,Jefferson Nickel,,,Obverse,"coins/Jefferson Nickels, 1938-Date/Jefferson Nickel 177303_36 Obverse.jpg",https://www.kaggle.com/datasets/sergiosaharovskiy/uscoins,CC0: Public Domain
img_002923,USA,Nickel,Jefferson Nickel,,,Obverse,"coins/Jefferson Nickels, 1938-Date/Jefferson Nickel 26382_203 Obverse.jpg",https://www.kaggle.com/datasets/sergiosaharovskiy/uscoins,CC0: Public Domain
img_002924,USA,Nickel,Jefferson Nickel,,,Reverse,"coins/Jefferson Nickels, 1938-Date/Jefferson Nickel 86528_10 Reverse.jpg",https://www.kaggle.com/datasets/sergiosaharovskiy/uscoins,CC0: Public Domain
img_002925,USA,Nickel,Jefferson Nickel,,,Obverse,"coins/Jefferson Nickels, 1938-Date/Jefferson Nickel 90905_216 Obverse.jpg",https://www.kaggle.com/datasets/sergiosaharovskiy/uscoins,CC0: Public Domain
img_002926,USA,Nickel,Jefferson Nickel,,,Obverse,"coins/Jefferson Nickels, 1938-Date/Jefferson Nickel 86528_138 Obverse.jpg",https://www.kaggle.com/datasets/sergiosaharovskiy/uscoins,CC0: Public Domain
img_002927,USA,Nickel,Jefferson Nickel,,,Obverse,"coins/Jefferson Nickels, 1938-Date/Jefferson Nickel 177303_127 Obverse.jpg",https://www.kaggle.com/datasets/sergiosaharovskiy/uscoins,CC0: Public Domain
img_002928,USA,Nickel,Jefferson Nickel,,,Reverse,"coins/Jefferson Nickels, 1938-Date/Jefferson Nickel 26382_186 Reverse.jpg",https://www.kaggle.com/datasets/sergiosaharovskiy/uscoins,CC0: Public Domain
img_002929,USA,Nickel,Jefferson Nickel,,,Reverse,"coins/Jefferson Nickels, 1938-Date/Jefferson Nickel 86528_141 Reverse.jpg",https://www.kaggle.com/datasets/sergiosaharovskiy/uscoins,CC0: Public Domain
img_002930,USA,Nickel,Jefferson Nickel,,,Obverse,"coins/Jefferson Nickels, 1938-Date/Jefferson Nickel 26382_243 Obverse.jpg",https://www.kaggle.com/datasets/sergiosaharovskiy/uscoins,CC0: Public Domain
img_002931,USA,Nickel,Jefferson Nickel,,,Reverse,"coins/Jefferson Nickels, 1938-Date/Jefferson Nickel 26382_7 Reverse.jpg",https://www.kaggle.com/datasets/sergiosaharovskiy/uscoins,CC0: Public Domain
img_002932,USA,Nickel,Jefferson Nickel,,,Reverse,"coins/Jefferson Nickels, 1938-Date/Jefferson Nickel 90905_188 Reverse.jpg",https://www.kaggle.com/datasets/sergiosaharovskiy/uscoins,CC0: Public Domain
img_002933,USA,Nickel,Jefferson Nickel,,,Reverse,"coins/Jefferson Nickels, 1938-Date/Jefferson Nickel 26324_59 Reverse.jpg",https://www.kaggle.com/datasets/sergiosaharovskiy/uscoins,CC0: Public Domain
img_002934,USA,Nickel,Jefferson Nickel,,,Reverse,"coins/Jefferson Nickels, 1938-Date/Jefferson Nickel 26505_151 Reverse.jpg",https://www.kaggle.com/datasets/sergiosaharovskiy/uscoins,CC0: Public Domain
img_002935,USA,Nickel,Jefferson Nickel,,,Reverse,"coins/Jefferson Nickels, 1938-Date/Jefferson Nickel 26382_256 Reverse.jpg",https://www.kaggle.com/datasets/sergiosaharovskiy/uscoins,CC0: Public Domain
img_002936,USA,Nickel,Jefferson Nickel,,,Obverse,"coins/Jefferson Nickels, 1938-Date/Jefferson Nickel 26382_130 Obverse.jpg",https://www.kaggle.com/datasets/sergiosaharovskiy/uscoins,CC0: Public Domain
img_002937,USA,Nickel,Jefferson Nickel,,,Obverse,"coins/Jefferson Nickels, 1938-Date/Jefferson Nickel 26324_49 Obverse.jpg",https://www.kaggle.com/datasets/sergiosaharovskiy/uscoins,CC0: Public Domain
img_002938,USA,Nickel,Jefferson Nickel,,,Reverse,"coins/Jefferson Nickels, 1938-Date/Jefferson Nickel 86528_120 Reverse.jpg",https://www.kaggle.com/datasets/sergiosaharovskiy/uscoins,CC0: Public Domain
img_002939,USA,Nickel,Jefferson Nickel,,,Reverse,"coins/Jefferson Nickels, 1938-Date/Jefferson Nickel 26382_17 Reverse.jpg",https://www.kaggle.com/datasets/sergiosaharovskiy/uscoins,CC0: Public Domain
img_002940,USA,Nickel,Jefferson Nickel,,,Reverse,"coins/Jefferson Nickels, 1938-Date/Jefferson Nickel 90905_173 Reverse.jpg",https://www.kaggle.com/datasets/sergiosaharovskiy/uscoins,CC0: Public Domain
img_002941,USA,Nickel,Jefferson Nickel,,,Obverse,"coins/Jefferson Nickels, 1938-Date/Jefferson Nickel 90905_95 Obverse.jpg",https://www.kaggle.com/datasets/sergiosaharovskiy/uscoins,CC0: Public Domain
img_002942,USA,Nickel,Jefferson Nickel,,,Reverse,"coins/Jefferson Nickels, 1938-Date/Jefferson Nickel 177303_72 Reverse.jpg",https://www.kaggle.com/datasets/sergiosaharovskiy/uscoins,CC0: Public Domain
img_002943,USA,Nickel,Jefferson Nickel,,,Reverse,"coins/Jefferson Nickels, 1938-Date/Jefferson Nickel 26382_114 Reverse.jpg",https://www.kaggle.com/datasets/sergiosaharovskiy/uscoins,CC0: Public Domain
img_002944,USA,Nickel,Jefferson Nickel,,,Obverse,"coins/Jefferson Nickels, 1938-Date/Jefferson Nickel 90905_31 Obverse.jpg",https://www.kaggle.com/datasets/sergiosaharovskiy/uscoins,CC0: Public Domain
img_002945,USA,Nickel,Jefferson Nickel,,,Reverse,"coins/Jefferson Nickels, 1938-Date/Jefferson Nickel 177303_26 Reverse.jpg",https://www.kaggle.com/datasets/sergiosaharovskiy/uscoins,CC0: Public Domain
img_002946,USA,Nickel,Jefferson Nickel,,,Reverse,"coins/Jefferson Nickels, 1938-Date/Jefferson Nickel 26382_166 Reverse.jpg",https://www.kaggle.com/datasets/sergiosaharovskiy/uscoins,CC0: Public Domain
img_002947,USA,Nickel,Jefferson Nickel,,,Obverse,"coins/Jefferson Nickels, 1938-Date/Jefferson Nickel 177303_94 Obverse.jpg",https://www.kaggle.com/datasets/sergiosaharovskiy/uscoins,CC0: Public Domain
img_002948,USA,Nickel,Jefferson Nickel,,,Obverse,"coins/Jefferson Nickels, 1938-Date/Jefferson Nickel 90905_54 Obverse.jpg",https://www.kaggle.com/datasets/sergiosaharovskiy/uscoins,CC0: Public Domain
img_002949,USA,Nickel,Jefferson Nickel,,,Reverse,"coins/Jefferson Nickels, 1938-Date/Jefferson Nickel 26505_22 Reverse.jpg",https://www.kaggle.com/datasets/sergiosaharovskiy/uscoins,CC0: Public Domain
img_002950,USA,Nickel,Jefferson Nickel,,,Obverse,"coins/Jefferson Nickels, 1938-Date/Jefferson Nickel 26324_128 Obverse.jpg",https://www.kaggle.com/datasets/sergiosaharovskiy/uscoins,CC0: Public Domain
img_002951,USA,Nickel,Jefferson Nickel,,,Reverse,"coins/Jefferson Nickels, 1938-Date/Jefferson Nickel 26324_11 Reverse.jpg",https://www.kaggle.com/datasets/sergiosaharovskiy/uscoins,CC0: Public Domain
img_002952,USA,Nickel,Jefferson Nickel,,,Reverse,"coins/Jefferson Nickels, 1938-Date/Jefferson Nickel 177303_123 Reverse.jpg",https://www.kaggle.com/datasets/sergiosaharovskiy/uscoins,CC0: Public Domain
img_002953,USA,Nickel,Jefferson Nickel,,,Obverse,"coins/Jefferson Nickels, 1938-Date/Jefferson Nickel 90905_209 Obverse.jpg",https://www.kaggle.com/datasets/sergiosaharovskiy/uscoins,CC0: Public Domain
img_002954,USA,Nickel,Jefferson Nickel,,,Reverse,"coins/Jefferson Nickels, 1938-Date/Jefferson Nickel 26324_143 Reverse.jpg",https://www.kaggle.com/datasets/sergiosaharovskiy/uscoins,CC0: Public Domain
img_002955,USA,Nickel,Jefferson Nickel,,,Obverse,"coins/Jefferson Nickels, 1938-Date/Jefferson Nickel 86528_114 Obverse.jpg",https://www.kaggle.com/datasets/sergiosaharovskiy/uscoins,CC0: Public Domain
img_002956,USA,Nickel,Jefferson Nickel,,,Obverse,"coins/Jefferson Nickels, 1938-Date/Jefferson Nickel 26382_267 Obverse.jpg",https://www.kaggle.com/datasets/sergiosaharovskiy/uscoins,CC0: Public Domain
img_002957,USA,Nickel,Jefferson Nickel,,,Obverse,"coins/Jefferson Nickels, 1938-Date/Jefferson Nickel 86528_118 Obverse.jpg",https://www.kaggle.com/datasets/sergiosaharovskiy/uscoins,CC0: Public Domain
img_002958,USA,Nickel,Jefferson Nickel,,,Reverse,"coins/Jefferson Nickels, 1938-Date/Jefferson Nickel 26382_102 Reverse.jpg",https://www.kaggle.com/datasets/sergiosaharovskiy/uscoins,CC0: Public Domain
img_002959,USA,Nickel,Jefferson Nickel,,,Reverse,"coins/Jefferson Nickels, 1938-Date/Jefferson Nickel 90905_66 Reverse.jpg",https://www.kaggle.com/datasets/sergiosaharovskiy/uscoins,CC0: Public Domain
img_002960,USA,Nickel,Jefferson Nickel,,,Obverse,"coins/Jefferson Nickels, 1938-Date/Jefferson Nickel 177303_122 Obverse.jpg",https://www.kaggle.com/datasets/sergiosaharovskiy/uscoins,CC0: Public Domain
img_002961,USA,Nickel,Jefferson Nickel,,,Reverse,"coins/Jefferson Nickels, 1938-Date/Jefferson Nickel 30916_114 Reverse.jpg",https://www.kaggle.com/datasets/sergiosaharovskiy/uscoins,CC0: Public Domain
img_002962,USA,Nickel,Jefferson Nickel,,,Obverse,"coins/Jefferson Nickels, 1938-Date/Jefferson Nickel 86528_129 Obverse.jpg",https://www.kaggle.com/datasets/sergiosaharovskiy/uscoins,CC0: Public Domain
img_002963,USA,Nickel,Jefferson Nickel,,,Obverse,"coins/Jefferson Nickels, 1938-Date/Jefferson Nickel 26324_118 Obverse.jpg",https://www.kaggle.com/datasets/sergiosaharovskiy/uscoins,CC0: Public Domain
img_002964,USA,Nickel,Jefferson Nickel,,,Reverse,"coins/Jefferson Nickels, 1938-Date/Jefferson Nickel 26382_51 Reverse.jpg",https://www.kaggle.com/datasets/sergiosaharovskiy/uscoins,CC0: Public Domain
img_002965,USA,Nickel,Jefferson Nickel,,,Reverse,"coins/Jefferson Nickels, 1938-Date/Jefferson Nickel 26382_98 Reverse.jpg",https://www.kaggle.com/datasets/sergiosaharovskiy/uscoins,CC0: Public Domain
img_002966,USA,Nickel,Jefferson Nickel,,,Obverse,"coins/Jefferson Nickels, 1938-Date/Jefferson Nickel 177303_17 Obverse.jpg",https://www.kaggle.com/datasets/sergiosaharovskiy/uscoins,CC0: Public Domain
img_002967,USA,Nickel,Jefferson Nickel,,,Obverse,"coins/Jefferson Nickels, 1938-Date/Jefferson Nickel 26382_230 Obverse.jpg",https://www.kaggle.com/datasets/sergiosaharovskiy/uscoins,CC0: Public Domain
img_002968,USA,Nickel,Jefferson Nickel,,,Reverse,"coins/Jefferson Nickels, 1938-Date/Jefferson Nickel 30916_94 Reverse.jpg",https://www.kaggle.com/datasets/sergiosaharovskiy/uscoins,CC0: Public Domain
img_002969,USA,Nickel,Jefferson Nickel,,,Reverse,"coins/Jefferson Nickels, 1938-Date/Jefferson Nickel 30916_3 Reverse.jpg",https://www.kaggle.com/datasets/sergiosaharovskiy/uscoins,CC0: Public Domain
img_002970,USA,Nickel,Jefferson Nickel,,,Reverse,"coins/Jefferson Nickels, 1938-Date/Jefferson Nickel 177303_33 Reverse.jpg",https://www.kaggle.com/datasets/sergiosaharovskiy/uscoins,CC0: Public Domain
img_002971,USA,Nickel,Jefferson Nickel,,,Reverse,"coins/Jefferson Nickels, 1938-Date/Jefferson Nickel 177303_16 Reverse.jpg",https://www.kaggle.com/datasets/sergiosaharovskiy/uscoins,CC0: Public Domain
img_002972,USA,Nickel,Jefferson Nickel,,,Obverse,"coins/Jefferson Nickels, 1938-Date/Jefferson Nickel 26324_96 Obverse.jpg",https://www.kaggle.com/datasets/sergiosaharovskiy/uscoins,CC0: Public Domain
img_002973,USA,Nickel,Jefferson Nickel,,,Reverse,"coins/Jefferson Nickels, 1938-Date/Jefferson Nickel 177303_139 Reverse.jpg",https://www.kaggle.com/datasets/sergiosaharovskiy/uscoins,CC0: Public Domain
img_002974,USA,Nickel,Jefferson Nickel,,,Obverse,"coins/Jefferson Nickels, 1938-Date/Jefferson Nickel 90905_145 Obverse.jpg",https://www.kaggle.com/datasets/sergiosaharovskiy/uscoins,CC0: Public Domain
img_002975,USA,Nickel,Jefferson Nickel,,,Reverse,"coins/Jefferson Nickels, 1938-Date/Jefferson Nickel 30916_46 Reverse.jpg",https://www.kaggle.com/datasets/sergiosaharovskiy/uscoins,CC0: Public Domain
img_002976,USA,Nickel,Jefferson Nickel,,,Obverse,"coins/Jefferson Nickels, 1938-Date/Jefferson Nickel 26382_157 Obverse.jpg",https://www.kaggle.com/datasets/sergiosaharovskiy/uscoins,CC0: Public Domain
img_002977,USA,Nickel,Jefferson Nickel,,,Obverse,"coins/Jefferson Nickels, 1938-Date/Jefferson Nickel 177303_99 Obverse.jpg",https://www.kaggle.com/datasets/sergiosaharovskiy/uscoins,CC0: Public Domain
img_002978,USA,Nickel,Jefferson Nickel,,,Obverse,"coins/Jefferson Nickels, 1938-Date/Jefferson Nickel 26382_77 Obverse.jpg",https://www.kaggle.com/datasets/sergiosaharovskiy/uscoins,CC0: Public Domain
img_002979,USA,Nickel,Jefferson Nickel,,,Reverse,"coins/Jefferson Nickels, 1938-Date/Jefferson Nickel 26382_248 Reverse.jpg",https://www.kaggle.com/datasets/sergiosaharovskiy/uscoins,CC0: Public Domain
img_002980,USA,Nickel,Jefferson Nickel,,,Obverse,"coins/Jefferson Nickels, 1938-Date/Jefferson Nickel 90905_236 Obverse.jpg",https://www.kaggle.com/datasets/sergiosaharovskiy/uscoins,CC0: Public Domain
img_002981,USA,Nickel,Jefferson Nickel,,,Reverse,"coins/Jefferson Nickels, 1938-Date/Jefferson Nickel 26382_86 Reverse.jpg",https://www.kaggle.com/datasets/sergiosaharovskiy/uscoins,CC0: Public Domain
img_002982,USA,Nickel,Jefferson Nickel,,,Reverse,"coins/Jefferson Nickels, 1938-Date/Jefferson Nickel 26505_170 Reverse.jpg",https://www.kaggle.com/datasets/sergiosaharovskiy/uscoins,CC0: Public Domain
img_002983,USA,Nickel,Jefferson Nickel,,,Obverse,"coins/Jefferson Nickels, 1938-Date/Jefferson Nickel 90905_22 Obverse.jpg",https://www.kaggle.com/datasets/sergiosaharovskiy/uscoins,CC0: Public Domain
img_002984,USA,Nickel,Jefferson Nickel,,,Reverse,"coins/Jefferson Nickels, 1938-Date/Jefferson Nickel 26324_139 Reverse.jpg",https://www.kaggle.com/datasets/sergiosaharovskiy/uscoins,CC0: Public Domain
img_002985,USA,Nickel,Jefferson Nickel,,,Reverse,"coins/Jefferson Nickels, 1938-Date/Jefferson Nickel 26382_149 Reverse.jpg",https://www.kaggle.com/datasets/sergiosaharovskiy/uscoins,CC0: Public Domain
img_002986,USA,Nickel,Jefferson Nickel,,,Reverse,"coins/Jefferson Nickels, 1938-Date/Jefferson Nickel 90905_103 Reverse.jpg",https://www.kaggle.com/datasets/sergiosaharovskiy/uscoins,CC0: Public Domain
img_002987,USA,Nickel,Jefferson Nickel,,,Obverse,"coins/Jefferson Nickels, 1938-Date/Jefferson Nickel 90905_249 Obverse.jpg",https://www.kaggle.com/datasets/sergiosaharovskiy/uscoins,CC0: Public Domain
img_002988,USA,Nickel,Jefferson Nickel,,,Reverse,"coins/Jefferson Nickels, 1938-Date/Jefferson Nickel 177303_20 Reverse.jpg",https://www.kaggle.com/datasets/sergiosaharovskiy/uscoins,CC0: Public Domain
img_002989,USA,Nickel,Jefferson Nickel,,,Reverse,"coins/Jefferson Nickels, 1938-Date/Jefferson Nickel 26382_142 Reverse.jpg",https://www.kaggle.com/datasets/sergiosaharovskiy/uscoins,CC0: Public Domain
img_002990,USA,Nickel,Jefferson Nickel,,,Obverse,"coins/Jefferson Nickels, 1938-Date/Jefferson Nickel 26382_39 Obverse.jpg",https://www.kaggle.com/datasets/sergiosaharovskiy/uscoins,CC0: Public Domain
img_002991,USA,Nickel,Jefferson Nickel,,,Obverse,"coins/Jefferson Nickels, 1938-Date/Jefferson Nickel 26324_98 Obverse.jpg",https://www.kaggle.com/datasets/sergiosaharovskiy/uscoins,CC0: Public Domain
img_002992,USA,Nickel,Jefferson Nickel,,,Reverse,"coins/Jefferson Nickels, 1938-Date/Jefferson Nickel 90905_6 Reverse.jpg",https://www.kaggle.com/datasets/sergiosaharovskiy/uscoins,CC0: Public Domain
img_002993,USA,Nickel,Jefferson Nickel,,,Reverse,"coins/Jefferson Nickels, 1938-Date/Jefferson Nickel 30916_100 Reverse.jpg",https://www.kaggle.com/datasets/sergiosaharovskiy/uscoins,CC0: Public Domain
img_002994,USA,Nickel,Jefferson Nickel,,,Obverse,"coins/Jefferson Nickels, 1938-Date/Jefferson Nickel 90905_207 Obverse.jpg",https://www.kaggle.com/datasets/sergiosaharovskiy/uscoins,CC0: Public Domain
img_002995,USA,Nickel,Jefferson Nickel,,,Obverse,"coins/Jefferson Nickels, 1938-Date/Jefferson Nickel 26382_33 Obverse.jpg",https://www.kaggle.com/datasets/sergiosaharovskiy/uscoins,CC0: Public Domain
img_002996,USA,Nickel,Jefferson Nickel,,,Obverse,"coins/Jefferson Nickels, 1938-Date/Jefferson Nickel 26382_83 Obverse.jpg",https://www.kaggle.com/datasets/sergiosaharovskiy/uscoins,CC0: Public Domain
img_002997,USA,Nickel,Jefferson Nickel,,,Obverse,"coins/Jefferson Nickels, 1938-Date/Jefferson Nickel 90905_21 Obverse.jpg",https://www.kaggle.com/datasets/sergiosaharovskiy/uscoins,CC0: Public Domain
img_002998,USA,Nickel,Jefferson Nickel,,,Reverse,"coins/Jefferson Nickels, 1938-Date/Jefferson Nickel 90905_182 Reverse.jpg",https://www.kaggle.com/datasets/sergiosaharovskiy/uscoins,CC0: Public Domain
img_002999,USA,Nickel,Jefferson Nickel,,,Obverse,"coins/Jefferson Nickels, 1938-Date/Jefferson Nickel 26324_90 Obverse.jpg",https://www.kaggle.com/datasets/sergiosaharovskiy/uscoins,CC0: Public Domain
img_003000,USA,Nickel,Jefferson Nickel,,,Obverse,"coins/Jefferson Nickels, 1938-Date/Jefferson Nickel 86528_136 Obverse.jpg",https://www.kaggle.com/datasets/sergiosaharovskiy/uscoins,CC0: Public Domain
img_003001,USA,Nickel,Jefferson Nickel,,,Reverse,"coins/Jefferson Nickels, 1938-Date/Jefferson Nickel 90905_237 Reverse.jpg",https://www.kaggle.com/datasets/sergiosaharovskiy/uscoins,CC0: Public Domain
img_003002,USA,Nickel,Jefferson Nickel,,,Reverse,"coins/Jefferson Nickels, 1938-Date/Jefferson Nickel 90905_94 Reverse.jpg",https://www.kaggle.com/datasets/sergiosaharovskiy/uscoins,CC0: Public Domain
img_003003,USA,Nickel,Jefferson Nickel,,,Obverse,"coins/Jefferson Nickels, 1938-Date/Jefferson Nickel 90905_132 Obverse.jpg",https://www.kaggle.com/datasets/sergiosaharovskiy/uscoins,CC0: Public Domain
img_003004,USA,Nickel,Jefferson Nickel,,,Reverse,"coins/Jefferson Nickels, 1938-Date/Jefferson Nickel 26382_212 Reverse.jpg",https://www.kaggle.com/datasets/sergiosaharovskiy/uscoins,CC0: Public Domain
img_003005,USA,Nickel,Jefferson Nickel,,,Obverse,"coins/Jefferson Nickels, 1938-Date/Jefferson Nickel 177303_187 Obverse.jpg",https://www.kaggle.com/datasets/sergiosaharovskiy/uscoins,CC0: Public Domain
img_003006,USA,Nickel,Jefferson Nickel,,,Reverse,"coins/Jefferson Nickels, 1938-Date/Jefferson Nickel 26382_141 Reverse.jpg",https://www.kaggle.com/datasets/sergiosaharovskiy/uscoins,CC0: Public Domain
img_003007,USA,Nickel,Jefferson Nickel,,,Reverse,"coins/Jefferson Nickels, 1938-Date/Jefferson Nickel 90905_119 Reverse.jpg",https://www.kaggle.com/datasets/sergiosaharovskiy/uscoins,CC0: Public Domain
img_003008,USA,Nickel,Jefferson Nickel,,,Obverse,"coins/Jefferson Nickels, 1938-Date/Jefferson Nickel 26324_73 Obverse.jpg",https://www.kaggle.com/datasets/sergiosaharovskiy/uscoins,CC0: Public Domain
img_003009,USA,Nickel,Jefferson Nickel,,,Obverse,"coins/Jefferson Nickels, 1938-Date/Jefferson Nickel 26382_208 Obverse.jpg",https://www.kaggle.com/datasets/sergiosaharovskiy/uscoins,CC0: Public Domain
img_003010,USA,Nickel,Jefferson Nickel,,,Reverse,"coins/Jefferson Nickels, 1938-Date/Jefferson Nickel 86528_59 Reverse.jpg",https://www.kaggle.com/datasets/sergiosaharovskiy/uscoins,CC0: Public Domain
img_003011,USA,Nickel,Jefferson Nickel,,,Reverse,"coins/Jefferson Nickels, 1938-Date/Jefferson Nickel 86528_160 Reverse.jpg",https://www.kaggle.com/datasets/sergiosaharovskiy/uscoins,CC0: Public Domain
img_003012,USA,Nickel,Jefferson Nickel,,,Obverse,"coins/Jefferson Nickels, 1938-Date/Jefferson Nickel 26324_91 Obverse.jpg",https://www.kaggle.com/datasets/sergiosaharovskiy/uscoins,CC0: Public Domain
img_003013,USA,Nickel,Jefferson Nickel,,,Reverse,"coins/Jefferson Nickels, 1938-Date/Jefferson Nickel 26382_54 Reverse.jpg",https://www.kaggle.com/datasets/sergiosaharovskiy/uscoins,CC0: Public Domain
img_003014,USA,Nickel,Jefferson Nickel,,,Reverse,"coins/Jefferson Nickels, 1938-Date/Jefferson Nickel 177303_70 Reverse.jpg",https://www.kaggle.com/datasets/sergiosaharovskiy/uscoins,CC0: Public Domain
img_003015,USA,Nickel,Jefferson Nickel,,,Reverse,"coins/Jefferson Nickels, 1938-Date/Jefferson Nickel 26382_225 Reverse.jpg",https://www.kaggle.com/datasets/sergiosaharovskiy/uscoins,CC0: Public Domain
img_003016,USA,Nickel,Jefferson Nickel,,,Reverse,"coins/Jefferson Nickels, 1938-Date/Jefferson Nickel 90905_38 Reverse.jpg",https://www.kaggle.com/datasets/sergiosaharovskiy/uscoins,CC0: Public Domain
img_003017,USA,Nickel,Jefferson Nickel,,,Reverse,"coins/Jefferson Nickels, 1938-Date/Jefferson Nickel 86528_108 Reverse.jpg",https://www.kaggle.com/datasets/sergiosaharovskiy/uscoins,CC0: Public Domain
img_003018,USA,Nickel,Jefferson Nickel,,,Obverse,"coins/Jefferson Nickels, 1938-Date/Jefferson Nickel 90905_39 Obverse.jpg",https://www.kaggle.com/datasets/sergiosaharovskiy/uscoins,CC0: Public Domain
img_003019,USA,Nickel,Jefferson Nickel,,,Obverse,"coins/Jefferson Nickels, 1938-Date/Jefferson Nickel 90905_89 Obverse.jpg",https://www.kaggle.com/datasets/sergiosaharovskiy/uscoins,CC0: Public Domain
img_003020,USA,Nickel,Jefferson Nickel,,,Reverse,"coins/Jefferson Nickels, 1938-Date/Jefferson Nickel 90905_184 Reverse.jpg",https://www.kaggle.com/datasets/sergiosaharovskiy/uscoins,CC0: Public Domain
img_003021,USA,Nickel,Jefferson Nickel,,,Reverse,"coins/Jefferson Nickels, 1938-Date/Jefferson Nickel 90905_7 Reverse.jpg",https://www.kaggle.com/datasets/sergiosaharovskiy/uscoins,CC0: Public Domain
img_003022,USA,Nickel,Jefferson Nickel,,,Obverse,"coins/Jefferson Nickels, 1938-Date/Jefferson Nickel 86528_82 Obverse.jpg",https://www.kaggle.com/datasets/sergiosaharovskiy/uscoins,CC0: Public Domain
img_003023,USA,Nickel,Jefferson Nickel,,,Obverse,"coins/Jefferson Nickels, 1938-Date/Jefferson Nickel 26324_126 Obverse.jpg",https://www.kaggle.com/datasets/sergiosaharovskiy/uscoins,CC0: Public Domain
img_003024,USA,Nickel,Jefferson Nickel,,,Reverse,"coins/Jefferson Nickels, 1938-Date/Jefferson Nickel 86528_16 Reverse.jpg",https://www.kaggle.com/datasets/sergiosaharovskiy/uscoins,CC0: Public Domain
img_003025,USA,Nickel,Jefferson Nickel,,,Reverse,"coins/Jefferson Nickels, 1938-Date/Jefferson Nickel 90905_139 Reverse.jpg",https://www.kaggle.com/datasets/sergiosaharovskiy/uscoins,CC0: Public Domain
img_003026,USA,Nickel,Jefferson Nickel,,,Obverse,"coins/Jefferson Nickels, 1938-Date/Jefferson Nickel 26382_12 Obverse.jpg",https://www.kaggle.com/datasets/sergiosaharovskiy/uscoins,CC0: Public Domain
img_003027,USA,Nickel,Jefferson Nickel,,,Reverse,"coins/Jefferson Nickels, 1938-Date/Jefferson Nickel 90905_42 Reverse.jpg",https://www.kaggle.com/datasets/sergiosaharovskiy/uscoins,CC0: Public Domain
img_003028,USA,Nickel,Jefferson Nickel,,,Reverse,"coins/Jefferson Nickels, 1938-Date/Jefferson Nickel 26505_118 Reverse.jpg",https://www.kaggle.com/datasets/sergiosaharovskiy/uscoins,CC0: Public Domain
img_003029,USA,Nickel,Jefferson Nickel,,,Obverse,"coins/Jefferson Nickels, 1938-Date/Jefferson Nickel 90905_29 Obverse.jpg",https://www.kaggle.com/datasets/sergiosaharovskiy/uscoins,CC0: Public Domain
img_003030,USA,Nickel,Jefferson Nickel,,,Reverse,"coins/Jefferson Nickels, 1938-Date/Jefferson Nickel 26382_185 Reverse.jpg",https://www.kaggle.com/datasets/sergiosaharovskiy/uscoins,CC0: Public Domain
img_003031,USA,Nickel,Jefferson Nickel,,,Obverse,"coins/Jefferson Nickels, 1938-Date/Jefferson Nickel 86528_70 Obverse.jpg",https://www.kaggle.com/datasets/sergiosaharovskiy/uscoins,CC0: Public Domain
img_003032,USA,Nickel,Jefferson Nickel,,,Reverse,"coins/Jefferson Nickels, 1938-Date/Jefferson Nickel 212555_128 Reverse.jpg",https://www.kaggle.com/datasets/sergiosaharovskiy/uscoins,CC0: Public Domain
img_003033,USA,Nickel,Jefferson Nickel,,,Obverse,"coins/Jefferson Nickels, 1938-Date/Jefferson Nickel 86528_89 Obverse.jpg",https://www.kaggle.com/datasets/sergiosaharovskiy/uscoins,CC0: Public Domain
img_003034,USA,Nickel,Jefferson Nickel,,,Reverse,"coins/Jefferson Nickels, 1938-Date/Jefferson Nickel 177303_46 Reverse.jpg",https://www.kaggle.com/datasets/sergiosaharovskiy/uscoins,CC0: Public Domain
img_003035,USA,Nickel,Jefferson Nickel,,,Obverse,"coins/Jefferson Nickels, 1938-Date/Jefferson Nickel 26382_153 Obverse.jpg",https://www.kaggle.com/datasets/sergiosaharovskiy/uscoins,CC0: Public Domain
img_003036,USA,Nickel,Jefferson Nickel,,,Obverse,"coins/Jefferson Nickels, 1938-Date/Jefferson Nickel 90905_100 Obverse.jpg",https://www.kaggle.com/datasets/sergiosaharovskiy/uscoins,CC0: Public Domain
img_003037,USA,Nickel,Jefferson Nickel,,,Reverse,"coins/Jefferson Nickels, 1938-Date/Jefferson Nickel 26324_33 Reverse.jpg",https://www.kaggle.com/datasets/sergiosaharovskiy/uscoins,CC0: Public Domain
img_003038,USA,Nickel,Jefferson Nickel,,,Obverse,"coins/Jefferson Nickels, 1938-Date/Jefferson Nickel 86528_124 Obverse.jpg",https://www.kaggle.com/datasets/sergiosaharovskiy/uscoins,CC0: Public Domain
img_003039,USA,Nickel,Jefferson Nickel,,,Reverse,"coins/Jefferson Nickels, 1938-Date/Jefferson Nickel 26505_6 Reverse.jpg",https://www.kaggle.com/datasets/sergiosaharovskiy/uscoins,CC0: Public Domain
img_003040,USA,Nickel,Jefferson Nickel,,,Reverse,"coins/Jefferson Nickels, 1938-Date/Jefferson Nickel 212555_103 Reverse.jpg",https://www.kaggle.com/datasets/sergiosaharovskiy/uscoins,CC0: Public Domain
img_003041,USA,Nickel,Jefferson Nickel,,,Reverse,"coins/Jefferson Nickels, 1938-Date/Jefferson Nickel 177303_48 Reverse.jpg",https://www.kaggle.com/datasets/sergiosaharovskiy/uscoins,CC0: Public Domain
img_003042,USA,Nickel,Jefferson Nickel,,,Reverse,"coins/Jefferson Nickels, 1938-Date/Jefferson Nickel 30916_106 Reverse.jpg",https://www.kaggle.com/datasets/sergiosaharovskiy/uscoins,CC0: Public Domain
img_003043,USA,Nickel,Jefferson Nickel,,,Obverse,"coins/Jefferson Nickels, 1938-Date/Jefferson Nickel 90905_20 Obverse.jpg",https://www.kaggle.com/datasets/sergiosaharovskiy/uscoins,CC0: Public Domain
img_003044,USA,Nickel,Jefferson Nickel,,,Reverse,"coins/Jefferson Nickels, 1938-Date/Jefferson Nickel 90905_72 Reverse.jpg",https://www.kaggle.com/datasets/sergiosaharovskiy/uscoins,CC0: Public Domain
img_003045,USA,Nickel,Jefferson Nickel,,,Reverse,"coins/Jefferson Nickels, 1938-Date/Jefferson Nickel 30916_22 Reverse.jpg",https://www.kaggle.com/datasets/sergiosaharovskiy/uscoins,CC0: Public Domain
img_003046,USA,Nickel,Jefferson Nickel,,,Reverse,"coins/Jefferson Nickels, 1938-Date/Jefferson Nickel 177303_137 Reverse.jpg",https://www.kaggle.com/datasets/sergiosaharovskiy/uscoins,CC0: Public Domain
img_003047,USA,Nickel,Jefferson Nickel,,,Reverse,"coins/Jefferson Nickels, 1938-Date/Jefferson Nickel 26382_99 Reverse.jpg",https://www.kaggle.com/datasets/sergiosaharovskiy/uscoins,CC0: Public Domain
img_003048,USA,Nickel,Jefferson Nickel,,,Obverse,"coins/Jefferson Nickels, 1938-Date/Jefferson Nickel 26324_140 Obverse.jpg",https://www.kaggle.com/datasets/sergiosaharovskiy/uscoins,CC0: Public Domain
img_003049,USA,Nickel,Jefferson Nickel,,,Obverse,"coins/Jefferson Nickels, 1938-Date/Jefferson Nickel 26382_205 Obverse.jpg",https://www.kaggle.com/datasets/sergiosaharovskiy/uscoins,CC0: Public Domain
img_003050,USA,Nickel,Jefferson Nickel,,,Reverse,"coins/Jefferson Nickels, 1938-Date/Jefferson Nickel 177303_173 Reverse.jpg",https://www.kaggle.com/datasets/sergiosaharovskiy/uscoins,CC0: Public Domain
img_003051,USA,Nickel,Jefferson Nickel,,,Obverse,"coins/Jefferson Nickels, 1938-Date/Jefferson Nickel 90905_83 Obverse.jpg",https://www.kaggle.com/datasets/sergiosaharovskiy/uscoins,CC0: Public Domain
img_003052,USA,Nickel,Jefferson Nickel,,,Obverse,"coins/Jefferson Nickels, 1938-Date/Jefferson Nickel 177303_19 Obverse.jpg",https://www.kaggle.com/datasets/sergiosaharovskiy/uscoins,CC0: Public Domain
img_003053,USA,Nickel,Jefferson Nickel,,,Reverse,"coins/Jefferson Nickels, 1938-Date/Jefferson Nickel 90905_136 Reverse.jpg",https://www.kaggle.com/datasets/sergiosaharovskiy/uscoins,CC0: Public Domain
img_003054,USA,Nickel,Jefferson Nickel,,,Obverse,"coins/Jefferson Nickels, 1938-Date/Jefferson Nickel 90905_44 Obverse.jpg",https://www.kaggle.com/datasets/sergiosaharovskiy/uscoins,CC0: Public Domain
img_003055,USA,Nickel,Jefferson Nickel,,,Obverse,"coins/Jefferson Nickels, 1938-Date/Jefferson Nickel 26382_154 Obverse.jpg",https://www.kaggle.com/datasets/sergiosaharovskiy/uscoins,CC0: Public Domain
img_003056,USA,Nickel,Jefferson Nickel,,,Obverse,"coins/Jefferson Nickels, 1938-Date/Jefferson Nickel 26382_270 Obverse.jpg",https://www.kaggle.com/datasets/sergiosaharovskiy/uscoins,CC0: Public Domain
img_003057,USA,Nickel,Jefferson Nickel,,,Reverse,"coins/Jefferson Nickels, 1938-Date/Jefferson Nickel 26324_25 Reverse.jpg",https://www.kaggle.com/datasets/sergiosaharovskiy/uscoins,CC0: Public Domain
img_003058,USA,Nickel,Jefferson Nickel,,,Obverse,"coins/Jefferson Nickels, 1938-Date/Jefferson Nickel 177303_109 Obverse.jpg",https://www.kaggle.com/datasets/sergiosaharovskiy/uscoins,CC0: Public Domain
img_003059,USA,Nickel,Jefferson Nickel,,,Reverse,"coins/Jefferson Nickels, 1938-Date/Jefferson Nickel 26505_8 Reverse.jpg",https://www.kaggle.com/datasets/sergiosaharovskiy/uscoins,CC0: Public Domain
img_003060,USA,Nickel,Jefferson Nickel,,,Obverse,"coins/Jefferson Nickels, 1938-Date/Jefferson Nickel 26382_175 Obverse.jpg",https://www.kaggle.com/datasets/sergiosaharovskiy/uscoins,CC0: Public Domain
img_003061,USA,Nickel,Jefferson Nickel,,,Reverse,"coins/Jefferson Nickels, 1938-Date/Jefferson Nickel 26382_55 Reverse.jpg",https://www.kaggle.com/datasets/sergiosaharovskiy/uscoins,CC0: Public Domain
img_003062,USA,Nickel,Jefferson Nickel,,,Obverse,"coins/Jefferson Nickels, 1938-Date/Jefferson Nickel 177303_166 Obverse.jpg",https://www.kaggle.com/datasets/sergiosaharovskiy/uscoins,CC0: Public Domain
img_003063,USA,Nickel,Jefferson Nickel,,,Reverse,"coins/Jefferson Nickels, 1938-Date/Jefferson Nickel 26382_108 Reverse.jpg",https://www.kaggle.com/datasets/sergiosaharovskiy/uscoins,CC0: Public Domain
img_003064,USA,Nickel,Jefferson Nickel,,,Reverse,"coins/Jefferson Nickels, 1938-Date/Jefferson Nickel 177303_39 Reverse.jpg",https://www.kaggle.com/datasets/sergiosaharovskiy/uscoins,CC0: Public Domain
img_003065,USA,Nickel,Jefferson Nickel,,,Obverse,"coins/Jefferson Nickels, 1938-Date/Jefferson Nickel 26382_133 Obverse.jpg",https://www.kaggle.com/datasets/sergiosaharovskiy/uscoins,CC0: Public Domain
img_003066,USA,Nickel,Jefferson Nickel,,,Obverse,"coins/Jefferson Nickels, 1938-Date/Jefferson Nickel 86528_159 Obverse.jpg",https://www.kaggle.com/datasets/sergiosaharovskiy/uscoins,CC0: Public Domain
img_003067,USA,Nickel,Jefferson Nickel,,,Reverse,"coins/Jefferson Nickels, 1938-Date/Jefferson Nickel 86528_101 Reverse.jpg",https://www.kaggle.com/datasets/sergiosaharovskiy/uscoins,CC0: Public Domain
img_003068,USA,Nickel,Jefferson Nickel,,,Reverse,"coins/Jefferson Nickels, 1938-Date/Jefferson Nickel 26324_85 Reverse.jpg",https://www.kaggle.com/datasets/sergiosaharovskiy/uscoins,CC0: Public Domain
img_003069,USA,Nickel,Jefferson Nickel,,,Obverse,"coins/Jefferson Nickels, 1938-Date/Jefferson Nickel 177303_194 Obverse.jpg",https://www.kaggle.com/datasets/sergiosaharovskiy/uscoins,CC0: Public Domain
img_003070,USA,Nickel,Jefferson Nickel,,,Reverse,"coins/Jefferson Nickels, 1938-Date/Jefferson Nickel 177303_83 Reverse.jpg",https://www.kaggle.com/datasets/sergiosaharovskiy/uscoins,CC0: Public Domain
img_003071,USA,Nickel,Jefferson Nickel,,,Obverse,"coins/Jefferson Nickels, 1938-Date/Jefferson Nickel 26382_274 Obverse.jpg",https://www.kaggle.com/datasets/sergiosaharovskiy/uscoins,CC0: Public Domain
img_003072,USA,Nickel,Jefferson Nickel,,,Obverse,"coins/Jefferson Nickels, 1938-Date/Jefferson Nickel 26505_196 Obverse.jpg",https://www.kaggle.com/datasets/sergiosaharovskiy/uscoins,CC0: Public Domain
img_003073,USA,Nickel,Jefferson Nickel,,,Reverse,"coins/Jefferson Nickels, 1938-Date/Jefferson Nickel 90905_71 Reverse.jpg",https://www.kaggle.com/datasets/sergiosaharovskiy/uscoins,CC0: Public Domain
img_003074,USA,Nickel,Jefferson Nickel,,,Reverse,"coins/Jefferson Nickels, 1938-Date/Jefferson Nickel 86528_28 Reverse.jpg",https://www.kaggle.com/datasets/sergiosaharovskiy/uscoins,CC0: Public Domain
img_003075,USA,Nickel,Jefferson Nickel,,,Obverse,"coins/Jefferson Nickels, 1938-Date/Jefferson Nickel 90905_217 Obverse.jpg",https://www.kaggle.com/datasets/sergiosaharovskiy/uscoins,CC0: Public Domain
img_003076,USA,Nickel,Jefferson Nickel,,,Obverse,"coins/Jefferson Nickels, 1938-Date/Jefferson Nickel 26324_16 Obverse.jpg",https://www.kaggle.com/datasets/sergiosaharovskiy/uscoins,CC0: Public Domain
img_003077,USA,Nickel,Jefferson Nickel,,,Reverse,"coins/Jefferson Nickels, 1938-Date/Jefferson Nickel 86528_18 Reverse.jpg",https://www.kaggle.com/datasets/sergiosaharovskiy/uscoins,CC0: Public Domain
img_003078,USA,Nickel,Jefferson Nickel,,,Obverse,"coins/Jefferson Nickels, 1938-Date/Jefferson Nickel 86528_41 Obverse.jpg",https://www.kaggle.com/datasets/sergiosaharovskiy/uscoins,CC0: Public Domain
img_003079,USA,Nickel,Jefferson Nickel,,,Obverse,"coins/Jefferson Nickels, 1938-Date/Jefferson Nickel 26324_3 Obverse.jpg",https://www.kaggle.com/datasets/sergiosaharovskiy/uscoins,CC0: Public Domain
img_003080,USA,Nickel,Jefferson Nickel,,,Reverse,"coins/Jefferson Nickels, 1938-Date/Jefferson Nickel 26382_69 Reverse.jpg",https://www.kaggle.com/datasets/sergiosaharovskiy/uscoins,CC0: Public Domain
img_003081,USA,Nickel,Jefferson Nickel,,,Reverse,"coins/Jefferson Nickels, 1938-Date/Jefferson Nickel 90905_40 Reverse.jpg",https://www.kaggle.com/datasets/sergiosaharovskiy/uscoins,CC0: Public Domain
img_003082,USA,Nickel,Jefferson Nickel,,,Reverse,"coins/Jefferson Nickels, 1938-Date/Jefferson Nickel 212555_137 Reverse.jpg",https://www.kaggle.com/datasets/sergiosaharovskiy/uscoins,CC0: Public Domain
img_003083,USA,Nickel,Jefferson Nickel,,,Obverse,"coins/Jefferson Nickels, 1938-Date/Jefferson Nickel 86528_35 Obverse.jpg",https://www.kaggle.com/datasets/sergiosaharovskiy/uscoins,CC0: Public Domain
img_003084,USA,Nickel,Jefferson Nickel,,,Reverse,"coins/Jefferson Nickels, 1938-Date/Jefferson Nickel 212555_37 Reverse.jpg",https://www.kaggle.com/datasets/sergiosaharovskiy/uscoins,CC0: Public Domain
img_003085,USA,Nickel,Jefferson Nickel,,,Obverse,"coins/Jefferson Nickels, 1938-Date/Jefferson Nickel 177303_55 Obverse.jpg",https://www.kaggle.com/datasets/sergiosaharovskiy/uscoins,CC0: Public Domain
img_003086,USA,Nickel,Jefferson Nickel,,,Reverse,"coins/Jefferson Nickels, 1938-Date/Jefferson Nickel 26382_111 Reverse.jpg",https://www.kaggle.com/datasets/sergiosaharovskiy/uscoins,CC0: Public Domain
img_003087,USA,Nickel,Jefferson Nickel,,,Reverse,"coins/Jefferson Nickels, 1938-Date/Jefferson Nickel 26382_35 Reverse.jpg",https://www.kaggle.com/datasets/sergiosaharovskiy/uscoins,CC0: Public Domain
img_003088,USA,Nickel,Jefferson Nickel,,,Reverse,"coins/Jefferson Nickels, 1938-Date/Jefferson Nickel 26382_94 Reverse.jpg",https://www.kaggle.com/datasets/sergiosaharovskiy/uscoins,CC0: Public Domain
img_003089,USA,Nickel,Jefferson Nickel,,,Obverse,"coins/Jefferson Nickels, 1938-Date/Jefferson Nickel 177303_147 Obverse.jpg",https://www.kaggle.com/datasets/sergiosaharovskiy/uscoins,CC0: Public Domain
img_003090,USA,Nickel,Jefferson Nickel,,,Obverse,"coins/Jefferson Nickels, 1938-Date/Jefferson Nickel 26382_120 Obverse.jpg",https://www.kaggle.com/datasets/sergiosaharovskiy/uscoins,CC0: Public Domain
img_003091,USA,Nickel,Jefferson Nickel,,,Obverse,"coins/Jefferson Nickels, 1938-Date/Jefferson Nickel 90905_194 Obverse.jpg",https://www.kaggle.com/datasets/sergiosaharovskiy/uscoins,CC0: Public Domain
img_003092,USA,Nickel,Jefferson Nickel,,,Reverse,"coins/Jefferson Nickels, 1938-Date/Jefferson Nickel 26324_125 Reverse.jpg",https://www.kaggle.com/datasets/sergiosaharovskiy/uscoins,CC0: Public Domain
img_003093,USA,Nickel,Jefferson Nickel,,,Obverse,"coins/Jefferson Nickels, 1938-Date/Jefferson Nickel 86528_154 Obverse.jpg",https://www.kaggle.com/datasets/sergiosaharovskiy/uscoins,CC0: Public Domain
img_003094,USA,Nickel,Jefferson Nickel,,,Reverse,"coins/Jefferson Nickels, 1938-Date/Jefferson Nickel 26382_170 Reverse.jpg",https://www.kaggle.com/datasets/sergiosaharovskiy/uscoins,CC0: Public Domain
img_003095,USA,Nickel,Jefferson Nickel,,,Reverse,"coins/Jefferson Nickels, 1938-Date/Jefferson Nickel 26505_119 Reverse.jpg",https://www.kaggle.com/datasets/sergiosaharovskiy/uscoins,CC0: Public Domain
img_003096,USA,Nickel,Jefferson Nickel,,,Reverse,"coins/Jefferson Nickels, 1938-Date/Jefferson Nickel 177303_191 Reverse.jpg",https://www.kaggle.com/datasets/sergiosaharovskiy/uscoins,CC0: Public Domain
img_003097,USA,Nickel,Jefferson Nickel,,,Reverse,"coins/Jefferson Nickels, 1938-Date/Jefferson Nickel 26324_72 Reverse.jpg",https://www.kaggle.com/datasets/sergiosaharovskiy/uscoins,CC0: Public Domain
img_003098,USA,Nickel,Jefferson Nickel,,,Reverse,"coins/Jefferson Nickels, 1938-Date/Jefferson Nickel 90905_14 Reverse.jpg",https://www.kaggle.com/datasets/sergiosaharovskiy/uscoins,CC0: Public Domain
img_003099,USA,Nickel,Jefferson Nickel,,,Reverse,"coins/Jefferson Nickels, 1938-Date/Jefferson Nickel 86528_54 Reverse.jpg",https://www.kaggle.com/datasets/sergiosaharovskiy/uscoins,CC0: Public Domain
img_003100,USA,Nickel,Jefferson Nickel,,,Reverse,"coins/Jefferson Nickels, 1938-Date/Jefferson Nickel 26382_112 Reverse.jpg",https://www.kaggle.com/datasets/sergiosaharovskiy/uscoins,CC0: Public Domain
img_003101,USA,Nickel,Jefferson Nickel,,,Obverse,"coins/Jefferson Nickels, 1938-Date/Jefferson Nickel 90905_140 Obverse.jpg",https://www.kaggle.com/datasets/sergiosaharovskiy/uscoins,CC0: Public Domain
img_003102,USA,Nickel,Jefferson Nickel,,,Reverse,"coins/Jefferson Nickels, 1938-Date/Jefferson Nickel 177303_154 Reverse.jpg",https://www.kaggle.com/datasets/sergiosaharovskiy/uscoins,CC0: Public Domain
img_003103,USA,Nickel,Jefferson Nickel,,,Obverse,"coins/Jefferson Nickels, 1938-Date/Jefferson Nickel 86528_52 Obverse.jpg",https://www.kaggle.com/datasets/sergiosaharovskiy/uscoins,CC0: Public Domain
img_003104,USA,Nickel,Jefferson Nickel,,,Obverse,"coins/Jefferson Nickels, 1938-Date/Jefferson Nickel 86528_147 Obverse.jpg",https://www.kaggle.com/datasets/sergiosaharovskiy/uscoins,CC0: Public Domain
img_003105,USA,Nickel,Jefferson Nickel,,,Reverse,"coins/Jefferson Nickels, 1938-Date/Jefferson Nickel 26324_10 Reverse.jpg",https://www.kaggle.com/datasets/sergiosaharovskiy/uscoins,CC0: Public Domain
img_003106,USA,Nickel,Jefferson Nickel,,,Reverse,"coins/Jefferson Nickels, 1938-Date/Jefferson Nickel 30916_24 Reverse.jpg",https://www.kaggle.com/datasets/sergiosaharovskiy/uscoins,CC0: Public Domain
img_003107,USA,Nickel,Jefferson Nickel,,,Reverse,"coins/Jefferson Nickels, 1938-Date/Jefferson Nickel 177303_175 Reverse.jpg",https://www.kaggle.com/datasets/sergiosaharovskiy/uscoins,CC0: Public Domain
img_003108,USA,Nickel,Jefferson Nickel,,,Reverse,"coins/Jefferson Nickels, 1938-Date/Jefferson Nickel 212555_116 Reverse.jpg",https://www.kaggle.com/datasets/sergiosaharovskiy/uscoins,CC0: Public Domain
img_003109,USA,Nickel,Jefferson Nickel,,,Obverse,"coins/Jefferson Nickels, 1938-Date/Jefferson Nickel 86528_39 Obverse.jpg",https://www.kaggle.com/datasets/sergiosaharovskiy/uscoins,CC0: Public Domain
img_003110,USA,Nickel,Jefferson Nickel,,,Reverse,"coins/Jefferson Nickels, 1938-Date/Jefferson Nickel 90905_133 Reverse.jpg",https://www.kaggle.com/datasets/sergiosaharovskiy/uscoins,CC0: Public Domain
img_003111,USA,Nickel,Jefferson Nickel,,,Reverse,"coins/Jefferson Nickels, 1938-Date/Jefferson Nickel 90905_96 Reverse.jpg",https://www.kaggle.com/datasets/sergiosaharovskiy/uscoins,CC0: Public Domain
img_003112,USA,Nickel,Jefferson Nickel,,,Obverse,"coins/Jefferson Nickels, 1938-Date/Jefferson Nickel 26324_111 Obverse.jpg",https://www.kaggle.com/datasets/sergiosaharovskiy/uscoins,CC0: Public Domain
img_003113,USA,Nickel,Jefferson Nickel,,,Obverse,"coins/Jefferson Nickels, 1938-Date/Jefferson Nickel 177303_104 Obverse.jpg",https://www.kaggle.com/datasets/sergiosaharovskiy/uscoins,CC0: Public Domain
img_003114,USA,Nickel,Jefferson Nickel,,,Reverse,"coins/Jefferson Nickels, 1938-Date/Jefferson Nickel 26382_217 Reverse.jpg",https://www.kaggle.com/datasets/sergiosaharovskiy/uscoins,CC0: Public Domain
img_003115,USA,Nickel,Jefferson Nickel,,,Reverse,"coins/Jefferson Nickels, 1938-Date/Jefferson Nickel 86528_137 Reverse.jpg",https://www.kaggle.com/datasets/sergiosaharovskiy/uscoins,CC0: Public Domain
img_003116,USA,Nickel,Jefferson Nickel,,,Obverse,"coins/Jefferson Nickels, 1938-Date/Jefferson Nickel 177303_58 Obverse.jpg",https://www.kaggle.com/datasets/sergiosaharovskiy/uscoins,CC0: Public Domain
img_003117,USA,Nickel,Jefferson Nickel,,,Reverse,"coins/Jefferson Nickels, 1938-Date/Jefferson Nickel 26505_208 Reverse.jpg",https://www.kaggle.com/datasets/sergiosaharovskiy/uscoins,CC0: Public Domain
img_003118,USA,Nickel,Jefferson Nickel,,,Obverse,"coins/Jefferson Nickels, 1938-Date/Jefferson Nickel 26324_55 Obverse.jpg",https://www.kaggle.com/datasets/sergiosaharovskiy/uscoins,CC0: Public Domain
img_003119,USA,Nickel,Jefferson Nickel,,,Obverse,"coins/Jefferson Nickels, 1938-Date/Jefferson Nickel 90905_221 Obverse.jpg",https://www.kaggle.com/datasets/sergiosaharovskiy/uscoins,CC0: Public Domain
img_003120,USA,Nickel,Jefferson Nickel,,,Obverse,"coins/Jefferson Nickels, 1938-Date/Jefferson Nickel 26382_264 Obverse.jpg",https://www.kaggle.com/datasets/sergiosaharovskiy/uscoins,CC0: Public Domain
img_003121,USA,Nickel,Jefferson Nickel,,,Reverse,"coins/Jefferson Nickels, 1938-Date/Jefferson Nickel 26324_109 Reverse.jpg",https://www.kaggle.com/datasets/sergiosaharovskiy/uscoins,CC0: Public Domain
img_003122,USA,Nickel,Jefferson Nickel,,,Obverse,"coins/Jefferson Nickels, 1938-Date/Jefferson Nickel 26382_239 Obverse.jpg",https://www.kaggle.com/datasets/sergiosaharovskiy/uscoins,CC0: Public Domain
img_003123,USA,Nickel,Jefferson Nickel,,,Reverse,"coins/Jefferson Nickels, 1938-Date/Jefferson Nickel 177303_133 Reverse.jpg",https://www.kaggle.com/datasets/sergiosaharovskiy/uscoins,CC0: Public Domain
img_003124,USA,Nickel,Jefferson Nickel,,,Reverse,"coins/Jefferson Nickels, 1938-Date/Jefferson Nickel 90905_99 Reverse.jpg",https://www.kaggle.com/datasets/sergiosaharovskiy/uscoins,CC0: Public Domain
img_003125,USA,Nickel,Jefferson Nickel,,,Reverse,"coins/Jefferson Nickels, 1938-Date/Jefferson Nickel 26382_201 Reverse.jpg",https://www.kaggle.com/datasets/sergiosaharovskiy/uscoins,CC0: Public Domain
img_003126,USA,Nickel,Jefferson Nickel,,,Reverse,"coins/Jefferson Nickels, 1938-Date/Jefferson Nickel 90905_251 Reverse.jpg",https://www.kaggle.com/datasets/sergiosaharovskiy/uscoins,CC0: Public Domain
img_003127,USA,Nickel,Jefferson Nickel,,,Reverse,"coins/Jefferson Nickels, 1938-Date/Jefferson Nickel 26382_106 Reverse.jpg",https://www.kaggle.com/datasets/sergiosaharovskiy/uscoins,CC0: Public Domain
img_003128,USA,Nickel,Jefferson Nickel,,,Reverse,"coins/Jefferson Nickels, 1938-Date/Jefferson Nickel 26382_158 Reverse.jpg",https://www.kaggle.com/datasets/sergiosaharovskiy/uscoins,CC0: Public Domain
img_003129,USA,Nickel,Jefferson Nickel,,,Reverse,"coins/Jefferson Nickels, 1938-Date/Jefferson Nickel 30916_175 Reverse.jpg",https://www.kaggle.com/datasets/sergiosaharovskiy/uscoins,CC0: Public Domain
img_003130,USA,Nickel,Jefferson Nickel,,,Reverse,"coins/Jefferson Nickels, 1938-Date/Jefferson Nickel 26382_113 Reverse.jpg",https://www.kaggle.com/datasets/sergiosaharovskiy/uscoins,CC0: Public Domain
img_003131,USA,Nickel,Jefferson Nickel,,,Reverse,"coins/Jefferson Nickels, 1938-Date/Jefferson Nickel 26382_119 Reverse.jpg",https://www.kaggle.com/datasets/sergiosaharovskiy/uscoins,CC0: Public Domain
img_003132,USA,Nickel,Jefferson Nickel,,,Reverse,"coins/Jefferson Nickels, 1938-Date/Jefferson Nickel 90905_229 Reverse.jpg",https://www.kaggle.com/datasets/sergiosaharovskiy/uscoins,CC0: Public Domain
img_003133,USA,Nickel,Jefferson Nickel,,,Obverse,"coins/Jefferson Nickels, 1938-Date/Jefferson Nickel 26382_32 Obverse.jpg",https://www.kaggle.com/datasets/sergiosaharovskiy/uscoins,CC0: Public Domain
img_003134,USA,Nickel,Jefferson Nickel,,,Reverse,"coins/Jefferson Nickels, 1938-Date/Jefferson Nickel 26505_15 Reverse.jpg",https://www.kaggle.com/datasets/sergiosaharovskiy/uscoins,CC0: Public Domain
img_003135,USA,Nickel,Jefferson Nickel,,,Reverse,"coins/Jefferson Nickels, 1938-Date/Jefferson Nickel 86528_119 Reverse.jpg",https://www.kaggle.com/datasets/sergiosaharovskiy/uscoins,CC0: Public Domain
img_003136,USA,Nickel,Jefferson Nickel,,,Reverse,"coins/Jefferson Nickels, 1938-Date/Jefferson Nickel 177303_73 Reverse.jpg",https://www.kaggle.com/datasets/sergiosaharovskiy/uscoins,CC0: Public Domain
img_003137,USA,Nickel,Jefferson Nickel,,,Reverse,"coins/Jefferson Nickels, 1938-Date/Jefferson Nickel 212555_28 Reverse.jpg",https://www.kaggle.com/datasets/sergiosaharovskiy/uscoins,CC0: Public Domain
img_003138,USA,Nickel,Jefferson Nickel,,,Reverse,"coins/Jefferson Nickels, 1938-Date/Jefferson Nickel 26382_14 Reverse.jpg",https://www.kaggle.com/datasets/sergiosaharovskiy/uscoins,CC0: Public Domain
img_003139,USA,Nickel,Jefferson Nickel,,,Reverse,"coins/Jefferson Nickels, 1938-Date/Jefferson Nickel 90905_198 Reverse.jpg",https://www.kaggle.com/datasets/sergiosaharovskiy/uscoins,CC0: Public Domain
img_003140,USA,Nickel,Jefferson Nickel,,,Reverse,"coins/Jefferson Nickels, 1938-Date/Jefferson Nickel 177303_4 Reverse.jpg",https://www.kaggle.com/datasets/sergiosaharovskiy/uscoins,CC0: Public Domain
img_003141,USA,Nickel,Jefferson Nickel,,,Reverse,"coins/Jefferson Nickels, 1938-Date/Jefferson Nickel 26324_105 Reverse.jpg",https://www.kaggle.com/datasets/sergiosaharovskiy/uscoins,CC0: Public Domain
img_003142,USA,Nickel,Jefferson Nickel,,,Obverse,"coins/Jefferson Nickels, 1938-Date/Jefferson Nickel 86528_6 Obverse.jpg",https://www.kaggle.com/datasets/sergiosaharovskiy/uscoins,CC0: Public Domain
img_003143,USA,Nickel,Jefferson Nickel,,,Reverse,"coins/Jefferson Nickels, 1938-Date/Jefferson Nickel 177303_129 Reverse.jpg",https://www.kaggle.com/datasets/sergiosaharovskiy/uscoins,CC0: Public Domain
img_003144,USA,Nickel,Jefferson Nickel,,,Obverse,"coins/Jefferson Nickels, 1938-Date/Jefferson Nickel 30916_16 Obverse.jpg",https://www.kaggle.com/datasets/sergiosaharovskiy/uscoins,CC0: Public Domain
img_003145,USA,Nickel,Jefferson Nickel,,,Reverse,"coins/Jefferson Nickels, 1938-Date/Jefferson Nickel 177303_8 Reverse.jpg",https://www.kaggle.com/datasets/sergiosaharovskiy/uscoins,CC0: Public Domain
img_003146,USA,Nickel,Jefferson Nickel,,,Reverse,"coins/Jefferson Nickels, 1938-Date/Jefferson Nickel 90905_214 Reverse.jpg",https://www.kaggle.com/datasets/sergiosaharovskiy/uscoins,CC0: Public Domain
img_003147,USA,Nickel,Jefferson Nickel,,,Reverse,"coins/Jefferson Nickels, 1938-Date/Jefferson Nickel 90905_110 Reverse.jpg",https://www.kaggle.com/datasets/sergiosaharovskiy/uscoins,CC0: Public Domain
img_003148,USA,Nickel,Jefferson Nickel,,,Obverse,"coins/Jefferson Nickels, 1938-Date/Jefferson Nickel 86528_149 Obverse.jpg",https://www.kaggle.com/datasets/sergiosaharovskiy/uscoins,CC0: Public Domain
img_003149,USA,Nickel,Jefferson Nickel,,,Reverse,"coins/Jefferson Nickels, 1938-Date/Jefferson Nickel 90905_197 Reverse.jpg",https://www.kaggle.com/datasets/sergiosaharovskiy/uscoins,CC0: Public Domain
img_003150,USA,Nickel,Jefferson Nickel,,,Obverse,"coins/Jefferson Nickels, 1938-Date/Jefferson Nickel 26382_126 Obverse.jpg",https://www.kaggle.com/datasets/sergiosaharovskiy/uscoins,CC0: Public Domain
img_003151,USA,Nickel,Jefferson Nickel,,,Obverse,"coins/Jefferson Nickels, 1938-Date/Jefferson Nickel 26505_0 Obverse.jpg",https://www.kaggle.com/datasets/sergiosaharovskiy/uscoins,CC0: Public Domain
img_003152,USA,Nickel,Jefferson Nickel,,,Reverse,"coins/Jefferson Nickels, 1938-Date/Jefferson Nickel 86528_17 Reverse.jpg",https://www.kaggle.com/datasets/sergiosaharovskiy/uscoins,CC0: Public Domain
img_003153,USA,Nickel,Jefferson Nickel,,,Obverse,"coins/Jefferson Nickels, 1938-Date/Jefferson Nickel 26324_136 Obverse.jpg",https://www.kaggle.com/datasets/sergiosaharovskiy/uscoins,CC0: Public Domain
img_003154,USA,Nickel,Jefferson Nickel,,,Reverse,"coins/Jefferson Nickels, 1938-Date/Jefferson Nickel 90905_201 Reverse.jpg",https://www.kaggle.com/datasets/sergiosaharovskiy/uscoins,CC0: Public Domain
img_003155,USA,Nickel,Jefferson Nickel,,,Reverse,"coins/Jefferson Nickels, 1938-Date/Jefferson Nickel 86528_167 Reverse.jpg",https://www.kaggle.com/datasets/sergiosaharovskiy/uscoins,CC0: Public Domain
img_003156,USA,Nickel,Jefferson Nickel,,,Obverse,"coins/Jefferson Nickels, 1938-Date/Jefferson Nickel 86528_73 Obverse.jpg",https://www.kaggle.com/datasets/sergiosaharovskiy/uscoins,CC0: Public Domain
img_003157,USA,Nickel,Jefferson Nickel,,,Obverse,"coins/Jefferson Nickels, 1938-Date/Jefferson Nickel 26382_282 Obverse.jpg",https://www.kaggle.com/datasets/sergiosaharovskiy/uscoins,CC0: Public Domain
img_003158,USA,Nickel,Jefferson Nickel,,,Reverse,"coins/Jefferson Nickels, 1938-Date/Jefferson Nickel 26324_144 Reverse.jpg",https://www.kaggle.com/datasets/sergiosaharovskiy/uscoins,CC0: Public Domain
img_003159,USA,Nickel,Jefferson Nickel,,,Obverse,"coins/Jefferson Nickels, 1938-Date/Jefferson Nickel 90905_23 Obverse.jpg",https://www.kaggle.com/datasets/sergiosaharovskiy/uscoins,CC0: Public Domain
img_003160,USA,Nickel,Jefferson Nickel,,,Obverse,"coins/Jefferson Nickels, 1938-Date/Jefferson Nickel 26382_6 Obverse.jpg",https://www.kaggle.com/datasets/sergiosaharovskiy/uscoins,CC0: Public Domain
img_003161,USA,Nickel,Jefferson Nickel,,,Reverse,"coins/Jefferson Nickels, 1938-Date/Jefferson Nickel 26505_177 Reverse.jpg",https://www.kaggle.com/datasets/sergiosaharovskiy/uscoins,CC0: Public Domain
img_003162,USA,Nickel,Jefferson Nickel,,,Obverse,"coins/Jefferson Nickels, 1938-Date/Jefferson Nickel 26382_219 Obverse.jpg",https://www.kaggle.com/datasets/sergiosaharovskiy/uscoins,CC0: Public Domain
img_003163,USA,Nickel,Jefferson Nickel,,,Obverse,"coins/Jefferson Nickels, 1938-Date/Jefferson Nickel 26505_240 Obverse.jpg",https://www.kaggle.com/datasets/sergiosaharovskiy/uscoins,CC0: Public Domain
img_003164,USA,Nickel,Jefferson Nickel,,,Obverse,"coins/Jefferson Nickels, 1938-Date/Jefferson Nickel 26324_53 Obverse.jpg",https://www.kaggle.com/datasets/sergiosaharovskiy/uscoins,CC0: Public Domain
img_003165,USA,Nickel,Jefferson Nickel,,,Reverse,"coins/Jefferson Nickels, 1938-Date/Jefferson Nickel 86528_62 Reverse.jpg",https://www.kaggle.com/datasets/sergiosaharovskiy/uscoins,CC0: Public Domain
img_003166,USA,Nickel,Jefferson Nickel,,,Reverse,"coins/Jefferson Nickels, 1938-Date/Jefferson Nickel 30916_82 Reverse.jpg",https://www.kaggle.com/datasets/sergiosaharovskiy/uscoins,CC0: Public Domain
img_003167,USA,Nickel,Jefferson Nickel,,,Obverse,"coins/Jefferson Nickels, 1938-Date/Jefferson Nickel 86528_8 Obverse.jpg",https://www.kaggle.com/datasets/sergiosaharovskiy/uscoins,CC0: Public Domain
img_003168,USA,Nickel,Jefferson Nickel,,,Reverse,"coins/Jefferson Nickels, 1938-Date/Jefferson Nickel 177303_11 Reverse.jpg",https://www.kaggle.com/datasets/sergiosaharovskiy/uscoins,CC0: Public Domain
img_003169,USA,Nickel,Jefferson Nickel,,,Reverse,"coins/Jefferson Nickels, 1938-Date/Jefferson Nickel 26324_114 Reverse.jpg",https://www.kaggle.com/datasets/sergiosaharovskiy/uscoins,CC0: Public Domain
img_003170,USA,Nickel,Jefferson Nickel,,,Reverse,"coins/Jefferson Nickels, 1938-Date/Jefferson Nickel 86528_161 Reverse.jpg",https://www.kaggle.com/datasets/sergiosaharovskiy/uscoins,CC0: Public Domain
img_003171,USA,Nickel,Jefferson Nickel,,,Obverse,"coins/Jefferson Nickels, 1938-Date/Jefferson Nickel 26382_177 Obverse.jpg",https://www.kaggle.com/datasets/sergiosaharovskiy/uscoins,CC0: Public Domain
img_003172,USA,Nickel,Jefferson Nickel,,,Reverse,"coins/Jefferson Nickels, 1938-Date/Jefferson Nickel 90905_35 Reverse.jpg",https://www.kaggle.com/datasets/sergiosaharovskiy/uscoins,CC0: Public Domain
img_003173,USA,Nickel,Jefferson Nickel,,,Obverse,"coins/Jefferson Nickels, 1938-Date/Jefferson Nickel 26324_135 Obverse.jpg",https://www.kaggle.com/datasets/sergiosaharovskiy/uscoins,CC0: Public Domain
img_003174,USA,Nickel,Jefferson Nickel,,,Obverse,"coins/Jefferson Nickels, 1938-Date/Jefferson Nickel 177303_1 Obverse.jpg",https://www.kaggle.com/datasets/sergiosaharovskiy/uscoins,CC0: Public Domain
img_003175,USA,Nickel,Jefferson Nickel,,,Obverse,"coins/Jefferson Nickels, 1938-Date/Jefferson Nickel 90905_67 Obverse.jpg",https://www.kaggle.com/datasets/sergiosaharovskiy/uscoins,CC0: Public Domain
img_003176,USA,Nickel,Jefferson Nickel,,,Obverse,"coins/Jefferson Nickels, 1938-Date/Jefferson Nickel 86528_140 Obverse.jpg",https://www.kaggle.com/datasets/sergiosaharovskiy/uscoins,CC0: Public Domain
img_003177,USA,Nickel,Jefferson Nickel,,,Obverse,"coins/Jefferson Nickels, 1938-Date/Jefferson Nickel 26382_159 Obverse.jpg",https://www.kaggle.com/datasets/sergiosaharovskiy/uscoins,CC0: Public Domain
img_003178,USA,Nickel,Jefferson Nickel,,,Obverse,"coins/Jefferson Nickels, 1938-Date/Jefferson Nickel 90905_226 Obverse.jpg",https://www.kaggle.com/datasets/sergiosaharovskiy/uscoins,CC0: Public Domain
img_003179,USA,Nickel,Jefferson Nickel,,,Obverse,"coins/Jefferson Nickels, 1938-Date/Jefferson Nickel 26324_79 Obverse.jpg",https://www.kaggle.com/datasets/sergiosaharovskiy/uscoins,CC0: Public Domain
img_003180,USA,Nickel,Jefferson Nickel,,,Reverse,"coins/Jefferson Nickels, 1938-Date/Jefferson Nickel 26324_134 Reverse.jpg",https://www.kaggle.com/datasets/sergiosaharovskiy/uscoins,CC0: Public Domain
img_003181,USA,Nickel,Jefferson Nickel,,,Reverse,"coins/Jefferson Nickels, 1938-Date/Jefferson Nickel 177303_65 Reverse.jpg",https://www.kaggle.com/datasets/sergiosaharovskiy/uscoins,CC0: Public Domain
img_003182,USA,Nickel,Jefferson Nickel,,,Reverse,"coins/Jefferson Nickels, 1938-Date/Jefferson Nickel 90905_75 Reverse.jpg",https://www.kaggle.com/datasets/sergiosaharovskiy/uscoins,CC0: Public Domain
img_003183,USA,Nickel,Jefferson Nickel,,,Obverse,"coins/Jefferson Nickels, 1938-Date/Jefferson Nickel 90905_57 Obverse.jpg",https://www.kaggle.com/datasets/sergiosaharovskiy/uscoins,CC0: Public Domain
img_003184,USA,Nickel,Jefferson Nickel,,,Obverse,"coins/Jefferson Nickels, 1938-Date/Jefferson Nickel 90905_167 Obverse.jpg",https://www.kaggle.com/datasets/sergiosaharovskiy/uscoins,CC0: Public Domain
img_003185,USA,Nickel,Jefferson Nickel,,,Obverse,"coins/Jefferson Nickels, 1938-Date/Jefferson Nickel 177303_140 Obverse.jpg",https://www.kaggle.com/datasets/sergiosaharovskiy/uscoins,CC0: Public Domain
img_003186,USA,Nickel,Jefferson Nickel,,,Reverse,"coins/Jefferson Nickels, 1938-Date/Jefferson Nickel 86528_67 Reverse.jpg",https://www.kaggle.com/datasets/sergiosaharovskiy/uscoins,CC0: Public Domain
img_003187,USA,Nickel,Jefferson Nickel,,,Reverse,"coins/Jefferson Nickels, 1938-Date/Jefferson Nickel 90905_193 Reverse.jpg",https://www.kaggle.com/datasets/sergiosaharovskiy/uscoins,CC0: Public Domain
img_003188,USA,Nickel,Jefferson Nickel,,,Reverse,"coins/Jefferson Nickels, 1938-Date/Jefferson Nickel 30916_123 Reverse.jpg",https://www.kaggle.com/datasets/sergiosaharovskiy/uscoins,CC0: Public Domain
img_003189,USA,Nickel,Jefferson Nickel,,,Obverse,"coins/Jefferson Nickels, 1938-Date/Jefferson Nickel 177303_107 Obverse.jpg",https://www.kaggle.com/datasets/sergiosaharovskiy/uscoins,CC0: Public Domain
img_003190,USA,Nickel,Jefferson Nickel,,,Obverse,"coins/Jefferson Nickels, 1938-Date/Jefferson Nickel 90905_210 Obverse.jpg",https://www.kaggle.com/datasets/sergiosaharovskiy/uscoins,CC0: Public Domain
img_003191,USA,Nickel,Jefferson Nickel,,,Obverse,"coins/Jefferson Nickels, 1938-Date/Jefferson Nickel 26382_61 Obverse.jpg",https://www.kaggle.com/datasets/sergiosaharovskiy/uscoins,CC0: Public Domain
img_003192,USA,Nickel,Jefferson Nickel,,,Reverse,"coins/Jefferson Nickels, 1938-Date/Jefferson Nickel 26382_207 Reverse.jpg",https://www.kaggle.com/datasets/sergiosaharovskiy/uscoins,CC0: Public Domain
img_003193,USA,Nickel,Jefferson Nickel,,,Obverse,"coins/Jefferson Nickels, 1938-Date/Jefferson Nickel 26382_152 Obverse.jpg",https://www.kaggle.com/datasets/sergiosaharovskiy/uscoins,CC0: Public Domain
img_003194,USA,Nickel,Jefferson Nickel,,,Reverse,"coins/Jefferson Nickels, 1938-Date/Jefferson Nickel 26382_52 Reverse.jpg",https://www.kaggle.com/datasets/sergiosaharovskiy/uscoins,CC0: Public Domain
img_003195,USA,Nickel,Jefferson Nickel,,,Reverse,"coins/Jefferson Nickels, 1938-Date/Jefferson Nickel 26505_231 Reverse.jpg",https://www.kaggle.com/datasets/sergiosaharovskiy/uscoins,CC0: Public Domain
img_003196,USA,Nickel,Jefferson Nickel,,,Reverse,"coins/Jefferson Nickels, 1938-Date/Jefferson Nickel 90905_60 Reverse.jpg",https://www.kaggle.com/datasets/sergiosaharovskiy/uscoins,CC0: Public Domain
img_003197,USA,Nickel,Jefferson Nickel,,,Obverse,"coins/Jefferson Nickels, 1938-Date/Jefferson Nickel 26324_127 Obverse.jpg",https://www.kaggle.com/datasets/sergiosaharovskiy/uscoins,CC0: Public Domain
img_003198,USA,Nickel,Jefferson Nickel,,,Obverse,"coins/Jefferson Nickels, 1938-Date/Jefferson Nickel 90905_259 Obverse.jpg",https://www.kaggle.com/datasets/sergiosaharovskiy/uscoins,CC0: Public Domain
img_003199,USA,Nickel,Jefferson Nickel,,,Obverse,"coins/Jefferson Nickels, 1938-Date/Jefferson Nickel 177303_0 Obverse.jpg",https://www.kaggle.com/datasets/sergiosaharovskiy/uscoins,CC0: Public Domain
img_003200,USA,Nickel,Jefferson Nickel,,,Reverse,"coins/Jefferson Nickels, 1938-Date/Jefferson Nickel 26382_59 Reverse.jpg",https://www.kaggle.com/datasets/sergiosaharovskiy/uscoins,CC0: Public Domain
img_003201,USA,Nickel,Jefferson Nickel,,,Reverse,"coins/Jefferson Nickels, 1938-Date/Jefferson Nickel 90905_243 Reverse.jpg",https://www.kaggle.com/datasets/sergiosaharovskiy/uscoins,CC0: Public Domain
img_003202,USA,Nickel,Jefferson Nickel,,,Reverse,"coins/Jefferson Nickels, 1938-Date/Jefferson Nickel 90905_91 Reverse.jpg",https://www.kaggle.com/datasets/sergiosaharovskiy/uscoins,CC0: Public Domain
img_003203,USA,Nickel,Jefferson Nickel,,,Reverse,"coins/Jefferson Nickels, 1938-Date/Jefferson Nickel 26324_63 Reverse.jpg",https://www.kaggle.com/datasets/sergiosaharovskiy/uscoins,CC0: Public Domain
img_003204,USA,Nickel,Jefferson Nickel,,,Reverse,"coins/Jefferson Nickels, 1938-Date/Jefferson Nickel 26382_192 Reverse.jpg",https://www.kaggle.com/datasets/sergiosaharovskiy/uscoins,CC0: Public Domain
img_003205,USA,Nickel,Jefferson Nickel,,,Reverse,"coins/Jefferson Nickels, 1938-Date/Jefferson Nickel 30916_153 Reverse.jpg",https://www.kaggle.com/datasets/sergiosaharovskiy/uscoins,CC0: Public Domain
img_003206,USA,Nickel,Jefferson Nickel,,,Obverse,"coins/Jefferson Nickels, 1938-Date/Jefferson Nickel 90905_212 Obverse.jpg",https://www.kaggle.com/datasets/sergiosaharovskiy/uscoins,CC0: Public Domain
img_003207,USA,Nickel,Jefferson Nickel,,,Reverse,"coins/Jefferson Nickels, 1938-Date/Jefferson Nickel 30916_23 Reverse.jpg",https://www.kaggle.com/datasets/sergiosaharovskiy/uscoins,CC0: Public Domain
img_003208,USA,Nickel,Jefferson Nickel,,,Reverse,"coins/Jefferson Nickels, 1938-Date/Jefferson Nickel 86528_88 Reverse.jpg",https://www.kaggle.com/datasets/sergiosaharovskiy/uscoins,CC0: Public Domain
img_003209,USA,Nickel,Jefferson Nickel,,,Reverse,"coins/Jefferson Nickels, 1938-Date/Jefferson Nickel 86528_75 Reverse.jpg",https://www.kaggle.com/datasets/sergiosaharovskiy/uscoins,CC0: Public Domain
img_003210,USA,Nickel,Jefferson Nickel,,,Reverse,"coins/Jefferson Nickels, 1938-Date/Jefferson Nickel 26382_279 Reverse.jpg",https://www.kaggle.com/datasets/sergiosaharovskiy/uscoins,CC0: Public Domain
img_003211,USA,Nickel,Jefferson Nickel,,,Obverse,"coins/Jefferson Nickels, 1938-Date/Jefferson Nickel 177303_96 Obverse.jpg",https://www.kaggle.com/datasets/sergiosaharovskiy/uscoins,CC0: Public Domain
img_003212,USA,Nickel,Jefferson Nickel,,,Obverse,"coins/Jefferson Nickels, 1938-Date/Jefferson Nickel 90905_158 Obverse.jpg",https://www.kaggle.com/datasets/sergiosaharovskiy/uscoins,CC0: Public Domain
img_003213,USA,Nickel,Jefferson Nickel,,,Obverse,"coins/Jefferson Nickels, 1938-Date/Jefferson Nickel 90905_190 Obverse.jpg",https://www.kaggle.com/datasets/sergiosaharovskiy/uscoins,CC0: Public Domain
img_003214,USA,Nickel,Jefferson Nickel,,,Obverse,"coins/Jefferson Nickels, 1938-Date/Jefferson Nickel 177303_63 Obverse.jpg",https://www.kaggle.com/datasets/sergiosaharovskiy/uscoins,CC0: Public Domain
img_003215,USA,Nickel,Jefferson Nickel,,,Obverse,"coins/Jefferson Nickels, 1938-Date/Jefferson Nickel 86528_2 Obverse.jpg",https://www.kaggle.com/datasets/sergiosaharovskiy/uscoins,CC0: Public Domain
img_003216,USA,Nickel,Jefferson Nickel,,,Reverse,"coins/Jefferson Nickels, 1938-Date/Jefferson Nickel 26382_232 Reverse.jpg",https://www.kaggle.com/datasets/sergiosaharovskiy/uscoins,CC0: Public Domain
img_003217,USA,Nickel,Jefferson Nickel,,,Obverse,"coins/Jefferson Nickels, 1938-Date/Jefferson Nickel 26324_82 Obverse.jpg",https://www.kaggle.com/datasets/sergiosaharovskiy/uscoins,CC0: Public Domain
img_003218,USA,Nickel,Jefferson Nickel,,,Obverse,"coins/Jefferson Nickels, 1938-Date/Jefferson Nickel 90905_150 Obverse.jpg",https://www.kaggle.com/datasets/sergiosaharovskiy/uscoins,CC0: Public Domain
img_003219,USA,Nickel,Jefferson Nickel,,,Reverse,"coins/Jefferson Nickels, 1938-Date/Jefferson Nickel 177303_51 Reverse.jpg",https://www.kaggle.com/datasets/sergiosaharovskiy/uscoins,CC0: Public Domain
img_003220,USA,Nickel,Jefferson Nickel,,,Obverse,"coins/Jefferson Nickels, 1938-Date/Jefferson Nickel 86528_65 Obverse.jpg",https://www.kaggle.com/datasets/sergiosaharovskiy/uscoins,CC0: Public Domain
img_003221,USA,Nickel,Jefferson Nickel,,,Obverse,"coins/Jefferson Nickels, 1938-Date/Jefferson Nickel 90905_244 Obverse.jpg",https://www.kaggle.com/datasets/sergiosaharovskiy/uscoins,CC0: Public Domain
img_003222,USA,Nickel,Jefferson Nickel,,,Reverse,"coins/Jefferson Nickels, 1938-Date/Jefferson Nickel 26382_42 Reverse.jpg",https://www.kaggle.com/datasets/sergiosaharovskiy/uscoins,CC0: Public Domain
img_003223,USA,Nickel,Jefferson Nickel,,,Reverse,"coins/Jefferson Nickels, 1938-Date/Jefferson Nickel 177303_184 Reverse.jpg",https://www.kaggle.com/datasets/sergiosaharovskiy/uscoins,CC0: Public Domain
img_003224,USA,Nickel,Jefferson Nickel,,,Reverse,"coins/Jefferson Nickels, 1938-Date/Jefferson Nickel 30916_65 Reverse.jpg",https://www.kaggle.com/datasets/sergiosaharovskiy/uscoins,CC0: Public Domain
img_003225,USA,Nickel,Jefferson Nickel,,,Obverse,"coins/Jefferson Nickels, 1938-Date/Jefferson Nickel 177303_159 Obverse.jpg",https://www.kaggle.com/datasets/sergiosaharovskiy/uscoins,CC0: Public Domain
img_003226,USA,Nickel,Jefferson Nickel,,,Obverse,"coins/Jefferson Nickels, 1938-Date/Jefferson Nickel 90905_185 Obverse.jpg",https://www.kaggle.com/datasets/sergiosaharovskiy/uscoins,CC0: Public Domain
img_003227,USA,Nickel,Jefferson Nickel,,,Reverse,"coins/Jefferson Nickels, 1938-Date/Jefferson Nickel 90905_224 Reverse.jpg",https://www.kaggle.com/datasets/sergiosaharovskiy/uscoins,CC0: Public Domain
img_003228,USA,Nickel,Jefferson Nickel,,,Reverse,"coins/Jefferson Nickels, 1938-Date/Jefferson Nickel 26505_88 Reverse.jpg",https://www.kaggle.com/datasets/sergiosaharovskiy/uscoins,CC0: Public Domain
img_003229,USA,Nickel,Jefferson Nickel,,,Reverse,"coins/Jefferson Nickels, 1938-Date/Jefferson Nickel 26324_102 Reverse.jpg",https://www.kaggle.com/datasets/sergiosaharovskiy/uscoins,CC0: Public Domain
img_003230,USA,Nickel,Jefferson Nickel,,,Reverse,"coins/Jefferson Nickels, 1938-Date/Jefferson Nickel 30916_56 Reverse.jpg",https://www.kaggle.com/datasets/sergiosaharovskiy/uscoins,CC0: Public Domain
img_003231,USA,Nickel,Jefferson Nickel,,,Reverse,"coins/Jefferson Nickels, 1938-Date/Jefferson Nickel 90905_93 Reverse.jpg",https://www.kaggle.com/datasets/sergiosaharovskiy/uscoins,CC0: Public Domain
img_003232,USA,Nickel,Jefferson Nickel,,,Obverse,"coins/Jefferson Nickels, 1938-Date/Jefferson Nickel 26324_93 Obverse.jpg",https://www.kaggle.com/datasets/sergiosaharovskiy/uscoins,CC0: Public Domain
img_003233,USA,Nickel,Jefferson Nickel,,,Reverse,"coins/Jefferson Nickels, 1938-Date/Jefferson Nickel 86528_97 Reverse.jpg",https://www.kaggle.com/datasets/sergiosaharovskiy/uscoins,CC0: Public Domain
img_003234,USA,Nickel,Jefferson Nickel,,,Obverse,"coins/Jefferson Nickels, 1938-Date/Jefferson Nickel 90905_1 Obverse.jpg",https://www.kaggle.com/datasets/sergiosaharovskiy/uscoins,CC0: Public Domain
img_003235,USA,Nickel,Jefferson Nickel,,,Obverse,"coins/Jefferson Nickels, 1938-Date/Jefferson Nickel 26382_268 Obverse.jpg",https://www.kaggle.com/datasets/sergiosaharovskiy/uscoins,CC0: Public Domain
img_003236,USA,Nickel,Jefferson Nickel,,,Reverse,"coins/Jefferson Nickels, 1938-Date/Jefferson Nickel 26505_85 Reverse.jpg",https://www.kaggle.com/datasets/sergiosaharovskiy/uscoins,CC0: Public Domain
img_003237,USA,Nickel,Jefferson Nickel,,,Obverse,"coins/Jefferson Nickels, 1938-Date/Jefferson Nickel 26382_269 Obverse.jpg",https://www.kaggle.com/datasets/sergiosaharovskiy/uscoins,CC0: Public Domain
img_003238,USA,Nickel,Jefferson Nickel,,,Reverse,"coins/Jefferson Nickels, 1938-Date/Jefferson Nickel 26382_209 Reverse.jpg",https://www.kaggle.com/datasets/sergiosaharovskiy/uscoins,CC0: Public Domain
img_003239,USA,Nickel,Jefferson Nickel,,,Reverse,"coins/Jefferson Nickels, 1938-Date/Jefferson Nickel 86528_92 Reverse.jpg",https://www.kaggle.com/datasets/sergiosaharovskiy/uscoins,CC0: Public Domain
img_003240,USA,Nickel,Jefferson Nickel,,,Reverse,"coins/Jefferson Nickels, 1938-Date/Jefferson Nickel 90905_176 Reverse.jpg",https://www.kaggle.com/datasets/sergiosaharovskiy/uscoins,CC0: Public Domain
img_003241,USA,Nickel,Jefferson Nickel,,,Reverse,"coins/Jefferson Nickels, 1938-Date/Jefferson Nickel 86528_152 Reverse.jpg",https://www.kaggle.com/datasets/sergiosaharovskiy/uscoins,CC0: Public Domain
img_003242,USA,Nickel,Jefferson Nickel,,,Obverse,"coins/Jefferson Nickels, 1938-Date/Jefferson Nickel 90905_186 Obverse.jpg",https://www.kaggle.com/datasets/sergiosaharovskiy/uscoins,CC0: Public Domain
img_003243,USA,Nickel,Jefferson Nickel,,,Reverse,"coins/Jefferson Nickels, 1938-Date/Jefferson Nickel 177303_87 Reverse.jpg",https://www.kaggle.com/datasets/sergiosaharovskiy/uscoins,CC0: Public Domain
img_003244,USA,Nickel,Jefferson Nickel,,,Reverse,"coins/Jefferson Nickels, 1938-Date/Jefferson Nickel 26324_35 Reverse.jpg",https://www.kaggle.com/datasets/sergiosaharovskiy/uscoins,CC0: Public Domain
img_003245,USA,Nickel,Jefferson Nickel,,,Reverse,"coins/Jefferson Nickels, 1938-Date/Jefferson Nickel 86528_126 Reverse.jpg",https://www.kaggle.com/datasets/sergiosaharovskiy/uscoins,CC0: Public Domain
img_003246,USA,Nickel,Jefferson Nickel,,,Obverse,"coins/Jefferson Nickels, 1938-Date/Jefferson Nickel 86528_72 Obverse.jpg",https://www.kaggle.com/datasets/sergiosaharovskiy/uscoins,CC0: Public Domain
img_003247,USA,Nickel,Jefferson Nickel,,,Reverse,"coins/Jefferson Nickels, 1938-Date/Jefferson Nickel 90905_248 Reverse.jpg",https://www.kaggle.com/datasets/sergiosaharovskiy/uscoins,CC0: Public Domain
img_003248,USA,Nickel,Jefferson Nickel,,,Obverse,"coins/Jefferson Nickels, 1938-Date/Jefferson Nickel 86528_50 Obverse.jpg",https://www.kaggle.com/datasets/sergiosaharovskiy/uscoins,CC0: Public Domain
img_003249,USA,Nickel,Jefferson Nickel,,,Obverse,"coins/Jefferson Nickels, 1938-Date/Jefferson Nickel 26382_194 Obverse.jpg",https://www.kaggle.com/datasets/sergiosaharovskiy/uscoins,CC0: Public Domain
img_003250,USA,Nickel,Jefferson Nickel,,,Reverse,"coins/Jefferson Nickels, 1938-Date/Jefferson Nickel 177303_66 Reverse.jpg",https://www.kaggle.com/datasets/sergiosaharovskiy/uscoins,CC0: Public Domain
img_003251,USA,Nickel,Jefferson Nickel,,,Obverse,"coins/Jefferson Nickels, 1938-Date/Jefferson Nickel 177303_169 Obverse.jpg",https://www.kaggle.com/datasets/sergiosaharovskiy/uscoins,CC0: Public Domain
img_003252,USA,Nickel,Jefferson Nickel,,,Reverse,"coins/Jefferson Nickels, 1938-Date/Jefferson Nickel 90905_172 Reverse.jpg",https://www.kaggle.com/datasets/sergiosaharovskiy/uscoins,CC0: Public Domain
img_003253,USA,Nickel,Jefferson Nickel,,,Reverse,"coins/Jefferson Nickels, 1938-Date/Jefferson Nickel 86528_150 Reverse.jpg",https://www.kaggle.com/datasets/sergiosaharovskiy/uscoins,CC0: Public Domain
img_003254,USA,Nickel,Jefferson Nickel,,,Obverse,"coins/Jefferson Nickels, 1938-Date/Jefferson Nickel 90905_102 Obverse.jpg",https://www.kaggle.com/datasets/sergiosaharovskiy/uscoins,CC0: Public Domain
img_003255,USA,Nickel,Jefferson Nickel,,,Reverse,"coins/Jefferson Nickels, 1938-Date/Jefferson Nickel 90905_101 Reverse.jpg",https://www.kaggle.com/datasets/sergiosaharovskiy/uscoins,CC0: Public Domain
img_003256,USA,Nickel,Jefferson Nickel,,,Obverse,"coins/Jefferson Nickels, 1938-Date/Jefferson Nickel 90905_205 Obverse.jpg",https://www.kaggle.com/datasets/sergiosaharovskiy/uscoins,CC0: Public Domain
img_003257,USA,Nickel,Jefferson Nickel,,,Obverse,"coins/Jefferson Nickels, 1938-Date/Jefferson Nickel 26382_5 Obverse.jpg",https://www.kaggle.com/datasets/sergiosaharovskiy/uscoins,CC0: Public Domain
img_003258,USA,Nickel,Jefferson Nickel,,,Reverse,"coins/Jefferson Nickels, 1938-Date/Jefferson Nickel 26382_56 Reverse.jpg",https://www.kaggle.com/datasets/sergiosaharovskiy/uscoins,CC0: Public Domain
img_003259,USA,Nickel,Jefferson Nickel,,,Reverse,"coins/Jefferson Nickels, 1938-Date/Jefferson Nickel 26382_215 Reverse.jpg",https://www.kaggle.com/datasets/sergiosaharovskiy/uscoins,CC0: Public Domain
img_003260,USA,Nickel,Jefferson Nickel,,,Reverse,"coins/Jefferson Nickels, 1938-Date/Jefferson Nickel 86528_11 Reverse.jpg",https://www.kaggle.com/datasets/sergiosaharovskiy/uscoins,CC0: Public Domain
img_003261,USA,Nickel,Jefferson Nickel,,,Obverse,"coins/Jefferson Nickels, 1938-Date/Jefferson Nickel 26382_132 Obverse.jpg",https://www.kaggle.com/datasets/sergiosaharovskiy/uscoins,CC0: Public Domain
img_003262,USA,Nickel,Jefferson Nickel,,,Reverse,"coins/Jefferson Nickels, 1938-Date/Jefferson Nickel 26505_226 Reverse.jpg",https://www.kaggle.com/datasets/sergiosaharovskiy/uscoins,CC0: Public Domain
img_003263,USA,Nickel,Jefferson Nickel,,,Reverse,"coins/Jefferson Nickels, 1938-Date/Jefferson Nickel 86528_98 Reverse.jpg",https://www.kaggle.com/datasets/sergiosaharovskiy/uscoins,CC0: Public Domain
img_003264,USA,Nickel,Jefferson Nickel,,,Obverse,"coins/Jefferson Nickels, 1938-Date/Jefferson Nickel 26382_87 Obverse.jpg",https://www.kaggle.com/datasets/sergiosaharovskiy/uscoins,CC0: Public Domain
img_003265,USA,Nickel,Jefferson Nickel,,,Obverse,"coins/Jefferson Nickels, 1938-Date/Jefferson Nickel 26382_97 Obverse.jpg",https://www.kaggle.com/datasets/sergiosaharovskiy/uscoins,CC0: Public Domain
img_003266,USA,Nickel,Jefferson Nickel,,,Obverse,"coins/Jefferson Nickels, 1938-Date/Jefferson Nickel 26382_226 Obverse.jpg",https://www.kaggle.com/datasets/sergiosaharovskiy/uscoins,CC0: Public Domain
img_003267,USA,Nickel,Jefferson Nickel,,,Obverse,"coins/Jefferson Nickels, 1938-Date/Jefferson Nickel 90905_203 Obverse.jpg",https://www.kaggle.com/datasets/sergiosaharovskiy/uscoins,CC0: Public Domain
img_003268,USA,Nickel,Jefferson Nickel,,,Obverse,"coins/Jefferson Nickels, 1938-Date/Jefferson Nickel 177303_150 Obverse.jpg",https://www.kaggle.com/datasets/sergiosaharovskiy/uscoins,CC0: Public Domain
img_003269,USA,Nickel,Jefferson Nickel,,,Reverse,"coins/Jefferson Nickels, 1938-Date/Jefferson Nickel 177303_82 Reverse.jpg",https://www.kaggle.com/datasets/sergiosaharovskiy/uscoins,CC0: Public Domain
img_003270,USA,Nickel,Jefferson Nickel,,,Obverse,"coins/Jefferson Nickels, 1938-Date/Jefferson Nickel 177303_116 Obverse.jpg",https://www.kaggle.com/datasets/sergiosaharovskiy/uscoins,CC0: Public Domain
img_003271,USA,Nickel,Jefferson Nickel,,,Reverse,"coins/Jefferson Nickels, 1938-Date/Jefferson Nickel 86528_36 Reverse.jpg",https://www.kaggle.com/datasets/sergiosaharovskiy/uscoins,CC0: Public Domain
img_003272,USA,Nickel,Jefferson Nickel,,,Obverse,"coins/Jefferson Nickels, 1938-Date/Jefferson Nickel 26382_9 Obverse.jpg",https://www.kaggle.com/datasets/sergiosaharovskiy/uscoins,CC0: Public Domain
img_003273,USA,Nickel,Jefferson Nickel,,,Reverse,"coins/Jefferson Nickels, 1938-Date/Jefferson Nickel 90905_33 Reverse.jpg",https://www.kaggle.com/datasets/sergiosaharovskiy/uscoins,CC0: Public Domain
img_003274,USA,Nickel,Jefferson Nickel,,,Reverse,"coins/Jefferson Nickels, 1938-Date/Jefferson Nickel 26382_50 Reverse.jpg",https://www.kaggle.com/datasets/sergiosaharovskiy/uscoins,CC0: Public Domain
img_003275,USA,Nickel,Jefferson Nickel,,,Obverse,"coins/Jefferson Nickels, 1938-Date/Jefferson Nickel 177303_108 Obverse.jpg",https://www.kaggle.com/datasets/sergiosaharovskiy/uscoins,CC0: Public Domain
img_003276,USA,Nickel,Jefferson Nickel,,,Obverse,"coins/Jefferson Nickels, 1938-Date/Jefferson Nickel 90905_85 Obverse.jpg",https://www.kaggle.com/datasets/sergiosaharovskiy/uscoins,CC0: Public Domain
img_003277,USA,Nickel,Jefferson Nickel,,,Obverse,"coins/Jefferson Nickels, 1938-Date/Jefferson Nickel 177303_42 Obverse.jpg",https://www.kaggle.com/datasets/sergiosaharovskiy/uscoins,CC0: Public Domain
img_003278,USA,Nickel,Jefferson Nickel,,,Obverse,"coins/Jefferson Nickels, 1938-Date/Jefferson Nickel 90905_187 Obverse.jpg",https://www.kaggle.com/datasets/sergiosaharovskiy/uscoins,CC0: Public Domain
img_003279,USA,Nickel,Jefferson Nickel,,,Reverse,"coins/Jefferson Nickels, 1938-Date/Jefferson Nickel 86528_171 Reverse.jpg",https://www.kaggle.com/datasets/sergiosaharovskiy/uscoins,CC0: Public Domain
img_003280,USA,Nickel,Jefferson Nickel,,,Reverse,"coins/Jefferson Nickels, 1938-Date/Jefferson Nickel 90905_240 Reverse.jpg",https://www.kaggle.com/datasets/sergiosaharovskiy/uscoins,CC0: Public Domain
img_003281,USA,Nickel,Jefferson Nickel,,,Obverse,"coins/Jefferson Nickels, 1938-Date/Jefferson Nickel 90905_52 Obverse.jpg",https://www.kaggle.com/datasets/sergiosaharovskiy/uscoins,CC0: Public Domain
img_003282,USA,Nickel,Jefferson Nickel,,,Obverse,"coins/Jefferson Nickels, 1938-Date/Jefferson Nickel 90905_135 Obverse.jpg",https://www.kaggle.com/datasets/sergiosaharovskiy/uscoins,CC0: Public Domain
img_003283,USA,Nickel,Jefferson Nickel,,,Reverse,"coins/Jefferson Nickels, 1938-Date/Jefferson Nickel 30916_72 Reverse.jpg",https://www.kaggle.com/datasets/sergiosaharovskiy/uscoins,CC0: Public Domain
img_003284,USA,Nickel,Jefferson Nickel,,,Obverse,"coins/Jefferson Nickels, 1938-Date/Jefferson Nickel 86528_146 Obverse.jpg",https://www.kaggle.com/datasets/sergiosaharovskiy/uscoins,CC0: Public Domain
img_003285,USA,Nickel,Jefferson Nickel,,,Reverse,"coins/Jefferson Nickels, 1938-Date/Jefferson Nickel 26324_71 Reverse.jpg",https://www.kaggle.com/datasets/sergiosaharovskiy/uscoins,CC0: Public Domain
img_003286,USA,Nickel,Jefferson Nickel,,,Reverse,"coins/Jefferson Nickels, 1938-Date/Jefferson Nickel 26382_29 Reverse.jpg",https://www.kaggle.com/datasets/sergiosaharovskiy/uscoins,CC0: Public Domain
img_003287,USA,Nickel,Jefferson Nickel,,,Reverse,"coins/Jefferson Nickels, 1938-Date/Jefferson Nickel 26382_49 Reverse.jpg",https://www.kaggle.com/datasets/sergiosaharovskiy/uscoins,CC0: Public Domain
img_003288,USA,Nickel,Jefferson Nickel,,,Obverse,"coins/Jefferson Nickels, 1938-Date/Jefferson Nickel 86528_121 Obverse.jpg",https://www.kaggle.com/datasets/sergiosaharovskiy/uscoins,CC0: Public Domain
img_003289,USA,Nickel,Jefferson Nickel,,,Obverse,"coins/Jefferson Nickels, 1938-Date/Jefferson Nickel 90905_191 Obverse.jpg",https://www.kaggle.com/datasets/sergiosaharovskiy/uscoins,CC0: Public Domain
img_003290,USA,Nickel,Jefferson Nickel,,,Obverse,"coins/Jefferson Nickels, 1938-Date/Jefferson Nickel 177303_78 Obverse.jpg",https://www.kaggle.com/datasets/sergiosaharovskiy/uscoins,CC0: Public Domain
img_003291,USA,Nickel,Jefferson Nickel,,,Obverse,"coins/Jefferson Nickels, 1938-Date/Jefferson Nickel 26505_166 Obverse.jpg",https://www.kaggle.com/datasets/sergiosaharovskiy/uscoins,CC0: Public Domain
img_003292,USA,Nickel,Jefferson Nickel,,,Reverse,"coins/Jefferson Nickels, 1938-Date/Jefferson Nickel 90905_231 Reverse.jpg",https://www.kaggle.com/datasets/sergiosaharovskiy/uscoins,CC0: Public Domain
img_003293,USA,Nickel,Jefferson Nickel,,,Reverse,"coins/Jefferson Nickels, 1938-Date/Jefferson Nickel 26324_6 Reverse.jpg",https://www.kaggle.com/datasets/sergiosaharovskiy/uscoins,CC0: Public Domain
img_003294,USA,Nickel,Jefferson Nickel,,,Obverse,"coins/Jefferson Nickels, 1938-Date/Jefferson Nickel 86528_148 Obverse.jpg",https://www.kaggle.com/datasets/sergiosaharovskiy/uscoins,CC0: Public Domain
img_003295,USA,Nickel,Jefferson Nickel,,,Reverse,"coins/Jefferson Nickels, 1938-Date/Jefferson Nickel 30916_126 Reverse.jpg",https://www.kaggle.com/datasets/sergiosaharovskiy/uscoins,CC0: Public Domain
img_003296,USA,Nickel,Jefferson Nickel,,,Reverse,"coins/Jefferson Nickels, 1938-Date/Jefferson Nickel 86528_102 Reverse.jpg",https://www.kaggle.com/datasets/sergiosaharovskiy/uscoins,CC0: Public Domain
img_003297,USA,Nickel,Jefferson Nickel,,,Obverse,"coins/Jefferson Nickels, 1938-Date/Jefferson Nickel 26324_60 Obverse.jpg",https://www.kaggle.com/datasets/sergiosaharovskiy/uscoins,CC0: Public Domain
img_003298,USA,Nickel,Jefferson Nickel,,,Reverse,"coins/Jefferson Nickels, 1938-Date/Jefferson Nickel 30916_158 Reverse.jpg",https://www.kaggle.com/datasets/sergiosaharovskiy/uscoins,CC0: Public Domain
img_003299,USA,Nickel,Jefferson Nickel,,,Obverse,"coins/Jefferson Nickels, 1938-Date/Jefferson Nickel 26324_20 Obverse.jpg",https://www.kaggle.com/datasets/sergiosaharovskiy/uscoins,CC0: Public Domain
img_003300,USA,Nickel,Jefferson Nickel,,,Obverse,"coins/Jefferson Nickels, 1938-Date/Jefferson Nickel 90905_192 Obverse.jpg",https://www.kaggle.com/datasets/sergiosaharovskiy/uscoins,CC0: Public Domain
img_003301,USA,Nickel,Jefferson Nickel,,,Reverse,"coins/Jefferson Nickels, 1938-Date/Jefferson Nickel 177303_163 Reverse.jpg",https://www.kaggle.com/datasets/sergiosaharovskiy/uscoins,CC0: Public Domain
img_003302,USA,Nickel,Jefferson Nickel,,,Obverse,"coins/Jefferson Nickels, 1938-Date/Jefferson Nickel 26382_105 Obverse.jpg",https://www.kaggle.com/datasets/sergiosaharovskiy/uscoins,CC0: Public Domain
img_003303,USA,Nickel,Jefferson Nickel,,,Reverse,"coins/Jefferson Nickels, 1938-Date/Jefferson Nickel 26382_199 Reverse.jpg",https://www.kaggle.com/datasets/sergiosaharovskiy/uscoins,CC0: Public Domain
img_003304,USA,Nickel,Jefferson Nickel,,,Reverse,"coins/Jefferson Nickels, 1938-Date/Jefferson Nickel 90905_49 Reverse.jpg",https://www.kaggle.com/datasets/sergiosaharovskiy/uscoins,CC0: Public Domain
img_003305,USA,Nickel,Jefferson Nickel,,,Obverse,"coins/Jefferson Nickels, 1938-Date/Jefferson Nickel 90905_225 Obverse.jpg",https://www.kaggle.com/datasets/sergiosaharovskiy/uscoins,CC0: Public Domain
img_003306,USA,Nickel,Jefferson Nickel,,,Reverse,"coins/Jefferson Nickels, 1938-Date/Jefferson Nickel 26324_75 Reverse.jpg",https://www.kaggle.com/datasets/sergiosaharovskiy/uscoins,CC0: Public Domain
img_003307,USA,Nickel,Jefferson Nickel,,,Reverse,"coins/Jefferson Nickels, 1938-Date/Jefferson Nickel 26324_15 Reverse.jpg",https://www.kaggle.com/datasets/sergiosaharovskiy/uscoins,CC0: Public Domain
img_003308,USA,Nickel,Jefferson Nickel,,,Obverse,"coins/Jefferson Nickels, 1938-Date/Jefferson Nickel 86528_110 Obverse.jpg",https://www.kaggle.com/datasets/sergiosaharovskiy/uscoins,CC0: Public Domain
img_003309,USA,Nickel,Jefferson Nickel,,,Obverse,"coins/Jefferson Nickels, 1938-Date/Jefferson Nickel 26382_13 Obverse.jpg",https://www.kaggle.com/datasets/sergiosaharovskiy/uscoins,CC0: Public Domain
img_003310,USA,Nickel,Jefferson Nickel,,,Obverse,"coins/Jefferson Nickels, 1938-Date/Jefferson Nickel 90905_30 Obverse.jpg",https://www.kaggle.com/datasets/sergiosaharovskiy/uscoins,CC0: Public Domain
img_003311,USA,Nickel,Jefferson Nickel,,,Reverse,"coins/Jefferson Nickels, 1938-Date/Jefferson Nickel 26382_251 Reverse.jpg",https://www.kaggle.com/datasets/sergiosaharovskiy/uscoins,CC0: Public Domain
img_003312,USA,Nickel,Jefferson Nickel,,,Reverse,"coins/Jefferson Nickels, 1938-Date/Jefferson Nickel 26382_238 Reverse.jpg",https://www.kaggle.com/datasets/sergiosaharovskiy/uscoins,CC0: Public Domain
img_003313,USA,Nickel,Jefferson Nickel,,,Reverse,"coins/Jefferson Nickels, 1938-Date/Jefferson Nickel 26324_65 Reverse.jpg",https://www.kaggle.com/datasets/sergiosaharovskiy/uscoins,CC0: Public Domain
img_003314,USA,Nickel,Jefferson Nickel,,,Obverse,"coins/Jefferson Nickels, 1938-Date/Jefferson Nickel 26505_133 Obverse.jpg",https://www.kaggle.com/datasets/sergiosaharovskiy/uscoins,CC0: Public Domain
img_003315,USA,Nickel,Jefferson Nickel,,,Reverse,"coins/Jefferson Nickels, 1938-Date/Jefferson Nickel 26382_25 Reverse.jpg",https://www.kaggle.com/datasets/sergiosaharovskiy/uscoins,CC0: Public Domain
img_003316,USA,Nickel,Jefferson Nickel,,,Reverse,"coins/Jefferson Nickels, 1938-Date/Jefferson Nickel 86528_96 Reverse.jpg",https://www.kaggle.com/datasets/sergiosaharovskiy/uscoins,CC0: Public Domain
img_003317,USA,Nickel,Jefferson Nickel,,,Reverse,"coins/Jefferson Nickels, 1938-Date/Jefferson Nickel 212555_161 Reverse.jpg",https://www.kaggle.com/datasets/sergiosaharovskiy/uscoins,CC0: Public Domain
img_003318,USA,Nickel,Jefferson Nickel,,,Reverse,"coins/Jefferson Nickels, 1938-Date/Jefferson Nickel 26505_136 Reverse.jpg",https://www.kaggle.com/datasets/sergiosaharovskiy/uscoins,CC0: Public Domain
img_003319,USA,Nickel,Jefferson Nickel,,,Obverse,"coins/Jefferson Nickels, 1938-Date/Jefferson Nickel 26505_207 Obverse.jpg",https://www.kaggle.com/datasets/sergiosaharovskiy/uscoins,CC0: Public Domain
img_003320,USA,Nickel,Jefferson Nickel,,,Reverse,"coins/Jefferson Nickels, 1938-Date/Jefferson Nickel 30916_2 Reverse.jpg",https://www.kaggle.com/datasets/sergiosaharovskiy/uscoins,CC0: Public Domain
img_003321,USA,Nickel,Jefferson Nickel,,,Obverse,"coins/Jefferson Nickels, 1938-Date/Jefferson Nickel 86528_58 Obverse.jpg",https://www.kaggle.com/datasets/sergiosaharovskiy/uscoins,CC0: Public Domain
img_003322,USA,Nickel,Jefferson Nickel,,,Reverse,"coins/Jefferson Nickels, 1938-Date/Jefferson Nickel 86528_134 Reverse.jpg",https://www.kaggle.com/datasets/sergiosaharovskiy/uscoins,CC0: Public Domain
img_003323,USA,Nickel,Jefferson Nickel,,,Obverse,"coins/Jefferson Nickels, 1938-Date/Jefferson Nickel 26505_172 Obverse.jpg",https://www.kaggle.com/datasets/sergiosaharovskiy/uscoins,CC0: Public Domain
img_003324,USA,Nickel,Jefferson Nickel,,,Reverse,"coins/Jefferson Nickels, 1938-Date/Jefferson Nickel 26382_67 Reverse.jpg",https://www.kaggle.com/datasets/sergiosaharovskiy/uscoins,CC0: Public Domain
img_003325,USA,Nickel,Jefferson Nickel,,,Reverse,"coins/Jefferson Nickels, 1938-Date/Jefferson Nickel 177303_64 Reverse.jpg",https://www.kaggle.com/datasets/sergiosaharovskiy/uscoins,CC0: Public Domain
img_003326,USA,Nickel,Jefferson Nickel,,,Reverse,"coins/Jefferson Nickels, 1938-Date/Jefferson Nickel 90905_123 Reverse.jpg",https://www.kaggle.com/datasets/sergiosaharovskiy/uscoins,CC0: Public Domain
img_003327,USA,Nickel,Jefferson Nickel,,,Reverse,"coins/Jefferson Nickels, 1938-Date/Jefferson Nickel 26382_129 Reverse.jpg",https://www.kaggle.com/datasets/sergiosaharovskiy/uscoins,CC0: Public Domain
img_003328,USA,Nickel,Jefferson Nickel,,,Obverse,"coins/Jefferson Nickels, 1938-Date/Jefferson Nickel 177303_148 Obverse.jpg",https://www.kaggle.com/datasets/sergiosaharovskiy/uscoins,CC0: Public Domain
img_003329,USA,Nickel,Jefferson Nickel,,,Reverse,"coins/Jefferson Nickels, 1938-Date/Jefferson Nickel 86528_57 Reverse.jpg",https://www.kaggle.com/datasets/sergiosaharovskiy/uscoins,CC0: Public Domain
img_003330,USA,Nickel,Jefferson Nickel,,,Reverse,"coins/Jefferson Nickels, 1938-Date/Jefferson Nickel 177303_171 Reverse.jpg",https://www.kaggle.com/datasets/sergiosaharovskiy/uscoins,CC0: Public Domain
img_003331,USA,Nickel,Jefferson Nickel,,,Obverse,"coins/Jefferson Nickels, 1938-Date/Jefferson Nickel 26382_122 Obverse.jpg",https://www.kaggle.com/datasets/sergiosaharovskiy/uscoins,CC0: Public Domain
img_003332,USA,Nickel,Jefferson Nickel,,,Reverse,"coins/Jefferson Nickels, 1938-Date/Jefferson Nickel 26324_51 Reverse.jpg",https://www.kaggle.com/datasets/sergiosaharovskiy/uscoins,CC0: Public Domain
img_003333,USA,Nickel,Jefferson Nickel,,,Reverse,"coins/Jefferson Nickels, 1938-Date/Jefferson Nickel 30916_134 Reverse.jpg",https://www.kaggle.com/datasets/sergiosaharovskiy/uscoins,CC0: Public Domain
img_003334,USA,Nickel,Jefferson Nickel,,,Reverse,"coins/Jefferson Nickels, 1938-Date/Jefferson Nickel 26382_107 Reverse.jpg",https://www.kaggle.com/datasets/sergiosaharovskiy/uscoins,CC0: Public Domain
img_003335,USA,Nickel,Jefferson Nickel,,,Reverse,"coins/Jefferson Nickels, 1938-Date/Jefferson Nickel 26382_75 Reverse.jpg",https://www.kaggle.com/datasets/sergiosaharovskiy/uscoins,CC0: Public Domain
img_003336,USA,Nickel,Jefferson Nickel,,,Reverse,"coins/Jefferson Nickels, 1938-Date/Jefferson Nickel 30916_78 Reverse.jpg",https://www.kaggle.com/datasets/sergiosaharovskiy/uscoins,CC0: Public Domain
img_003337,USA,Nickel,Jefferson Nickel,,,Reverse,"coins/Jefferson Nickels, 1938-Date/Jefferson Nickel 26382_242 Reverse.jpg",https://www.kaggle.com/datasets/sergiosaharovskiy/uscoins,CC0: Public Domain
img_003338,USA,Nickel,Jefferson Nickel,,,Reverse,"coins/Jefferson Nickels, 1938-Date/Jefferson Nickel 90905_131 Reverse.jpg",https://www.kaggle.com/datasets/sergiosaharovskiy/uscoins,CC0: Public Domain
img_003339,USA,Nickel,Jefferson Nickel,,,Reverse,"coins/Jefferson Nickels, 1938-Date/Jefferson Nickel 177303_84 Reverse.jpg",https://www.kaggle.com/datasets/sergiosaharovskiy/uscoins,CC0: Public Domain
img_003340,USA,Nickel,Jefferson Nickel,,,Obverse,"coins/Jefferson Nickels, 1938-Date/Jefferson Nickel 86528_40 Obverse.jpg",https://www.kaggle.com/datasets/sergiosaharovskiy/uscoins,CC0: Public Domain
img_003341,USA,Nickel,Jefferson Nickel,,,Reverse,"coins/Jefferson Nickels, 1938-Date/Jefferson Nickel 86528_94 Reverse.jpg",https://www.kaggle.com/datasets/sergiosaharovskiy/uscoins,CC0: Public Domain
img_003342,USA,Nickel,Jefferson Nickel,,,Reverse,"coins/Jefferson Nickels, 1938-Date/Jefferson Nickel 90905_175 Reverse.jpg",https://www.kaggle.com/datasets/sergiosaharovskiy/uscoins,CC0: Public Domain
img_003343,USA,Nickel,Jefferson Nickel,,,Reverse,"coins/Jefferson Nickels, 1938-Date/Jefferson Nickel 177303_105 Reverse.jpg",https://www.kaggle.com/datasets/sergiosaharovskiy/uscoins,CC0: Public Domain
img_003344,USA,Nickel,Jefferson Nickel,,,Obverse,"coins/Jefferson Nickels, 1938-Date/Jefferson Nickel 26324_86 Obverse.jpg",https://www.kaggle.com/datasets/sergiosaharovskiy/uscoins,CC0: Public Domain
img_003345,USA,Nickel,Jefferson Nickel,,,Obverse,"coins/Jefferson Nickels, 1938-Date/Jefferson Nickel 86528_64 Obverse.jpg",https://www.kaggle.com/datasets/sergiosaharovskiy/uscoins,CC0: Public Domain
img_003346,USA,Nickel,Jefferson Nickel,,,Reverse,"coins/Jefferson Nickels, 1938-Date/Jefferson Nickel 26324_34 Reverse.jpg",https://www.kaggle.com/datasets/sergiosaharovskiy/uscoins,CC0: Public Domain
img_003347,USA,Nickel,Jefferson Nickel,,,Obverse,"coins/Jefferson Nickels, 1938-Date/Jefferson Nickel 86528_158 Obverse.jpg",https://www.kaggle.com/datasets/sergiosaharovskiy/uscoins,CC0: Public Domain
img_003348,USA,Nickel,Jefferson Nickel,,,Reverse,"coins/Jefferson Nickels, 1938-Date/Jefferson Nickel 212555_30 Reverse.jpg",https://www.kaggle.com/datasets/sergiosaharovskiy/uscoins,CC0: Public Domain
img_003349,USA,Nickel,Jefferson Nickel,,,Reverse,"coins/Jefferson Nickels, 1938-Date/Jefferson Nickel 86528_74 Reverse.jpg",https://www.kaggle.com/datasets/sergiosaharovskiy/uscoins,CC0: Public Domain
img_003350,USA,Nickel,Jefferson Nickel,,,Reverse,"coins/Jefferson Nickels, 1938-Date/Jefferson Nickel 177303_98 Reverse.jpg",https://www.kaggle.com/datasets/sergiosaharovskiy/uscoins,CC0: Public Domain
img_003351,USA,Nickel,Jefferson Nickel,,,Reverse,"coins/Jefferson Nickels, 1938-Date/Jefferson Nickel 30916_4 Reverse.jpg",https://www.kaggle.com/datasets/sergiosaharovskiy/uscoins,CC0: Public Domain
img_003352,USA,Nickel,Jefferson Nickel,,,Reverse,"coins/Jefferson Nickels, 1938-Date/Jefferson Nickel 26382_21 Reverse.jpg",https://www.kaggle.com/datasets/sergiosaharovskiy/uscoins,CC0: Public Domain
img_003353,USA,Nickel,Jefferson Nickel,,,Reverse,"coins/Jefferson Nickels, 1938-Date/Jefferson Nickel 90905_208 Reverse.jpg",https://www.kaggle.com/datasets/sergiosaharovskiy/uscoins,CC0: Public Domain
img_003354,USA,Nickel,Jefferson Nickel,,,Reverse,"coins/Jefferson Nickels, 1938-Date/Jefferson Nickel 177303_130 Reverse.jpg",https://www.kaggle.com/datasets/sergiosaharovskiy/uscoins,CC0: Public Domain
img_003355,USA,Nickel,Jefferson Nickel,,,Reverse,"coins/Jefferson Nickels, 1938-Date/Jefferson Nickel 212555_75 Reverse.jpg",https://www.kaggle.com/datasets/sergiosaharovskiy/uscoins,CC0: Public Domain
img_003356,USA,Nickel,Jefferson Nickel,,,Reverse,"coins/Jefferson Nickels, 1938-Date/Jefferson Nickel 90905_196 Reverse.jpg",https://www.kaggle.com/datasets/sergiosaharovskiy/uscoins,CC0: Public Domain
img_003357,USA,Nickel,Jefferson Nickel,,,Reverse,"coins/Jefferson Nickels, 1938-Date/Jefferson Nickel 26382_241 Reverse.jpg",https://www.kaggle.com/datasets/sergiosaharovskiy/uscoins,CC0: Public Domain
img_003358,USA,Nickel,Jefferson Nickel,,,Obverse,"coins/Jefferson Nickels, 1938-Date/Jefferson Nickel 26382_100 Obverse.jpg",https://www.kaggle.com/datasets/sergiosaharovskiy/uscoins,CC0: Public Domain
img_003359,USA,Nickel,Jefferson Nickel,,,Reverse,"coins/Jefferson Nickels, 1938-Date/Jefferson Nickel 30916_98 Reverse.jpg",https://www.kaggle.com/datasets/sergiosaharovskiy/uscoins,CC0: Public Domain
img_003360,USA,Nickel,Jefferson Nickel,,,Obverse,"coins/Jefferson Nickels, 1938-Date/Jefferson Nickel 86528_14 Obverse.jpg",https://www.kaggle.com/datasets/sergiosaharovskiy/uscoins,CC0: Public Domain
img_003361,USA,Nickel,Jefferson Nickel,,,Reverse,"coins/Jefferson Nickels, 1938-Date/Jefferson Nickel 86528_122 Reverse.jpg",https://www.kaggle.com/datasets/sergiosaharovskiy/uscoins,CC0: Public Domain
img_003362,USA,Nickel,Jefferson Nickel,,,Obverse,"coins/Jefferson Nickels, 1938-Date/Jefferson Nickel 86528_86 Obverse.jpg",https://www.kaggle.com/datasets/sergiosaharovskiy/uscoins,CC0: Public Domain
img_003363,USA,Nickel,Jefferson Nickel,,,Reverse,"coins/Jefferson Nickels, 1938-Date/Jefferson Nickel 26505_163 Reverse.jpg",https://www.kaggle.com/datasets/sergiosaharovskiy/uscoins,CC0: Public Domain
img_003364,USA,Nickel,Jefferson Nickel,,,Reverse,"coins/Jefferson Nickels, 1938-Date/Jefferson Nickel 30916_164 Reverse.jpg",https://www.kaggle.com/datasets/sergiosaharovskiy/uscoins,CC0: Public Domain
img_003365,USA,Nickel,Jefferson Nickel,,,Obverse,"coins/Jefferson Nickels, 1938-Date/Jefferson Nickel 26505_84 Obverse.jpg",https://www.kaggle.com/datasets/sergiosaharovskiy/uscoins,CC0: Public Domain
img_003366,USA,Nickel,Jefferson Nickel,,,Reverse,"coins/Jefferson Nickels, 1938-Date/Jefferson Nickel 26382_146 Reverse.jpg",https://www.kaggle.com/datasets/sergiosaharovskiy/uscoins,CC0: Public Domain
img_003367,USA,Nickel,Jefferson Nickel,,,Obverse,"coins/Jefferson Nickels, 1938-Date/Jefferson Nickel 177303_59 Obverse.jpg",https://www.kaggle.com/datasets/sergiosaharovskiy/uscoins,CC0: Public Domain
img_003368,USA,Nickel,Jefferson Nickel,,,Reverse,"coins/Jefferson Nickels, 1938-Date/Jefferson Nickel 26382_249 Reverse.jpg",https://www.kaggle.com/datasets/sergiosaharovskiy/uscoins,CC0: Public Domain
img_003369,USA,Nickel,Jefferson Nickel,,,Reverse,"coins/Jefferson Nickels, 1938-Date/Jefferson Nickel 90905_79 Reverse.jpg",https://www.kaggle.com/datasets/sergiosaharovskiy/uscoins,CC0: Public Domain
img_003370,USA,Nickel,Jefferson Nickel,,,Reverse,"coins/Jefferson Nickels, 1938-Date/Jefferson Nickel 90905_105 Reverse.jpg",https://www.kaggle.com/datasets/sergiosaharovskiy/uscoins,CC0: Public Domain
img_003371,USA,Nickel,Jefferson Nickel,,,Obverse,"coins/Jefferson Nickels, 1938-Date/Jefferson Nickel 26324_146 Obverse.jpg",https://www.kaggle.com/datasets/sergiosaharovskiy/uscoins,CC0: Public Domain
img_003372,USA,Nickel,Jefferson Nickel,,,Obverse,"coins/Jefferson Nickels, 1938-Date/Jefferson Nickel 177303_101 Obverse.jpg",https://www.kaggle.com/datasets/sergiosaharovskiy/uscoins,CC0: Public Domain
img_003373,USA,Nickel,Jefferson Nickel,,,Obverse,"coins/Jefferson Nickels, 1938-Date/Jefferson Nickel 86528_165 Obverse.jpg",https://www.kaggle.com/datasets/sergiosaharovskiy/uscoins,CC0: Public Domain
img_003374,USA,Nickel,Jefferson Nickel,,,Reverse,"coins/Jefferson Nickels, 1938-Date/Jefferson Nickel 90905_234 Reverse.jpg",https://www.kaggle.com/datasets/sergiosaharovskiy/uscoins,CC0: Public Domain
img_003375,USA,Nickel,Jefferson Nickel,,,Reverse,"coins/Jefferson Nickels, 1938-Date/Jefferson Nickel 26324_78 Reverse.jpg",https://www.kaggle.com/datasets/sergiosaharovskiy/uscoins,CC0: Public Domain
img_003376,USA,Nickel,Jefferson Nickel,,,Reverse,"coins/Jefferson Nickels, 1938-Date/Jefferson Nickel 177303_41 Reverse.jpg",https://www.kaggle.com/datasets/sergiosaharovskiy/uscoins,CC0: Public Domain
img_003377,USA,Nickel,Jefferson Nickel,,,Reverse,"coins/Jefferson Nickels, 1938-Date/Jefferson Nickel 212555_82 Reverse.jpg",https://www.kaggle.com/datasets/sergiosaharovskiy/uscoins,CC0: Public Domain
img_003378,USA,Nickel,Jefferson Nickel,,,Obverse,"coins/Jefferson Nickels, 1938-Date/Jefferson Nickel 26505_14 Obverse.jpg",https://www.kaggle.com/datasets/sergiosaharovskiy/uscoins,CC0: Public Domain
img_003379,USA,Nickel,Jefferson Nickel,,,Obverse,"coins/Jefferson Nickels, 1938-Date/Jefferson Nickel 26382_182 Obverse.jpg",https://www.kaggle.com/datasets/sergiosaharovskiy/uscoins,CC0: Public Domain
img_003380,USA,Nickel,Jefferson Nickel,,,Obverse,"coins/Jefferson Nickels, 1938-Date/Jefferson Nickel 26382_287 Obverse.jpg",https://www.kaggle.com/datasets/sergiosaharovskiy/uscoins,CC0: Public Domain
img_003381,USA,Nickel,Jefferson Nickel,,,Reverse,"coins/Jefferson Nickels, 1938-Date/Jefferson Nickel 26382_167 Reverse.jpg",https://www.kaggle.com/datasets/sergiosaharovskiy/uscoins,CC0: Public Domain
img_003382,USA,Nickel,Jefferson Nickel,,,Reverse,"coins/Jefferson Nickels, 1938-Date/Jefferson Nickel 177303_121 Reverse.jpg",https://www.kaggle.com/datasets/sergiosaharovskiy/uscoins,CC0: Public Domain
img_003383,USA,Nickel,Jefferson Nickel,,,Reverse,"coins/Jefferson Nickels, 1938-Date/Jefferson Nickel 30916_168 Reverse.jpg",https://www.kaggle.com/datasets/sergiosaharovskiy/uscoins,CC0: Public Domain
img_003384,USA,Nickel,Jefferson Nickel,,,Obverse,"coins/Jefferson Nickels, 1938-Date/Jefferson Nickel 90905_48 Obverse.jpg",https://www.kaggle.com/datasets/sergiosaharovskiy/uscoins,CC0: Public Domain
img_003385,USA,Nickel,Jefferson Nickel,,,Obverse,"coins/Jefferson Nickels, 1938-Date/Jefferson Nickel 90905_165 Obverse.jpg",https://www.kaggle.com/datasets/sergiosaharovskiy/uscoins,CC0: Public Domain
img_003386,USA,Nickel,Jefferson Nickel,,,Reverse,"coins/Jefferson Nickels, 1938-Date/Jefferson Nickel 90905_81 Reverse.jpg",https://www.kaggle.com/datasets/sergiosaharovskiy/uscoins,CC0: Public Domain
img_003387,USA,Nickel,Jefferson Nickel,,,Obverse,"coins/Jefferson Nickels, 1938-Date/Jefferson Nickel 26382_137 Obverse.jpg",https://www.kaggle.com/datasets/sergiosaharovskiy/uscoins,CC0: Public Domain
img_003388,USA,Nickel,Jefferson Nickel,,,Obverse,"coins/Jefferson Nickels, 1938-Date/Jefferson Nickel 26382_168 Obverse.jpg",https://www.kaggle.com/datasets/sergiosaharovskiy/uscoins,CC0: Public Domain
img_003389,USA,Nickel,Jefferson Nickel,,,Reverse,"coins/Jefferson Nickels, 1938-Date/Jefferson Nickel 177303_67 Reverse.jpg",https://www.kaggle.com/datasets/sergiosaharovskiy/uscoins,CC0: Public Domain
img_003390,USA,Nickel,Jefferson Nickel,,,Obverse,"coins/Jefferson Nickels, 1938-Date/Jefferson Nickel 26382_118 Obverse.jpg",https://www.kaggle.com/datasets/sergiosaharovskiy/uscoins,CC0: Public Domain
img_003391,USA,Nickel,Jefferson Nickel,,,Reverse,"coins/Jefferson Nickels, 1938-Date/Jefferson Nickel 26505_103 Reverse.jpg",https://www.kaggle.com/datasets/sergiosaharovskiy/uscoins,CC0: Public Domain
img_003392,USA,Nickel,Jefferson Nickel,,,Reverse,"coins/Jefferson Nickels, 1938-Date/Jefferson Nickel 26382_2 Reverse.jpg",https://www.kaggle.com/datasets/sergiosaharovskiy/uscoins,CC0: Public Domain
img_003393,USA,Nickel,Jefferson Nickel,,,Reverse,"coins/Jefferson Nickels, 1938-Date/Jefferson Nickel 90905_17 Reverse.jpg",https://www.kaggle.com/datasets/sergiosaharovskiy/uscoins,CC0: Public Domain
img_003394,USA,Nickel,Jefferson Nickel,,,Obverse,"coins/Jefferson Nickels, 1938-Date/Jefferson Nickel 26382_227 Obverse.jpg",https://www.kaggle.com/datasets/sergiosaharovskiy/uscoins,CC0: Public Domain
img_003395,USA,Nickel,Jefferson Nickel,,,Obverse,"coins/Jefferson Nickels, 1938-Date/Jefferson Nickel 86528_49 Obverse.jpg",https://www.kaggle.com/datasets/sergiosaharovskiy/uscoins,CC0: Public Domain
img_003396,USA,Nickel,Jefferson Nickel,,,Obverse,"coins/Jefferson Nickels, 1938-Date/Jefferson Nickel 26324_145 Obverse.jpg",https://www.kaggle.com/datasets/sergiosaharovskiy/uscoins,CC0: Public Domain
img_003397,USA,Nickel,Jefferson Nickel,,,Obverse,"coins/Jefferson Nickels, 1938-Date/Jefferson Nickel 90905_88 Obverse.jpg",https://www.kaggle.com/datasets/sergiosaharovskiy/uscoins,CC0: Public Domain
img_003398,USA,Nickel,Jefferson Nickel,,,Obverse,"coins/Jefferson Nickels, 1938-Date/Jefferson Nickel 26382_96 Obverse.jpg",https://www.kaggle.com/datasets/sergiosaharovskiy/uscoins,CC0: Public Domain
img_003399,USA,Nickel,Jefferson Nickel,,,Reverse,"coins/Jefferson Nickels, 1938-Date/Jefferson Nickel 90905_92 Reverse.jpg",https://www.kaggle.com/datasets/sergiosaharovskiy/uscoins,CC0: Public Domain
img_003400,USA,Nickel,Jefferson Nickel,,,Reverse,"coins/Jefferson Nickels, 1938-Date/Jefferson Nickel 212555_108 Reverse.jpg",https://www.kaggle.com/datasets/sergiosaharovskiy/uscoins,CC0: Public Domain
img_003401,USA,Nickel,Jefferson Nickel,,,Obverse,"coins/Jefferson Nickels, 1938-Date/Jefferson Nickel 26382_45 Obverse.jpg",https://www.kaggle.com/datasets/sergiosaharovskiy/uscoins,CC0: Public Domain
img_003402,USA,Nickel,Jefferson Nickel,,,Reverse,"coins/Jefferson Nickels, 1938-Date/Jefferson Nickel 86528_117 Reverse.jpg",https://www.kaggle.com/datasets/sergiosaharovskiy/uscoins,CC0: Public Domain
img_003403,USA,Nickel,Jefferson Nickel,,,Reverse,"coins/Jefferson Nickels, 1938-Date/Jefferson Nickel 177303_44 Reverse.jpg",https://www.kaggle.com/datasets/sergiosaharovskiy/uscoins,CC0: Public Domain
img_003404,USA,Nickel,Jefferson Nickel,,,Reverse,"coins/Jefferson Nickels, 1938-Date/Jefferson Nickel 26324_106 Reverse.jpg",https://www.kaggle.com/datasets/sergiosaharovskiy/uscoins,CC0: Public Domain
img_003405,USA,Nickel,Jefferson Nickel,,,Reverse,"coins/Jefferson Nickels, 1938-Date/Jefferson Nickel 26382_48 Reverse.jpg",https://www.kaggle.com/datasets/sergiosaharovskiy/uscoins,CC0: Public Domain
img_003406,USA,Nickel,Jefferson Nickel,,,Reverse,"coins/Jefferson Nickels, 1938-Date/Jefferson Nickel 177303_47 Reverse.jpg",https://www.kaggle.com/datasets/sergiosaharovskiy/uscoins,CC0: Public Domain
img_003407,USA,Nickel,Jefferson Nickel,,,Reverse,"coins/Jefferson Nickels, 1938-Date/Jefferson Nickel 86528_12 Reverse.jpg",https://www.kaggle.com/datasets/sergiosaharovskiy/uscoins,CC0: Public Domain
img_003408,USA,Nickel,Jefferson Nickel,,,Reverse,"coins/Jefferson Nickels, 1938-Date/Jefferson Nickel 26324_137 Reverse.jpg",https://www.kaggle.com/datasets/sergiosaharovskiy/uscoins,CC0: Public Domain
img_003409,USA,Nickel,Jefferson Nickel,,,Obverse,"coins/Jefferson Nickels, 1938-Date/Jefferson Nickel 90905_4 Obverse.jpg",https://www.kaggle.com/datasets/sergiosaharovskiy/uscoins,CC0: Public Domain
img_003410,USA,Nickel,Jefferson Nickel,,,Obverse,"coins/Jefferson Nickels, 1938-Date/Jefferson Nickel 90905_219 Obverse.jpg",https://www.kaggle.com/datasets/sergiosaharovskiy/uscoins,CC0: Public Domain
img_003411,USA,Nickel,Jefferson Nickel,,,Reverse,"coins/Jefferson Nickels, 1938-Date/Jefferson Nickel 26324_1 Reverse.jpg",https://www.kaggle.com/datasets/sergiosaharovskiy/uscoins,CC0: Public Domain
img_003412,USA,Nickel,Jefferson Nickel,,,Obverse,"coins/Jefferson Nickels, 1938-Date/Jefferson Nickel 26382_89 Obverse.jpg",https://www.kaggle.com/datasets/sergiosaharovskiy/uscoins,CC0: Public Domain
img_003413,USA,Nickel,Jefferson Nickel,,,Reverse,"coins/Jefferson Nickels, 1938-Date/Jefferson Nickel 30916_38 Reverse.jpg",https://www.kaggle.com/datasets/sergiosaharovskiy/uscoins,CC0: Public Domain
img_003414,USA,Nickel,Jefferson Nickel,,,Obverse,"coins/Jefferson Nickels, 1938-Date/Jefferson Nickel 26382_276 Obverse.jpg",https://www.kaggle.com/datasets/sergiosaharovskiy/uscoins,CC0: Public Domain
img_003415,USA,Nickel,Jefferson Nickel,,,Reverse,"coins/Jefferson Nickels, 1938-Date/Jefferson Nickel 177303_190 Reverse.jpg",https://www.kaggle.com/datasets/sergiosaharovskiy/uscoins,CC0: Public Domain
img_003416,USA,Nickel,Jefferson Nickel,,,Reverse,"coins/Jefferson Nickels, 1938-Date/Jefferson Nickel 177303_134 Reverse.jpg",https://www.kaggle.com/datasets/sergiosaharovskiy/uscoins,CC0: Public Domain
img_003417,USA,Nickel,Jefferson Nickel,,,Reverse,"coins/Jefferson Nickels, 1938-Date/Jefferson Nickel 30916_138 Reverse.jpg",https://www.kaggle.com/datasets/sergiosaharovskiy/uscoins,CC0: Public Domain
img_003418,USA,Nickel,Jefferson Nickel,,,Obverse,"coins/Jefferson Nickels, 1938-Date/Jefferson Nickel 26382_151 Obverse.jpg",https://www.kaggle.com/datasets/sergiosaharovskiy/uscoins,CC0: Public Domain
img_003419,USA,Nickel,Jefferson Nickel,,,Obverse,"coins/Jefferson Nickels, 1938-Date/Jefferson Nickel 86528_1 Obverse.jpg",https://www.kaggle.com/datasets/sergiosaharovskiy/uscoins,CC0: Public Domain
img_003420,USA,Nickel,Jefferson Nickel,,,Reverse,"coins/Jefferson Nickels, 1938-Date/Jefferson Nickel 30916_68 Reverse.jpg",https://www.kaggle.com/datasets/sergiosaharovskiy/uscoins,CC0: Public Domain
img_003421,USA,Nickel,Jefferson Nickel,,,Reverse,"coins/Jefferson Nickels, 1938-Date/Jefferson Nickel 26382_221 Reverse.jpg",https://www.kaggle.com/datasets/sergiosaharovskiy/uscoins,CC0: Public Domain
img_003422,USA,Nickel,Jefferson Nickel,,,Reverse,"coins/Jefferson Nickels, 1938-Date/Jefferson Nickel 90905_62 Reverse.jpg",https://www.kaggle.com/datasets/sergiosaharovskiy/uscoins,CC0: Public Domain
img_003423,USA,Nickel,Jefferson Nickel,,,Reverse,"coins/Jefferson Nickels, 1938-Date/Jefferson Nickel 212555_164 Reverse.jpg",https://www.kaggle.com/datasets/sergiosaharovskiy/uscoins,CC0: Public Domain
img_003424,USA,Nickel,Jefferson Nickel,,,Reverse,"coins/Jefferson Nickels, 1938-Date/Jefferson Nickel 30916_42 Reverse.jpg",https://www.kaggle.com/datasets/sergiosaharovskiy/uscoins,CC0: Public Domain
img_003425,USA,Nickel,Jefferson Nickel,,,Reverse,"coins/Jefferson Nickels, 1938-Date/Jefferson Nickel 26324_8 Reverse.jpg",https://www.kaggle.com/datasets/sergiosaharovskiy/uscoins,CC0: Public Domain
img_003426,USA,Nickel,Jefferson Nickel,,,Obverse,"coins/Jefferson Nickels, 1938-Date/Jefferson Nickel 177303_22 Obverse.jpg",https://www.kaggle.com/datasets/sergiosaharovskiy/uscoins,CC0: Public Domain
img_003427,USA,Nickel,Jefferson Nickel,,,Reverse,"coins/Jefferson Nickels, 1938-Date/Jefferson Nickel 30916_34 Reverse.jpg",https://www.kaggle.com/datasets/sergiosaharovskiy/uscoins,CC0: Public Domain
img_003428,USA,Nickel,Jefferson Nickel,,,Reverse,"coins/Jefferson Nickels, 1938-Date/Jefferson Nickel 177303_132 Reverse.jpg",https://www.kaggle.com/datasets/sergiosaharovskiy/uscoins,CC0: Public Domain
img_003429,USA,Nickel,Jefferson Nickel,,,Reverse,"coins/Jefferson Nickels, 1938-Date/Jefferson Nickel 86528_113 Reverse.jpg",https://www.kaggle.com/datasets/sergiosaharovskiy/uscoins,CC0: Public Domain
img_003430,USA,Nickel,Jefferson Nickel,,,Obverse,"coins/Jefferson Nickels, 1938-Date/Jefferson Nickel 26382_116 Obverse.jpg",https://www.kaggle.com/datasets/sergiosaharovskiy/uscoins,CC0: Public Domain
img_003431,USA,Nickel,Jefferson Nickel,,,Reverse,"coins/Jefferson Nickels, 1938-Date/Jefferson Nickel 86528_170 Reverse.jpg",https://www.kaggle.com/datasets/sergiosaharovskiy/uscoins,CC0: Public Domain
img_003432,USA,Nickel,Jefferson Nickel,,,Obverse,"coins/Jefferson Nickels, 1938-Date/Jefferson Nickel 177303_45 Obverse.jpg",https://www.kaggle.com/datasets/sergiosaharovskiy/uscoins,CC0: Public Domain
img_003433,USA,Nickel,Jefferson Nickel,,,Obverse,"coins/Jefferson Nickels, 1938-Date/Jefferson Nickel 26382_124 Obverse.jpg",https://www.kaggle.com/datasets/sergiosaharovskiy/uscoins,CC0: Public Domain
img_003434,USA,Nickel,Jefferson Nickel,,,Reverse,"coins/Jefferson Nickels, 1938-Date/Jefferson Nickel 90905_239 Reverse.jpg",https://www.kaggle.com/datasets/sergiosaharovskiy/uscoins,CC0: Public Domain
img_003435,USA,Nickel,Jefferson Nickel,,,Obverse,"coins/Jefferson Nickels, 1938-Date/Jefferson Nickel 26324_62 Obverse.jpg",https://www.kaggle.com/datasets/sergiosaharovskiy/uscoins,CC0: Public Domain
img_003436,USA,Nickel,Jefferson Nickel,,,Reverse,"coins/Jefferson Nickels, 1938-Date/Jefferson Nickel 90905_114 Reverse.jpg",https://www.kaggle.com/datasets/sergiosaharovskiy/uscoins,CC0: Public Domain
img_003437,USA,Nickel,Jefferson Nickel,,,Obverse,"coins/Jefferson Nickels, 1938-Date/Jefferson Nickel 177303_164 Obverse.jpg",https://www.kaggle.com/datasets/sergiosaharovskiy/uscoins,CC0: Public Domain
img_003438,USA,Nickel,Jefferson Nickel,,,Obverse,"coins/Jefferson Nickels, 1938-Date/Jefferson Nickel 26382_172 Obverse.jpg",https://www.kaggle.com/datasets/sergiosaharovskiy/uscoins,CC0: Public Domain
img_003439,USA,Nickel,Jefferson Nickel,,,Reverse,"coins/Jefferson Nickels, 1938-Date/Jefferson Nickel 30916_62 Reverse.jpg",https://www.kaggle.com/datasets/sergiosaharovskiy/uscoins,CC0: Public Domain
img_003440,USA,Nickel,Jefferson Nickel,,,Reverse,"coins/Jefferson Nickels, 1938-Date/Jefferson Nickel 26324_70 Reverse.jpg",https://www.kaggle.com/datasets/sergiosaharovskiy/uscoins,CC0: Public Domain
img_003441,USA,Nickel,Jefferson Nickel,,,Obverse,"coins/Jefferson Nickels, 1938-Date/Jefferson Nickel 26382_250 Obverse.jpg",https://www.kaggle.com/datasets/sergiosaharovskiy/uscoins,CC0: Public Domain
img_003442,USA,Nickel,Jefferson Nickel,,,Obverse,"coins/Jefferson Nickels, 1938-Date/Jefferson Nickel 26324_30 Obverse.jpg",https://www.kaggle.com/datasets/sergiosaharovskiy/uscoins,CC0: Public Domain
img_003443,USA,Nickel,Jefferson Nickel,,,Obverse,"coins/Jefferson Nickels, 1938-Date/Jefferson Nickel 90905_97 Obverse.jpg",https://www.kaggle.com/datasets/sergiosaharovskiy/uscoins,CC0: Public Domain
img_003444,USA,Nickel,Jefferson Nickel,,,Reverse,"coins/Jefferson Nickels, 1938-Date/Jefferson Nickel 30916_103 Reverse.jpg",https://www.kaggle.com/datasets/sergiosaharovskiy/uscoins,CC0: Public Domain
img_003445,USA,Nickel,Jefferson Nickel,,,Obverse,"coins/Jefferson Nickels, 1938-Date/Jefferson Nickel 177303_196 Obverse.jpg",https://www.kaggle.com/datasets/sergiosaharovskiy/uscoins,CC0: Public Domain
img_003446,USA,Nickel,Jefferson Nickel,,,Obverse,"coins/Jefferson Nickels, 1938-Date/Jefferson Nickel 90905_84 Obverse.jpg",https://www.kaggle.com/datasets/sergiosaharovskiy/uscoins,CC0: Public Domain
img_003447,USA,Nickel,Jefferson Nickel,,,Reverse,"coins/Jefferson Nickels, 1938-Date/Jefferson Nickel 86528_29 Reverse.jpg",https://www.kaggle.com/datasets/sergiosaharovskiy/uscoins,CC0: Public Domain
img_003448,USA,Nickel,Jefferson Nickel,,,Reverse,"coins/Jefferson Nickels, 1938-Date/Jefferson Nickel 26382_109 Reverse.jpg",https://www.kaggle.com/datasets/sergiosaharovskiy/uscoins,CC0: Public Domain
img_003449,USA,Nickel,Jefferson Nickel,,,Reverse,"coins/Jefferson Nickels, 1938-Date/Jefferson Nickel 177303_177 Reverse.jpg",https://www.kaggle.com/datasets/sergiosaharovskiy/uscoins,CC0: Public Domain
img_003450,USA,Nickel,Jefferson Nickel,,,Obverse,"coins/Jefferson Nickels, 1938-Date/Jefferson Nickel 177303_135 Obverse.jpg",https://www.kaggle.com/datasets/sergiosaharovskiy/uscoins,CC0: Public Domain
img_003451,USA,Nickel,Jefferson Nickel,,,Obverse,"coins/Jefferson Nickels, 1938-Date/Jefferson Nickel 86528_25 Obverse.jpg",https://www.kaggle.com/datasets/sergiosaharovskiy/uscoins,CC0: Public Domain
img_003452,USA,Nickel,Jefferson Nickel,,,Obverse,"coins/Jefferson Nickels, 1938-Date/Jefferson Nickel 26505_186 Obverse.jpg",https://www.kaggle.com/datasets/sergiosaharovskiy/uscoins,CC0: Public Domain
img_003453,USA,Nickel,Jefferson Nickel,,,Reverse,"coins/Jefferson Nickels, 1938-Date/Jefferson Nickel 90905_242 Reverse.jpg",https://www.kaggle.com/datasets/sergiosaharovskiy/uscoins,CC0: Public Domain
img_003454,USA,Nickel,Jefferson Nickel,,,Reverse,"coins/Jefferson Nickels, 1938-Date/Jefferson Nickel 26382_195 Reverse.jpg",https://www.kaggle.com/datasets/sergiosaharovskiy/uscoins,CC0: Public Domain
img_003455,USA,Nickel,Jefferson Nickel,,,Reverse,"coins/Jefferson Nickels, 1938-Date/Jefferson Nickel 26382_3 Reverse.jpg",https://www.kaggle.com/datasets/sergiosaharovskiy/uscoins,CC0: Public Domain
img_003456,USA,Nickel,Jefferson Nickel,,,Reverse,"coins/Jefferson Nickels, 1938-Date/Jefferson Nickel 177303_13 Reverse.jpg",https://www.kaggle.com/datasets/sergiosaharovskiy/uscoins,CC0: Public Domain
img_003457,USA,Nickel,Jefferson Nickel,,,Obverse,"coins/Jefferson Nickels, 1938-Date/Jefferson Nickel 26324_27 Obverse.jpg",https://www.kaggle.com/datasets/sergiosaharovskiy/uscoins,CC0: Public Domain
img_003458,USA,Nickel,Jefferson Nickel,,,Reverse,"coins/Jefferson Nickels, 1938-Date/Jefferson Nickel 90905_202 Reverse.jpg",https://www.kaggle.com/datasets/sergiosaharovskiy/uscoins,CC0: Public Domain
img_003459,USA,Nickel,Jefferson Nickel,,,Reverse,"coins/Jefferson Nickels, 1938-Date/Jefferson Nickel 90905_129 Reverse.jpg",https://www.kaggle.com/datasets/sergiosaharovskiy/uscoins,CC0: Public Domain
img_003460,USA,Nickel,Jefferson Nickel,,,Obverse,"coins/Jefferson Nickels, 1938-Date/Jefferson Nickel 86528_90 Obverse.jpg",https://www.kaggle.com/datasets/sergiosaharovskiy/uscoins,CC0: Public Domain
img_003461,USA,Nickel,Jefferson Nickel,,,Obverse,"coins/Jefferson Nickels, 1938-Date/Jefferson Nickel 90905_245 Obverse.jpg",https://www.kaggle.com/datasets/sergiosaharovskiy/uscoins,CC0: Public Domain
img_003462,USA,Nickel,Jefferson Nickel,,,Obverse,"coins/Jefferson Nickels, 1938-Date/Jefferson Nickel 90905_227 Obverse.jpg",https://www.kaggle.com/datasets/sergiosaharovskiy/uscoins,CC0: Public Domain
img_003463,USA,Nickel,Jefferson Nickel,,,Reverse,"coins/Jefferson Nickels, 1938-Date/Jefferson Nickel 26382_265 Reverse.jpg",https://www.kaggle.com/datasets/sergiosaharovskiy/uscoins,CC0: Public Domain
img_003464,USA,Nickel,Jefferson Nickel,,,Obverse,"coins/Jefferson Nickels, 1938-Date/Jefferson Nickel 90905_86 Obverse.jpg",https://www.kaggle.com/datasets/sergiosaharovskiy/uscoins,CC0: Public Domain
img_003465,USA,Nickel,Jefferson Nickel,,,Obverse,"coins/Jefferson Nickels, 1938-Date/Jefferson Nickel 26382_237 Obverse.jpg",https://www.kaggle.com/datasets/sergiosaharovskiy/uscoins,CC0: Public Domain
img_003466,USA,Nickel,Jefferson Nickel,,,Obverse,"coins/Jefferson Nickels, 1938-Date/Jefferson Nickel 90905_108 Obverse.jpg",https://www.kaggle.com/datasets/sergiosaharovskiy/uscoins,CC0: Public Domain
img_003467,USA,Nickel,Jefferson Nickel,,,Reverse,"coins/Jefferson Nickels, 1938-Date/Jefferson Nickel 30916_40 Reverse.jpg",https://www.kaggle.com/datasets/sergiosaharovskiy/uscoins,CC0: Public Domain
img_003468,USA,Nickel,Jefferson Nickel,,,Reverse,"coins/Jefferson Nickels, 1938-Date/Jefferson Nickel 90905_2 Reverse.jpg",https://www.kaggle.com/datasets/sergiosaharovskiy/uscoins,CC0: Public Domain
img_003469,USA,Nickel,Jefferson Nickel,,,Reverse,"coins/Jefferson Nickels, 1938-Date/Jefferson Nickel 86528_85 Reverse.jpg",https://www.kaggle.com/datasets/sergiosaharovskiy/uscoins,CC0: Public Domain
img_003470,USA,Nickel,Jefferson Nickel,,,Reverse,"coins/Jefferson Nickels, 1938-Date/Jefferson Nickel 26324_76 Reverse.jpg",https://www.kaggle.com/datasets/sergiosaharovskiy/uscoins,CC0: Public Domain
img_003471,USA,Nickel,Jefferson Nickel,,,Reverse,"coins/Jefferson Nickels, 1938-Date/Jefferson Nickel 90905_120 Reverse.jpg",https://www.kaggle.com/datasets/sergiosaharovskiy/uscoins,CC0: Public Domain
img_003472,USA,Nickel,Jefferson Nickel,,,Obverse,"coins/Jefferson Nickels, 1938-Date/Jefferson Nickel 26382_62 Obverse.jpg",https://www.kaggle.com/datasets/sergiosaharovskiy/uscoins,CC0: Public Domain
img_003473,USA,Nickel,Jefferson Nickel,,,Reverse,"coins/Jefferson Nickels, 1938-Date/Jefferson Nickel 26382_260 Reverse.jpg",https://www.kaggle.com/datasets/sergiosaharovskiy/uscoins,CC0: Public Domain
img_003474,USA,Nickel,Jefferson Nickel,,,Obverse,"coins/Jefferson Nickels, 1938-Date/Jefferson Nickel 26324_115 Obverse.jpg",https://www.kaggle.com/datasets/sergiosaharovskiy/uscoins,CC0: Public Domain
img_003475,USA,Nickel,Jefferson Nickel,,,Obverse,"coins/Jefferson Nickels, 1938-Date/Jefferson Nickel 90905_142 Obverse.jpg",https://www.kaggle.com/datasets/sergiosaharovskiy/uscoins,CC0: Public Domain
img_003476,USA,Nickel,Jefferson Nickel,,,Reverse,"coins/Jefferson Nickels, 1938-Date/Jefferson Nickel 177303_3 Reverse.jpg",https://www.kaggle.com/datasets/sergiosaharovskiy/uscoins,CC0: Public Domain
img_003477,USA,Nickel,Jefferson Nickel,,,Obverse,"coins/Jefferson Nickels, 1938-Date/Jefferson Nickel 90905_80 Obverse.jpg",https://www.kaggle.com/datasets/sergiosaharovskiy/uscoins,CC0: Public Domain
img_003478,USA,Nickel,Jefferson Nickel,,,Reverse,"coins/Jefferson Nickels, 1938-Date/Jefferson Nickel 212555_93 Reverse.jpg",https://www.kaggle.com/datasets/sergiosaharovskiy/uscoins,CC0: Public Domain
img_003479,USA,Nickel,Jefferson Nickel,,,Reverse,"coins/Jefferson Nickels, 1938-Date/Jefferson Nickel 26382_4 Reverse.jpg",https://www.kaggle.com/datasets/sergiosaharovskiy/uscoins,CC0: Public Domain
img_003480,USA,Nickel,Jefferson Nickel,,,Obverse,"coins/Jefferson Nickels, 1938-Date/Jefferson Nickel 177303_144 Obverse.jpg",https://www.kaggle.com/datasets/sergiosaharovskiy/uscoins,CC0: Public Domain
img_003481,USA,Nickel,Jefferson Nickel,,,Reverse,"coins/Jefferson Nickels, 1938-Date/Jefferson Nickel 90905_232 Reverse.jpg",https://www.kaggle.com/datasets/sergiosaharovskiy/uscoins,CC0: Public Domain
img_003482,USA,Nickel,Jefferson Nickel,,,Obverse,"coins/Jefferson Nickels, 1938-Date/Jefferson Nickel 26382_179 Obverse.jpg",https://www.kaggle.com/datasets/sergiosaharovskiy/uscoins,CC0: Public Domain
img_003483,USA,Nickel,Jefferson Nickel,,,Obverse,"coins/Jefferson Nickels, 1938-Date/Jefferson Nickel 177303_12 Obverse.jpg",https://www.kaggle.com/datasets/sergiosaharovskiy/uscoins,CC0: Public Domain
img_003484,USA,Nickel,Jefferson Nickel,,,Reverse,"coins/Jefferson Nickels, 1938-Date/Jefferson Nickel 30916_74 Reverse.jpg",https://www.kaggle.com/datasets/sergiosaharovskiy/uscoins,CC0: Public Domain
img_003485,USA,Nickel,Jefferson Nickel,,,Obverse,"coins/Jefferson Nickels, 1938-Date/Jefferson Nickel 26382_173 Obverse.jpg",https://www.kaggle.com/datasets/sergiosaharovskiy/uscoins,CC0: Public Domain
img_003486,USA,Nickel,Jefferson Nickel,,,Obverse,"coins/Jefferson Nickels, 1938-Date/Jefferson Nickel 177303_49 Obverse.jpg",https://www.kaggle.com/datasets/sergiosaharovskiy/uscoins,CC0: Public Domain
img_003487,USA,Nickel,Jefferson Nickel,,,Obverse,"coins/Jefferson Nickels, 1938-Date/Jefferson Nickel 26382_117 Obverse.jpg",https://www.kaggle.com/datasets/sergiosaharovskiy/uscoins,CC0: Public Domain
img_003488,USA,Nickel,Jefferson Nickel,,,Reverse,"coins/Jefferson Nickels, 1938-Date/Jefferson Nickel 26505_132 Reverse.jpg",https://www.kaggle.com/datasets/sergiosaharovskiy/uscoins,CC0: Public Domain
img_003489,USA,Nickel,Jefferson Nickel,,,Reverse,"coins/Jefferson Nickels, 1938-Date/Jefferson Nickel 90905_77 Reverse.jpg",https://www.kaggle.com/datasets/sergiosaharovskiy/uscoins,CC0: Public Domain
img_003490,USA,Nickel,Jefferson Nickel,,,Reverse,"coins/Jefferson Nickels, 1938-Date/Jefferson Nickel 177303_156 Reverse.jpg",https://www.kaggle.com/datasets/sergiosaharovskiy/uscoins,CC0: Public Domain
img_003491,USA,Nickel,Jefferson Nickel,,,Obverse,"coins/Jefferson Nickels, 1938-Date/Jefferson Nickel 90905_11 Obverse.jpg",https://www.kaggle.com/datasets/sergiosaharovskiy/uscoins,CC0: Public Domain
img_003492,USA,Nickel,Jefferson Nickel,,,Reverse,"coins/Jefferson Nickels, 1938-Date/Jefferson Nickel 90905_106 Reverse.jpg",https://www.kaggle.com/datasets/sergiosaharovskiy/uscoins,CC0: Public Domain
img_003493,USA,Nickel,Jefferson Nickel,,,Obverse,"coins/Jefferson Nickels, 1938-Date/Jefferson Nickel 90905_168 Obverse.jpg",https://www.kaggle.com/datasets/sergiosaharovskiy/uscoins,CC0: Public Domain
img_003494,USA,Nickel,Jefferson Nickel,,,Reverse,"coins/Jefferson Nickels, 1938-Date/Jefferson Nickel 26324_21 Reverse.jpg",https://www.kaggle.com/datasets/sergiosaharovskiy/uscoins,CC0: Public Domain
img_003495,USA,Nickel,Jefferson Nickel,,,Reverse,"coins/Jefferson Nickels, 1938-Date/Jefferson Nickel 90905_246 Reverse.jpg",https://www.kaggle.com/datasets/sergiosaharovskiy/uscoins,CC0: Public Domain
img_003496,USA,Nickel,Jefferson Nickel,,,Reverse,"coins/Jefferson Nickels, 1938-Date/Jefferson Nickel 86528_31 Reverse.jpg",https://www.kaggle.com/datasets/sergiosaharovskiy/uscoins,CC0: Public Domain
img_003497,USA,Nickel,Jefferson Nickel,,,Obverse,"coins/Jefferson Nickels, 1938-Date/Jefferson Nickel 26324_124 Obverse.jpg",https://www.kaggle.com/datasets/sergiosaharovskiy/uscoins,CC0: Public Domain
img_003498,USA,Nickel,Jefferson Nickel,,,Obverse,"coins/Jefferson Nickels, 1938-Date/Jefferson Nickel 26324_104 Obverse.jpg",https://www.kaggle.com/datasets/sergiosaharovskiy/uscoins,CC0: Public Domain
img_003499,USA,Nickel,Jefferson Nickel,,,Obverse,"coins/Jefferson Nickels, 1938-Date/Jefferson Nickel 26382_16 Obverse.jpg",https://www.kaggle.com/datasets/sergiosaharovskiy/uscoins,CC0: Public Domain
img_003500,USA,Nickel,Jefferson Nickel,,,Reverse,"coins/Jefferson Nickels, 1938-Date/Jefferson Nickel 177303_97 Reverse.jpg",https://www.kaggle.com/datasets/sergiosaharovskiy/uscoins,CC0: Public Domain
img_003501,USA,Nickel,Jefferson Nickel,,,Obverse,"coins/Jefferson Nickels, 1938-Date/Jefferson Nickel 86528_99 Obverse.jpg",https://www.kaggle.com/datasets/sergiosaharovskiy/uscoins,CC0: Public Domain
img_003502,USA,Nickel,Jefferson Nickel,,,Obverse,"coins/Jefferson Nickels, 1938-Date/Jefferson Nickel 26382_286 Obverse.jpg",https://www.kaggle.com/datasets/sergiosaharovskiy/uscoins,CC0: Public Domain
img_003503,USA,Nickel,Jefferson Nickel,,,Reverse,"coins/Jefferson Nickels, 1938-Date/Jefferson Nickel 177303_155 Reverse.jpg",https://www.kaggle.com/datasets/sergiosaharovskiy/uscoins,CC0: Public Domain
img_003504,USA,Nickel,Jefferson Nickel,,,Reverse,"coins/Jefferson Nickels, 1938-Date/Jefferson Nickel 177303_120 Reverse.jpg",https://www.kaggle.com/datasets/sergiosaharovskiy/uscoins,CC0: Public Domain
img_003505,USA,Nickel,Jefferson Nickel,,,Reverse,"coins/Jefferson Nickels, 1938-Date/Jefferson Nickel 90905_152 Reverse.jpg",https://www.kaggle.com/datasets/sergiosaharovskiy/uscoins,CC0: Public Domain
img_003506,USA,Nickel,Jefferson Nickel,,,Reverse,"coins/Jefferson Nickels, 1938-Date/Jefferson Nickel 30916_111 Reverse.jpg",https://www.kaggle.com/datasets/sergiosaharovskiy/uscoins,CC0: Public Domain
img_003507,USA,Nickel,Jefferson Nickel,,,Reverse,"coins/Jefferson Nickels, 1938-Date/Jefferson Nickel 26382_197 Reverse.jpg",https://www.kaggle.com/datasets/sergiosaharovskiy/uscoins,CC0: Public Domain
img_003508,USA,Nickel,Jefferson Nickel,,,Reverse,"coins/Jefferson Nickels, 1938-Date/Jefferson Nickel 90905_235 Reverse.jpg",https://www.kaggle.com/datasets/sergiosaharovskiy/uscoins,CC0: Public Domain
img_003509,USA,Nickel,Jefferson Nickel,,,Reverse,"coins/Jefferson Nickels, 1938-Date/Jefferson Nickel 90905_70 Reverse.jpg",https://www.kaggle.com/datasets/sergiosaharovskiy/uscoins,CC0: Public Domain
img_003510,USA,Nickel,Jefferson Nickel,,,Obverse,"coins/Jefferson Nickels, 1938-Date/Jefferson Nickel 86528_26 Obverse.jpg",https://www.kaggle.com/datasets/sergiosaharovskiy/uscoins,CC0: Public Domain
img_003511,USA,Nickel,Jefferson Nickel,,,Obverse,"coins/Jefferson Nickels, 1938-Date/Jefferson Nickel 86528_128 Obverse.jpg",https://www.kaggle.com/datasets/sergiosaharovskiy/uscoins,CC0: Public Domain
img_003512,USA,Nickel,Jefferson Nickel,,,Reverse,"coins/Jefferson Nickels, 1938-Date/Jefferson Nickel 26382_261 Reverse.jpg",https://www.kaggle.com/datasets/sergiosaharovskiy/uscoins,CC0: Public Domain
img_003513,USA,Nickel,Jefferson Nickel,,,Reverse,"coins/Jefferson Nickels, 1938-Date/Jefferson Nickel 90905_146 Reverse.jpg",https://www.kaggle.com/datasets/sergiosaharovskiy/uscoins,CC0: Public Domain
img_003514,USA,Nickel,Jefferson Nickel,,,Obverse,"coins/Jefferson Nickels, 1938-Date/Jefferson Nickel 90905_258 Obverse.jpg",https://www.kaggle.com/datasets/sergiosaharovskiy/uscoins,CC0: Public Domain
img_003515,USA,Nickel,Jefferson Nickel,,,Obverse,"coins/Jefferson Nickels, 1938-Date/Jefferson Nickel 177303_176 Obverse.jpg",https://www.kaggle.com/datasets/sergiosaharovskiy/uscoins,CC0: Public Domain
img_003516,USA,Nickel,Jefferson Nickel,,,Reverse,"coins/Jefferson Nickels, 1938-Date/Jefferson Nickel 26324_39 Reverse.jpg",https://www.kaggle.com/datasets/sergiosaharovskiy/uscoins,CC0: Public Domain
img_003517,USA,Nickel,Jefferson Nickel,,,Obverse,"coins/Jefferson Nickels, 1938-Date/Jefferson Nickel 26505_138 Obverse.jpg",https://www.kaggle.com/datasets/sergiosaharovskiy/uscoins,CC0: Public Domain
img_003518,USA,Nickel,Jefferson Nickel,,,Obverse,"coins/Jefferson Nickels, 1938-Date/Jefferson Nickel 90905_170 Obverse.jpg",https://www.kaggle.com/datasets/sergiosaharovskiy/uscoins,CC0: Public Domain
img_003519,USA,Nickel,Jefferson Nickel,,,Reverse,"coins/Jefferson Nickels, 1938-Date/Jefferson Nickel 90905_228 Reverse.jpg",https://www.kaggle.com/datasets/sergiosaharovskiy/uscoins,CC0: Public Domain
img_003520,USA,Nickel,Jefferson Nickel,,,Obverse,"coins/Jefferson Nickels, 1938-Date/Jefferson Nickel 90905_43 Obverse.jpg",https://www.kaggle.com/datasets/sergiosaharovskiy/uscoins,CC0: Public Domain
img_003521,USA,Nickel,Jefferson Nickel,,,Obverse,"coins/Jefferson Nickels, 1938-Date/Jefferson Nickel 177303_15 Obverse.jpg",https://www.kaggle.com/datasets/sergiosaharovskiy/uscoins,CC0: Public Domain
img_003522,USA,Nickel,Jefferson Nickel,,,Obverse,"coins/Jefferson Nickels, 1938-Date/Jefferson Nickel 26382_245 Obverse.jpg",https://www.kaggle.com/datasets/sergiosaharovskiy/uscoins,CC0: Public Domain
img_003523,USA,Nickel,Jefferson Nickel,,,Reverse,"coins/Jefferson Nickels, 1938-Date/Jefferson Nickel 26382_235 Reverse.jpg",https://www.kaggle.com/datasets/sergiosaharovskiy/uscoins,CC0: Public Domain
img_003524,USA,Nickel,Jefferson Nickel,,,Reverse,"coins/Jefferson Nickels, 1938-Date/Jefferson Nickel 86528_135 Reverse.jpg",https://www.kaggle.com/datasets/sergiosaharovskiy/uscoins,CC0: Public Domain
img_003525,USA,Nickel,Jefferson Nickel,,,Obverse,"coins/Jefferson Nickels, 1938-Date/Jefferson Nickel 90905_180 Obverse.jpg",https://www.kaggle.com/datasets/sergiosaharovskiy/uscoins,CC0: Public Domain
img_003526,USA,Nickel,Jefferson Nickel,,,Obverse,"coins/Jefferson Nickels, 1938-Date/Jefferson Nickel 177303_141 Obverse.jpg",https://www.kaggle.com/datasets/sergiosaharovskiy/uscoins,CC0: Public Domain
img_003527,USA,Nickel,Jefferson Nickel,,,Reverse,"coins/Jefferson Nickels, 1938-Date/Jefferson Nickel 26324_101 Reverse.jpg",https://www.kaggle.com/datasets/sergiosaharovskiy/uscoins,CC0: Public Domain
img_003528,USA,Nickel,Jefferson Nickel,,,Reverse,"coins/Jefferson Nickels, 1938-Date/Jefferson Nickel 177303_2 Reverse.jpg",https://www.kaggle.com/datasets/sergiosaharovskiy/uscoins,CC0: Public Domain
img_003529,USA,Nickel,Jefferson Nickel,,,Obverse,"coins/Jefferson Nickels, 1938-Date/Jefferson Nickel 26382_187 Obverse.jpg",https://www.kaggle.com/datasets/sergiosaharovskiy/uscoins,CC0: Public Domain
img_003530,USA,Nickel,Jefferson Nickel,,,Reverse,"coins/Jefferson Nickels, 1938-Date/Jefferson Nickel 30916_155 Reverse.jpg",https://www.kaggle.com/datasets/sergiosaharovskiy/uscoins,CC0: Public Domain
img_003531,USA,Nickel,Jefferson Nickel,,,Reverse,"coins/Jefferson Nickels, 1938-Date/Jefferson Nickel 26324_81 Reverse.jpg",https://www.kaggle.com/datasets/sergiosaharovskiy/uscoins,CC0: Public Domain
img_003532,USA,Nickel,Jefferson Nickel,,,Obverse,"coins/Jefferson Nickels, 1938-Date/Jefferson Nickel 26505_206 Obverse.jpg",https://www.kaggle.com/datasets/sergiosaharovskiy/uscoins,CC0: Public Domain
img_003533,USA,Nickel,Jefferson Nickel,,,Reverse,"coins/Jefferson Nickels, 1938-Date/Jefferson Nickel 26382_202 Reverse.jpg",https://www.kaggle.com/datasets/sergiosaharovskiy/uscoins,CC0: Public Domain
img_003534,USA,Nickel,Jefferson Nickel,,,Reverse,"coins/Jefferson Nickels, 1938-Date/Jefferson Nickel 177303_170 Reverse.jpg",https://www.kaggle.com/datasets/sergiosaharovskiy/uscoins,CC0: Public Domain
img_003535,USA,Nickel,Jefferson Nickel,,,Reverse,"coins/Jefferson Nickels, 1938-Date/Jefferson Nickel 30916_15 Reverse.jpg",https://www.kaggle.com/datasets/sergiosaharovskiy/uscoins,CC0: Public Domain
img_003536,USA,Nickel,Jefferson Nickel,,,Reverse,"coins/Jefferson Nickels, 1938-Date/Jefferson Nickel 30916_151 Reverse.jpg",https://www.kaggle.com/datasets/sergiosaharovskiy/uscoins,CC0: Public Domain
img_003537,USA,Nickel,Jefferson Nickel,,,Reverse,"coins/Jefferson Nickels, 1938-Date/Jefferson Nickel 26324_92 Reverse.jpg",https://www.kaggle.com/datasets/sergiosaharovskiy/uscoins,CC0: Public Domain
img_003538,USA,Nickel,Jefferson Nickel,,,Reverse,"coins/Jefferson Nickels, 1938-Date/Jefferson Nickel 26382_275 Reverse.jpg",https://www.kaggle.com/datasets/sergiosaharovskiy/uscoins,CC0: Public Domain
img_003539,USA,Nickel,Jefferson Nickel,,,Reverse,"coins/Jefferson Nickels, 1938-Date/Jefferson Nickel 26324_138 Reverse.jpg",https://www.kaggle.com/datasets/sergiosaharovskiy/uscoins,CC0: Public Domain
img_003540,USA,Nickel,Jefferson Nickel,,,Obverse,"coins/Jefferson Nickels, 1938-Date/Jefferson Nickel 86528_164 Obverse.jpg",https://www.kaggle.com/datasets/sergiosaharovskiy/uscoins,CC0: Public Domain
img_003541,USA,Nickel,Jefferson Nickel,,,Reverse,"coins/Jefferson Nickels, 1938-Date/Jefferson Nickel 26382_181 Reverse.jpg",https://www.kaggle.com/datasets/sergiosaharovskiy/uscoins,CC0: Public Domain
img_003542,USA,Nickel,Jefferson Nickel,,,Reverse,"coins/Jefferson Nickels, 1938-Date/Jefferson Nickel 177303_40 Reverse.jpg",https://www.kaggle.com/datasets/sergiosaharovskiy/uscoins,CC0: Public Domain
img_003543,USA,Nickel,Jefferson Nickel,,,Obverse,"coins/Jefferson Nickels, 1938-Date/Jefferson Nickel 26382_278 Obverse.jpg",https://www.kaggle.com/datasets/sergiosaharovskiy/uscoins,CC0: Public Domain
img_003544,USA,Nickel,Jefferson Nickel,,,Obverse,"coins/Jefferson Nickels, 1938-Date/Jefferson Nickel 177303_52 Obverse.jpg",https://www.kaggle.com/datasets/sergiosaharovskiy/uscoins,CC0: Public Domain
img_003545,USA,Nickel,Jefferson Nickel,,,Reverse,"coins/Jefferson Nickels, 1938-Date/Jefferson Nickel 212555_170 Reverse.jpg",https://www.kaggle.com/datasets/sergiosaharovskiy/uscoins,CC0: Public Domain
img_003546,USA,Nickel,Jefferson Nickel,,,Obverse,"coins/Jefferson Nickels, 1938-Date/Jefferson Nickel 26382_183 Obverse.jpg",https://www.kaggle.com/datasets/sergiosaharovskiy/uscoins,CC0: Public Domain
img_003547,USA,Nickel,Jefferson Nickel,,,Obverse,"coins/Jefferson Nickels, 1938-Date/Jefferson Nickel 26382_63 Obverse.jpg",https://www.kaggle.com/datasets/sergiosaharovskiy/uscoins,CC0: Public Domain
img_003548,USA,Nickel,Jefferson Nickel,,,Reverse,"coins/Jefferson Nickels, 1938-Date/Jefferson Nickel 26324_56 Reverse.jpg",https://www.kaggle.com/datasets/sergiosaharovskiy/uscoins,CC0: Public Domain
img_003549,USA,Nickel,Jefferson Nickel,,,Reverse,"coins/Jefferson Nickels, 1938-Date/Jefferson Nickel 90905_163 Reverse.jpg",https://www.kaggle.com/datasets/sergiosaharovskiy/uscoins,CC0: Public Domain
img_003550,USA,Nickel,Jefferson Nickel,,,Obverse,"coins/Jefferson Nickels, 1938-Date/Jefferson Nickel 26382_246 Obverse.jpg",https://www.kaggle.com/datasets/sergiosaharovskiy/uscoins,CC0: Public Domain
img_003551,USA,Nickel,Jefferson Nickel,,,Reverse,"coins/Jefferson Nickels, 1938-Date/Jefferson Nickel 26382_36 Reverse.jpg",https://www.kaggle.com/datasets/sergiosaharovskiy/uscoins,CC0: Public Domain
img_003552,USA,Nickel,Jefferson Nickel,,,Reverse,"coins/Jefferson Nickels, 1938-Date/Jefferson Nickel 26505_48 Reverse.jpg",https://www.kaggle.com/datasets/sergiosaharovskiy/uscoins,CC0: Public Domain
img_003553,USA,Nickel,Jefferson Nickel,,,Obverse,"coins/Jefferson Nickels, 1938-Date/Jefferson Nickel 26324_50 Obverse.jpg",https://www.kaggle.com/datasets/sergiosaharovskiy/uscoins,CC0: Public Domain
img_003554,USA,Nickel,Jefferson Nickel,,,Reverse,"coins/Jefferson Nickels, 1938-Date/Jefferson Nickel 212555_21 Reverse.jpg",https://www.kaggle.com/datasets/sergiosaharovskiy/uscoins,CC0: Public Domain
img_003555,USA,Nickel,Jefferson Nickel,,,Reverse,"coins/Jefferson Nickels, 1938-Date/Jefferson Nickel 86528_87 Reverse.jpg",https://www.kaggle.com/datasets/sergiosaharovskiy/uscoins,CC0: Public Domain
img_003556,USA,Nickel,Jefferson Nickel,,,Reverse,"coins/Jefferson Nickels, 1938-Date/Jefferson Nickel 90905_252 Reverse.jpg",https://www.kaggle.com/datasets/sergiosaharovskiy/uscoins,CC0: Public Domain
img_003557,USA,Nickel,Jefferson Nickel,,,Obverse,"coins/Jefferson Nickels, 1938-Date/Jefferson Nickel 90905_247 Obverse.jpg",https://www.kaggle.com/datasets/sergiosaharovskiy/uscoins,CC0: Public Domain
img_003558,USA,Nickel,Jefferson Nickel,,,Reverse,"coins/Jefferson Nickels, 1938-Date/Jefferson Nickel 26505_234 Reverse.jpg",https://www.kaggle.com/datasets/sergiosaharovskiy/uscoins,CC0: Public Domain
img_003559,USA,Nickel,Jefferson Nickel,,,Reverse,"coins/Jefferson Nickels, 1938-Date/Jefferson Nickel 30916_31 Reverse.jpg",https://www.kaggle.com/datasets/sergiosaharovskiy/uscoins,CC0: Public Domain
img_003560,USA,Nickel,Jefferson Nickel,,,Reverse,"coins/Jefferson Nickels, 1938-Date/Jefferson Nickel 86528_83 Reverse.jpg",https://www.kaggle.com/datasets/sergiosaharovskiy/uscoins,CC0: Public Domain
img_003561,USA,Nickel,Jefferson Nickel,,,Reverse,"coins/Jefferson Nickels, 1938-Date/Jefferson Nickel 177303_21 Reverse.jpg",https://www.kaggle.com/datasets/sergiosaharovskiy/uscoins,CC0: Public Domain
img_003562,USA,Nickel,Jefferson Nickel,,,Reverse,"coins/Jefferson Nickels, 1938-Date/Jefferson Nickel 177303_24 Reverse.jpg",https://www.kaggle.com/datasets/sergiosaharovskiy/uscoins,CC0: Public Domain
img_003563,USA,Nickel,Jefferson Nickel,,,Obverse,"coins/Jefferson Nickels, 1938-Date/Jefferson Nickel 26382_123 Obverse.jpg",https://www.kaggle.com/datasets/sergiosaharovskiy/uscoins,CC0: Public Domain
img_003564,USA,Nickel,Jefferson Nickel,,,Reverse,"coins/Jefferson Nickels, 1938-Date/Jefferson Nickel 177303_114 Reverse.jpg",https://www.kaggle.com/datasets/sergiosaharovskiy/uscoins,CC0: Public Domain
img_003565,USA,Nickel,Jefferson Nickel,,,Reverse,"coins/Jefferson Nickels, 1938-Date/Jefferson Nickel 26382_41 Reverse.jpg",https://www.kaggle.com/datasets/sergiosaharovskiy/uscoins,CC0: Public Domain
img_003566,USA,Nickel,Jefferson Nickel,,,Reverse,"coins/Jefferson Nickels, 1938-Date/Jefferson Nickel 26382_200 Reverse.jpg",https://www.kaggle.com/datasets/sergiosaharovskiy/uscoins,CC0: Public Domain
img_003567,USA,Nickel,Jefferson Nickel,,,Reverse,"coins/Jefferson Nickels, 1938-Date/Jefferson Nickel 86528_4 Reverse.jpg",https://www.kaggle.com/datasets/sergiosaharovskiy/uscoins,CC0: Public Domain
img_003568,USA,Nickel,Jefferson Nickel,,,Reverse,"coins/Jefferson Nickels, 1938-Date/Jefferson Nickel 26324_147 Reverse.jpg",https://www.kaggle.com/datasets/sergiosaharovskiy/uscoins,CC0: Public Domain
img_003569,USA,Nickel,Jefferson Nickel,,,Obverse,"coins/Jefferson Nickels, 1938-Date/Jefferson Nickel 26382_198 Obverse.jpg",https://www.kaggle.com/datasets/sergiosaharovskiy/uscoins,CC0: Public Domain
img_003570,USA,Nickel,Jefferson Nickel,,,Reverse,"coins/Jefferson Nickels, 1938-Date/Jefferson Nickel 177303_136 Reverse.jpg",https://www.kaggle.com/datasets/sergiosaharovskiy/uscoins,CC0: Public Domain
img_003571,USA,Nickel,Jefferson Nickel,,,Obverse,"coins/Jefferson Nickels, 1938-Date/Jefferson Nickel 90905_28 Obverse.jpg",https://www.kaggle.com/datasets/sergiosaharovskiy/uscoins,CC0: Public Domain
img_003572,USA,Nickel,Jefferson Nickel,,,Obverse,"coins/Jefferson Nickels, 1938-Date/Jefferson Nickel 90905_161 Obverse.jpg",https://www.kaggle.com/datasets/sergiosaharovskiy/uscoins,CC0: Public Domain
img_003573,USA,Nickel,Jefferson Nickel,,,Reverse,"coins/Jefferson Nickels, 1938-Date/Jefferson Nickel 26382_145 Reverse.jpg",https://www.kaggle.com/datasets/sergiosaharovskiy/uscoins,CC0: Public Domain
img_003574,USA,Nickel,Jefferson Nickel,,,Reverse,"coins/Jefferson Nickels, 1938-Date/Jefferson Nickel 26382_247 Reverse.jpg",https://www.kaggle.com/datasets/sergiosaharovskiy/uscoins,CC0: Public Domain
img_003575,USA,Nickel,Jefferson Nickel,,,Reverse,"coins/Jefferson Nickels, 1938-Date/Jefferson Nickel 90905_76 Reverse.jpg",https://www.kaggle.com/datasets/sergiosaharovskiy/uscoins,CC0: Public Domain
img_003576,USA,Nickel,Jefferson Nickel,,,Reverse,"coins/Jefferson Nickels, 1938-Date/Jefferson Nickel 86528_79 Reverse.jpg",https://www.kaggle.com/datasets/sergiosaharovskiy/uscoins,CC0: Public Domain
img_003577,USA,Nickel,Jefferson Nickel,,,Obverse,"coins/Jefferson Nickels, 1938-Date/Jefferson Nickel 177303_71 Obverse.jpg",https://www.kaggle.com/datasets/sergiosaharovskiy/uscoins,CC0: Public Domain
img_003578,USA,Nickel,Jefferson Nickel,,,Obverse,"coins/Jefferson Nickels, 1938-Date/Jefferson Nickel 26382_193 Obverse.jpg",https://www.kaggle.com/datasets/sergiosaharovskiy/uscoins,CC0: Public Domain
img_003579,USA,Nickel,Jefferson Nickel,,,Obverse,"coins/Jefferson Nickels, 1938-Date/Jefferson Nickel 177303_103 Obverse.jpg",https://www.kaggle.com/datasets/sergiosaharovskiy/uscoins,CC0: Public Domain
img_003580,USA,Nickel,Jefferson Nickel,,,Obverse,"coins/Jefferson Nickels, 1938-Date/Jefferson Nickel 26382_285 Obverse.jpg",https://www.kaggle.com/datasets/sergiosaharovskiy/uscoins,CC0: Public Domain
img_003581,USA,Nickel,Jefferson Nickel,,,Reverse,"coins/Jefferson Nickels, 1938-Date/Jefferson Nickel 26382_206 Reverse.jpg",https://www.kaggle.com/datasets/sergiosaharovskiy/uscoins,CC0: Public Domain
img_003582,USA,Nickel,Jefferson Nickel,,,Reverse,"coins/Jefferson Nickels, 1938-Date/Jefferson Nickel 30916_67 Reverse.jpg",https://www.kaggle.com/datasets/sergiosaharovskiy/uscoins,CC0: Public Domain
img_003583,USA,Nickel,Jefferson Nickel,,,Obverse,"coins/Jefferson Nickels, 1938-Date/Jefferson Nickel 26382_223 Obverse.jpg",https://www.kaggle.com/datasets/sergiosaharovskiy/uscoins,CC0: Public Domain
img_003584,USA,Nickel,Jefferson Nickel,,,Reverse,"coins/Jefferson Nickels, 1938-Date/Jefferson Nickel 177303_115 Reverse.jpg",https://www.kaggle.com/datasets/sergiosaharovskiy/uscoins,CC0: Public Domain
img_003585,USA,Nickel,Jefferson Nickel,,,Reverse,"coins/Jefferson Nickels, 1938-Date/Jefferson Nickel 26382_43 Reverse.jpg",https://www.kaggle.com/datasets/sergiosaharovskiy/uscoins,CC0: Public Domain
img_003586,USA,Nickel,Jefferson Nickel,,,Reverse,"coins/Jefferson Nickels, 1938-Date/Jefferson Nickel 26382_53 Reverse.jpg",https://www.kaggle.com/datasets/sergiosaharovskiy/uscoins,CC0: Public Domain
img_003587,USA,Nickel,Jefferson Nickel,,,Obverse,"coins/Jefferson Nickels, 1938-Date/Jefferson Nickel 26505_111 Obverse.jpg",https://www.kaggle.com/datasets/sergiosaharovskiy/uscoins,CC0: Public Domain
img_003588,USA,Nickel,Jefferson Nickel,,,Reverse,"coins/Jefferson Nickels, 1938-Date/Jefferson Nickel 177303_165 Reverse.jpg",https://www.kaggle.com/datasets/sergiosaharovskiy/uscoins,CC0: Public Domain
img_003589,USA,Nickel,Jefferson Nickel,,,Reverse,"coins/Jefferson Nickels, 1938-Date/Jefferson Nickel 26382_84 Reverse.jpg",https://www.kaggle.com/datasets/sergiosaharovskiy/uscoins,CC0: Public Domain
img_003590,USA,Nickel,Jefferson Nickel,,,Obverse,"coins/Jefferson Nickels, 1938-Date/Jefferson Nickel 26382_90 Obverse.jpg",https://www.kaggle.com/datasets/sergiosaharovskiy/uscoins,CC0: Public Domain
img_003591,USA,Nickel,Jefferson Nickel,,,Obverse,"coins/Jefferson Nickels, 1938-Date/Jefferson Nickel 86528_71 Obverse.jpg",https://www.kaggle.com/datasets/sergiosaharovskiy/uscoins,CC0: Public Domain
img_003592,USA,Nickel,Jefferson Nickel,,,Reverse,"coins/Jefferson Nickels, 1938-Date/Jefferson Nickel 86528_7 Reverse.jpg",https://www.kaggle.com/datasets/sergiosaharovskiy/uscoins,CC0: Public Domain
img_003593,USA,Nickel,Jefferson Nickel,,,Obverse,"coins/Jefferson Nickels, 1938-Date/Jefferson Nickel 26505_227 Obverse.jpg",https://www.kaggle.com/datasets/sergiosaharovskiy/uscoins,CC0: Public Domain
img_003594,USA,Nickel,Jefferson Nickel,,,Obverse,"coins/Jefferson Nickels, 1938-Date/Jefferson Nickel 177303_89 Obverse.jpg",https://www.kaggle.com/datasets/sergiosaharovskiy/uscoins,CC0: Public Domain
img_003595,USA,Nickel,Jefferson Nickel,,,Obverse,"coins/Jefferson Nickels, 1938-Date/Jefferson Nickel 177303_77 Obverse.jpg",https://www.kaggle.com/datasets/sergiosaharovskiy/uscoins,CC0: Public Domain
img_003596,USA,Nickel,Jefferson Nickel,,,Obverse,"coins/Jefferson Nickels, 1938-Date/Jefferson Nickel 26324_129 Obverse.jpg",https://www.kaggle.com/datasets/sergiosaharovskiy/uscoins,CC0: Public Domain
img_003597,USA,Nickel,Jefferson Nickel,,,Obverse,"coins/Jefferson Nickels, 1938-Date/Jefferson Nickel 90905_61 Obverse.jpg",https://www.kaggle.com/datasets/sergiosaharovskiy/uscoins,CC0: Public Domain
img_003598,USA,Nickel,Jefferson Nickel,,,Obverse,"coins/Jefferson Nickels, 1938-Date/Jefferson Nickel 90905_78 Obverse.jpg",https://www.kaggle.com/datasets/sergiosaharovskiy/uscoins,CC0: Public Domain
img_003599,USA,Nickel,Jefferson Nickel,,,Obverse,"coins/Jefferson Nickels, 1938-Date/Jefferson Nickel 26382_169 Obverse.jpg",https://www.kaggle.com/datasets/sergiosaharovskiy/uscoins,CC0: Public Domain
img_003600,USA,Nickel,Jefferson Nickel,,,Reverse,"coins/Jefferson Nickels, 1938-Date/Jefferson Nickel 26505_102 Reverse.jpg",https://www.kaggle.com/datasets/sergiosaharovskiy/uscoins,CC0: Public Domain
img_003601,USA,Nickel,Jefferson Nickel,,,Reverse,"coins/Jefferson Nickels, 1938-Date/Jefferson Nickel 86528_166 Reverse.jpg",https://www.kaggle.com/datasets/sergiosaharovskiy/uscoins,CC0: Public Domain
img_003602,USA,Nickel,Jefferson Nickel,,,Obverse,"coins/Jefferson Nickels, 1938-Date/Jefferson Nickel 90905_178 Obverse.jpg",https://www.kaggle.com/datasets/sergiosaharovskiy/uscoins,CC0: Public Domain
img_003603,USA,Nickel,Jefferson Nickel,,,Obverse,"coins/Jefferson Nickels, 1938-Date/Jefferson Nickel 26382_22 Obverse.jpg",https://www.kaggle.com/datasets/sergiosaharovskiy/uscoins,CC0: Public Domain
img_003604,USA,Nickel,Jefferson Nickel,,,Reverse,"coins/Jefferson Nickels, 1938-Date/Jefferson Nickel 86528_47 Reverse.jpg",https://www.kaggle.com/datasets/sergiosaharovskiy/uscoins,CC0: Public Domain
img_003605,USA,Nickel,Jefferson Nickel,,,Obverse,"coins/Jefferson Nickels, 1938-Date/Jefferson Nickel 90905_19 Obverse.jpg",https://www.kaggle.com/datasets/sergiosaharovskiy/uscoins,CC0: Public Domain
img_003606,USA,Nickel,Jefferson Nickel,,,Obverse,"coins/Jefferson Nickels, 1938-Date/Jefferson Nickel 26382_259 Obverse.jpg",https://www.kaggle.com/datasets/sergiosaharovskiy/uscoins,CC0: Public Domain
img_003607,USA,Nickel,Jefferson Nickel,,,Obverse,"coins/Jefferson Nickels, 1938-Date/Jefferson Nickel 26382_24 Obverse.jpg",https://www.kaggle.com/datasets/sergiosaharovskiy/uscoins,CC0: Public Domain
img_003608,USA,Nickel,Jefferson Nickel,,,Obverse,"coins/Jefferson Nickels, 1938-Date/Jefferson Nickel 26505_79 Obverse.jpg",https://www.kaggle.com/datasets/sergiosaharovskiy/uscoins,CC0: Public Domain
img_003609,USA,Nickel,Jefferson Nickel,,,Reverse,"coins/Jefferson Nickels, 1938-Date/Jefferson Nickel 26382_93 Reverse.jpg",https://www.kaggle.com/datasets/sergiosaharovskiy/uscoins,CC0: Public Domain
img_003610,USA,Nickel,Jefferson Nickel,,,Reverse,"coins/Jefferson Nickels, 1938-Date/Jefferson Nickel 26382_171 Reverse.jpg",https://www.kaggle.com/datasets/sergiosaharovskiy/uscoins,CC0: Public Domain
img_003611,USA,Nickel,Jefferson Nickel,,,Obverse,"coins/Jefferson Nickels, 1938-Date/Jefferson Nickel 90905_109 Obverse.jpg",https://www.kaggle.com/datasets/sergiosaharovskiy/uscoins,CC0: Public Domain
img_003612,USA,Nickel,Jefferson Nickel,,,Reverse,"coins/Jefferson Nickels, 1938-Date/Jefferson Nickel 26505_114 Reverse.jpg",https://www.kaggle.com/datasets/sergiosaharovskiy/uscoins,CC0: Public Domain
img_003613,USA,Nickel,Jefferson Nickel,,,Obverse,"coins/Jefferson Nickels, 1938-Date/Jefferson Nickel 177303_38 Obverse.jpg",https://www.kaggle.com/datasets/sergiosaharovskiy/uscoins,CC0: Public Domain
img_003614,USA,Nickel,Jefferson Nickel,,,Obverse,"coins/Jefferson Nickels, 1938-Date/Jefferson Nickel 177303_119 Obverse.jpg",https://www.kaggle.com/datasets/sergiosaharovskiy/uscoins,CC0: Public Domain
img_003615,USA,Nickel,Jefferson Nickel,,,Obverse,"coins/Jefferson Nickels, 1938-Date/Jefferson Nickel 26324_142 Obverse.jpg",https://www.kaggle.com/datasets/sergiosaharovskiy/uscoins,CC0: Public Domain
img_003616,USA,Nickel,Jefferson Nickel,,,Obverse,"coins/Jefferson Nickels, 1938-Date/Jefferson Nickel 26382_134 Obverse.jpg",https://www.kaggle.com/datasets/sergiosaharovskiy/uscoins,CC0: Public Domain
img_003617,USA,Nickel,Jefferson Nickel,,,Reverse,"coins/Jefferson Nickels, 1938-Date/Jefferson Nickel 177303_5 Reverse.jpg",https://www.kaggle.com/datasets/sergiosaharovskiy/uscoins,CC0: Public Domain
img_003618,USA,Nickel,Jefferson Nickel,,,Reverse,"coins/Jefferson Nickels, 1938-Date/Jefferson Nickel 90905_174 Reverse.jpg",https://www.kaggle.com/datasets/sergiosaharovskiy/uscoins,CC0: Public Domain
img_003619,USA,Nickel,Jefferson Nickel,,,Reverse,"coins/Jefferson Nickels, 1938-Date/Jefferson Nickel 177303_56 Reverse.jpg",https://www.kaggle.com/datasets/sergiosaharovskiy/uscoins,CC0: Public Domain
img_003620,USA,Nickel,Jefferson Nickel,,,Reverse,"coins/Jefferson Nickels, 1938-Date/Jefferson Nickel 26505_181 Reverse.jpg",https://www.kaggle.com/datasets/sergiosaharovskiy/uscoins,CC0: Public Domain
img_003621,USA,Nickel,Jefferson Nickel,,,Obverse,"coins/Jefferson Nickels, 1938-Date/Jefferson Nickel 26505_4 Obverse.jpg",https://www.kaggle.com/datasets/sergiosaharovskiy/uscoins,CC0: Public Domain
img_003622,USA,Nickel,Jefferson Nickel,,,Reverse,"coins/Jefferson Nickels, 1938-Date/Jefferson Nickel 177303_179 Reverse.jpg",https://www.kaggle.com/datasets/sergiosaharovskiy/uscoins,CC0: Public Domain
img_003623,USA,Nickel,Jefferson Nickel,,,Reverse,"coins/Jefferson Nickels, 1938-Date/Jefferson Nickel 90905_241 Reverse.jpg",https://www.kaggle.com/datasets/sergiosaharovskiy/uscoins,CC0: Public Domain
img_003624,USA,Nickel,Jefferson Nickel,,,Reverse,"coins/Jefferson Nickels, 1938-Date/Jefferson Nickel 26382_143 Reverse.jpg",https://www.kaggle.com/datasets/sergiosaharovskiy/uscoins,CC0: Public Domain
img_003625,USA,Nickel,Jefferson Nickel,,,Reverse,"coins/Jefferson Nickels, 1938-Date/Jefferson Nickel 90905_149 Reverse.jpg",https://www.kaggle.com/datasets/sergiosaharovskiy/uscoins,CC0: Public Domain
img_003626,USA,Nickel,Jefferson Nickel,,,Reverse,"coins/Jefferson Nickels, 1938-Date/Jefferson Nickel 86528_130 Reverse.jpg",https://www.kaggle.com/datasets/sergiosaharovskiy/uscoins,CC0: Public Domain
img_003627,USA,Nickel,Jefferson Nickel,,,Obverse,"coins/Jefferson Nickels, 1938-Date/Jefferson Nickel 26324_119 Obverse.jpg",https://www.kaggle.com/datasets/sergiosaharovskiy/uscoins,CC0: Public Domain
img_003628,USA,Nickel,Jefferson Nickel,,,Obverse,"coins/Jefferson Nickels, 1938-Date/Jefferson Nickel 26382_34 Obverse.jpg",https://www.kaggle.com/datasets/sergiosaharovskiy/uscoins,CC0: Public Domain
img_003629,USA,Nickel,Jefferson Nickel,,,Reverse,"coins/Jefferson Nickels, 1938-Date/Jefferson Nickel 86528_168 Reverse.jpg",https://www.kaggle.com/datasets/sergiosaharovskiy/uscoins,CC0: Public Domain
img_003630,USA,Nickel,Jefferson Nickel,,,Reverse,"coins/Jefferson Nickels, 1938-Date/Jefferson Nickel 86528_45 Reverse.jpg",https://www.kaggle.com/datasets/sergiosaharovskiy/uscoins,CC0: Public Domain
img_003631,USA,Nickel,Jefferson Nickel,,,Reverse,"coins/Jefferson Nickels, 1938-Date/Jefferson Nickel 90905_233 Reverse.jpg",https://www.kaggle.com/datasets/sergiosaharovskiy/uscoins,CC0: Public Domain
img_003632,USA,Nickel,Jefferson Nickel,,,Obverse,"coins/Jefferson Nickels, 1938-Date/Jefferson Nickel 26382_46 Obverse.jpg",https://www.kaggle.com/datasets/sergiosaharovskiy/uscoins,CC0: Public Domain
img_003633,USA,Nickel,Jefferson Nickel,,,Obverse,"coins/Jefferson Nickels, 1938-Date/Jefferson Nickel 26382_253 Obverse.jpg",https://www.kaggle.com/datasets/sergiosaharovskiy/uscoins,CC0: Public Domain
img_003634,USA,Nickel,Jefferson Nickel,,,Obverse,"coins/Jefferson Nickels, 1938-Date/Jefferson Nickel 26382_78 Obverse.jpg",https://www.kaggle.com/datasets/sergiosaharovskiy/uscoins,CC0: Public Domain
img_003635,USA,Nickel,Jefferson Nickel,,,Reverse,"coins/Jefferson Nickels, 1938-Date/Jefferson Nickel 26324_122 Reverse.jpg",https://www.kaggle.com/datasets/sergiosaharovskiy/uscoins,CC0: Public Domain
img_003636,USA,Nickel,Jefferson Nickel,,,Obverse,"coins/Jefferson Nickels, 1938-Date/Jefferson Nickel 86528_43 Obverse.jpg",https://www.kaggle.com/datasets/sergiosaharovskiy/uscoins,CC0: Public Domain
img_003637,USA,Nickel,Jefferson Nickel,,,Reverse,"coins/Jefferson Nickels, 1938-Date/Jefferson Nickel 26324_132 Reverse.jpg",https://www.kaggle.com/datasets/sergiosaharovskiy/uscoins,CC0: Public Domain
img_003638,USA,Nickel,Jefferson Nickel,,,Reverse,"coins/Jefferson Nickels, 1938-Date/Jefferson Nickel 30916_117 Reverse.jpg",https://www.kaggle.com/datasets/sergiosaharovskiy/uscoins,CC0: Public Domain
img_003639,USA,Nickel,Jefferson Nickel,,,Reverse,"coins/Jefferson Nickels, 1938-Date/Jefferson Nickel 90905_117 Reverse.jpg",https://www.kaggle.com/datasets/sergiosaharovskiy/uscoins,CC0: Public Domain
img_003640,USA,Nickel,Jefferson Nickel,,,Obverse,"coins/Jefferson Nickels, 1938-Date/Jefferson Nickel 26382_19 Obverse.jpg",https://www.kaggle.com/datasets/sergiosaharovskiy/uscoins,CC0: Public Domain
img_003641,USA,Nickel,Jefferson Nickel,,,Obverse,"coins/Jefferson Nickels, 1938-Date/Jefferson Nickel 26382_66 Obverse.jpg",https://www.kaggle.com/datasets/sergiosaharovskiy/uscoins,CC0: Public Domain
img_003642,USA,Nickel,Jefferson Nickel,,,Reverse,"coins/Jefferson Nickels, 1938-Date/Jefferson Nickel 212555_65 Reverse.jpg",https://www.kaggle.com/datasets/sergiosaharovskiy/uscoins,CC0: Public Domain
img_003643,USA,Nickel,Jefferson Nickel,,,Obverse,"coins/Jefferson Nickels, 1938-Date/Jefferson Nickel 26382_277 Obverse.jpg",https://www.kaggle.com/datasets/sergiosaharovskiy/uscoins,CC0: Public Domain
img_003644,USA,Nickel,Jefferson Nickel,,,Obverse,"coins/Jefferson Nickels, 1938-Date/Jefferson Nickel 26382_178 Obverse.jpg",https://www.kaggle.com/datasets/sergiosaharovskiy/uscoins,CC0: Public Domain
img_003645,USA,Nickel,Jefferson Nickel,,,Reverse,"coins/Jefferson Nickels, 1938-Date/Jefferson Nickel 26382_44 Reverse.jpg",https://www.kaggle.com/datasets/sergiosaharovskiy/uscoins,CC0: Public Domain
img_003646,USA,Nickel,Jefferson Nickel,,,Reverse,"coins/Jefferson Nickels, 1938-Date/Jefferson Nickel 86528_61 Reverse.jpg",https://www.kaggle.com/datasets/sergiosaharovskiy/uscoins,CC0: Public Domain
img_003647,USA,Nickel,Jefferson Nickel,,,Reverse,"coins/Jefferson Nickels, 1938-Date/Jefferson Nickel 177303_69 Reverse.jpg",https://www.kaggle.com/datasets/sergiosaharovskiy/uscoins,CC0: Public Domain
img_003648,USA,Nickel,Jefferson Nickel,,,Reverse,"coins/Jefferson Nickels, 1938-Date/Jefferson Nickel 177303_195 Reverse.jpg",https://www.kaggle.com/datasets/sergiosaharovskiy/uscoins,CC0: Public Domain
img_003649,USA,Nickel,Jefferson Nickel,,,Obverse,"coins/Jefferson Nickels, 1938-Date/Jefferson Nickel 26382_216 Obverse.jpg",https://www.kaggle.com/datasets/sergiosaharovskiy/uscoins,CC0: Public Domain
img_003650,USA,Nickel,Jefferson Nickel,,,Obverse,"coins/Jefferson Nickels, 1938-Date/Jefferson Nickel 26382_224 Obverse.jpg",https://www.kaggle.com/datasets/sergiosaharovskiy/uscoins,CC0: Public Domain
img_003651,USA,Nickel,Jefferson Nickel,,,Obverse,"coins/Jefferson Nickels, 1938-Date/Jefferson Nickel 26324_0 Obverse.jpg",https://www.kaggle.com/datasets/sergiosaharovskiy/uscoins,CC0: Public Domain
img_003652,USA,Nickel,Jefferson Nickel,,,Obverse,"coins/Jefferson Nickels, 1938-Date/Jefferson Nickel 26324_61 Obverse.jpg",https://www.kaggle.com/datasets/sergiosaharovskiy/uscoins,CC0: Public Domain
img_003653,USA,Nickel,Jefferson Nickel,,,Reverse,"coins/Jefferson Nickels, 1938-Date/Jefferson Nickel 177303_100 Reverse.jpg",https://www.kaggle.com/datasets/sergiosaharovskiy/uscoins,CC0: Public Domain
img_003654,USA,Nickel,Jefferson Nickel,,,Obverse,"coins/Jefferson Nickels, 1938-Date/Jefferson Nickel 26324_38 Obverse.jpg",https://www.kaggle.com/datasets/sergiosaharovskiy/uscoins,CC0: Public Domain
img_003655,USA,Nickel,Jefferson Nickel,,,Obverse,"coins/Jefferson Nickels, 1938-Date/Jefferson Nickel 26324_95 Obverse.jpg",https://www.kaggle.com/datasets/sergiosaharovskiy/uscoins,CC0: Public Domain
img_003656,USA,Nickel,Jefferson Nickel,,,Reverse,"coins/Jefferson Nickels, 1938-Date/Jefferson Nickel 90905_73 Reverse.jpg",https://www.kaggle.com/datasets/sergiosaharovskiy/uscoins,CC0: Public Domain
img_003657,USA,Nickel,Jefferson Nickel,,,Obverse,"coins/Jefferson Nickels, 1938-Date/Jefferson Nickel 177303_138 Obverse.jpg",https://www.kaggle.com/datasets/sergiosaharovskiy/uscoins,CC0: Public Domain
img_003658,USA,Nickel,Jefferson Nickel,,,Reverse,"coins/Jefferson Nickels, 1938-Date/Jefferson Nickel 26324_54 Reverse.jpg",https://www.kaggle.com/datasets/sergiosaharovskiy/uscoins,CC0: Public Domain
img_003659,USA,Nickel,Jefferson Nickel,,,Obverse,"coins/Jefferson Nickels, 1938-Date/Jefferson Nickel 90905_122 Obverse.jpg",https://www.kaggle.com/datasets/sergiosaharovskiy/uscoins,CC0: Public Domain
img_003660,USA,Nickel,Jefferson Nickel,,,Obverse,"coins/Jefferson Nickels, 1938-Date/Jefferson Nickel 177303_106 Obverse.jpg",https://www.kaggle.com/datasets/sergiosaharovskiy/uscoins,CC0: Public Domain
img_003661,USA,Nickel,Jefferson Nickel,,,Reverse,"coins/Jefferson Nickels, 1938-Date/Jefferson Nickel 177303_43 Reverse.jpg",https://www.kaggle.com/datasets/sergiosaharovskiy/uscoins,CC0: Public Domain
img_003662,USA,Nickel,Jefferson Nickel,,,Obverse,"coins/Jefferson Nickels, 1938-Date/Jefferson Nickel 90905_68 Obverse.jpg",https://www.kaggle.com/datasets/sergiosaharovskiy/uscoins,CC0: Public Domain
img_003663,USA,Nickel,Jefferson Nickel,,,Reverse,"coins/Jefferson Nickels, 1938-Date/Jefferson Nickel 90905_13 Reverse.jpg",https://www.kaggle.com/datasets/sergiosaharovskiy/uscoins,CC0: Public Domain
img_003664,USA,Nickel,Jefferson Nickel,,,Reverse,"coins/Jefferson Nickels, 1938-Date/Jefferson Nickel 177303_76 Reverse.jpg",https://www.kaggle.com/datasets/sergiosaharovskiy/uscoins,CC0: Public Domain
img_003665,USA,Nickel,Jefferson Nickel,,,Reverse,"coins/Jefferson Nickels, 1938-Date/Jefferson Nickel 177303_143 Reverse.jpg",https://www.kaggle.com/datasets/sergiosaharovskiy/uscoins,CC0: Public Domain
img_003666,USA,Nickel,Jefferson Nickel,,,Obverse,"coins/Jefferson Nickels, 1938-Date/Jefferson Nickel 26505_209 Obverse.jpg",https://www.kaggle.com/datasets/sergiosaharovskiy/uscoins,CC0: Public Domain
img_003667,USA,Nickel,Jefferson Nickel,,,Obverse,"coins/Jefferson Nickels, 1938-Date/Jefferson Nickel 26324_29 Obverse.jpg",https://www.kaggle.com/datasets/sergiosaharovskiy/uscoins,CC0: Public Domain
img_003668,USA,Nickel,Jefferson Nickel,,,Reverse,"coins/Jefferson Nickels, 1938-Date/Jefferson Nickel 30916_39 Reverse.jpg",https://www.kaggle.com/datasets/sergiosaharovskiy/uscoins,CC0: Public Domain
img_003669,USA,Nickel,Jefferson Nickel,,,Reverse,"coins/Jefferson Nickels, 1938-Date/Jefferson Nickel 30916_150 Reverse.jpg",https://www.kaggle.com/datasets/sergiosaharovskiy/uscoins,CC0: Public Domain
img_003670,USA,Nickel,Jefferson Nickel,,,Obverse,"coins/Jefferson Nickels, 1938-Date/Jefferson Nickel 26324_68 Obverse.jpg",https://www.kaggle.com/datasets/sergiosaharovskiy/uscoins,CC0: Public Domain
img_003671,USA,Nickel,Jefferson Nickel,,,Obverse,"coins/Jefferson Nickels, 1938-Date/Jefferson Nickel 26324_32 Obverse.jpg",https://www.kaggle.com/datasets/sergiosaharovskiy/uscoins,CC0: Public Domain
img_003672,USA,Nickel,Jefferson Nickel,,,Obverse,"coins/Jefferson Nickels, 1938-Date/Jefferson Nickel 90905_189 Obverse.jpg",https://www.kaggle.com/datasets/sergiosaharovskiy/uscoins,CC0: Public Domain
img_003673,USA,Nickel,Jefferson Nickel,,,Reverse,"coins/Jefferson Nickels, 1938-Date/Jefferson Nickel 26382_20 Reverse.jpg",https://www.kaggle.com/datasets/sergiosaharovskiy/uscoins,CC0: Public Domain
img_003674,USA,Nickel,Jefferson Nickel,,,Obverse,"coins/Jefferson Nickels, 1938-Date/Jefferson Nickel 26324_18 Obverse.jpg",https://www.kaggle.com/datasets/sergiosaharovskiy/uscoins,CC0: Public Domain
img_003675,USA,Nickel,Jefferson Nickel,,,Reverse,"coins/Jefferson Nickels, 1938-Date/Jefferson Nickel 90905_220 Reverse.jpg",https://www.kaggle.com/datasets/sergiosaharovskiy/uscoins,CC0: Public Domain
img_003676,USA,Nickel,Jefferson Nickel,,,Reverse,"coins/Jefferson Nickels, 1938-Date/Jefferson Nickel 26505_3 Reverse.jpg",https://www.kaggle.com/datasets/sergiosaharovskiy/uscoins,CC0: Public Domain
img_003677,USA,Nickel,Jefferson Nickel,,,Obverse,"coins/Jefferson Nickels, 1938-Date/Jefferson Nickel 26382_58 Obverse.jpg",https://www.kaggle.com/datasets/sergiosaharovskiy/uscoins,CC0: Public Domain
img_003678,USA,Nickel,Jefferson Nickel,,,Obverse,"coins/Jefferson Nickels, 1938-Date/Jefferson Nickel 177303_9 Obverse.jpg",https://www.kaggle.com/datasets/sergiosaharovskiy/uscoins,CC0: Public Domain
img_003679,USA,Nickel,Jefferson Nickel,,,Reverse,"coins/Jefferson Nickels, 1938-Date/Jefferson Nickel 26324_44 Reverse.jpg",https://www.kaggle.com/datasets/sergiosaharovskiy/uscoins,CC0: Public Domain
img_003680,USA,Nickel,Jefferson Nickel,,,Obverse,"coins/Jefferson Nickels, 1938-Date/Jefferson Nickel 177303_167 Obverse.jpg",https://www.kaggle.com/datasets/sergiosaharovskiy/uscoins,CC0: Public Domain
img_003681,USA,Nickel,Jefferson Nickel,,,Reverse,"coins/Jefferson Nickels, 1938-Date/Jefferson Nickel 177303_157 Reverse.jpg",https://www.kaggle.com/datasets/sergiosaharovskiy/uscoins,CC0: Public Domain
img_003682,USA,Nickel,Jefferson Nickel,,,Reverse,"coins/Jefferson Nickels, 1938-Date/Jefferson Nickel 90905_41 Reverse.jpg",https://www.kaggle.com/datasets/sergiosaharovskiy/uscoins,CC0: Public Domain
img_003683,USA,Nickel,Jefferson Nickel,,,Reverse,"coins/Jefferson Nickels, 1938-Date/Jefferson Nickel 30916_49 Reverse.jpg",https://www.kaggle.com/datasets/sergiosaharovskiy/uscoins,CC0: Public Domain
img_003684,USA,Nickel,Jefferson Nickel,,,Obverse,"coins/Jefferson Nickels, 1938-Date/Jefferson Nickel 90905_112 Obverse.jpg",https://www.kaggle.com/datasets/sergiosaharovskiy/uscoins,CC0: Public Domain
img_003685,USA,Nickel,Jefferson Nickel,,,Obverse,"coins/Jefferson Nickels, 1938-Date/Jefferson Nickel 26324_88 Obverse.jpg",https://www.kaggle.com/datasets/sergiosaharovskiy/uscoins,CC0: Public Domain
img_003686,USA,Nickel,Jefferson Nickel,,,Obverse,"coins/Jefferson Nickels, 1938-Date/Jefferson Nickel 26382_95 Obverse.jpg",https://www.kaggle.com/datasets/sergiosaharovskiy/uscoins,CC0: Public Domain
img_003687,USA,Nickel,Jefferson Nickel,,,Obverse,"coins/Jefferson Nickels, 1938-Date/Jefferson Nickel 86528_153 Obverse.jpg",https://www.kaggle.com/datasets/sergiosaharovskiy/uscoins,CC0: Public Domain
img_003688,USA,Nickel,Jefferson Nickel,,,Obverse,"coins/Jefferson Nickels, 1938-Date/Jefferson Nickel 86528_103 Obverse.jpg",https://www.kaggle.com/datasets/sergiosaharovskiy/uscoins,CC0: Public Domain
img_003689,USA,Nickel,Jefferson Nickel,,,Obverse,"coins/Jefferson Nickels, 1938-Date/Jefferson Nickel 86528_34 Obverse.jpg",https://www.kaggle.com/datasets/sergiosaharovskiy/uscoins,CC0: Public Domain
img_003690,USA,Nickel,Jefferson Nickel,,,Reverse,"coins/Jefferson Nickels, 1938-Date/Jefferson Nickel 90905_82 Reverse.jpg",https://www.kaggle.com/datasets/sergiosaharovskiy/uscoins,CC0: Public Domain
img_003691,USA,Nickel,Jefferson Nickel,,,Reverse,"coins/Jefferson Nickels, 1938-Date/Jefferson Nickel 90905_12 Reverse.jpg",https://www.kaggle.com/datasets/sergiosaharovskiy/uscoins,CC0: Public Domain
img_003692,USA,Nickel,Jefferson Nickel,,,Obverse,"coins/Jefferson Nickels, 1938-Date/Jefferson Nickel 26324_47 Obverse.jpg",https://www.kaggle.com/datasets/sergiosaharovskiy/uscoins,CC0: Public Domain
img_003693,USA,Nickel,Jefferson Nickel,,,Obverse,"coins/Jefferson Nickels, 1938-Date/Jefferson Nickel 26324_40 Obverse.jpg",https://www.kaggle.com/datasets/sergiosaharovskiy/uscoins,CC0: Public Domain
img_003694,USA,Nickel,Jefferson Nickel,,,Obverse,"coins/Jefferson Nickels, 1938-Date/Jefferson Nickel 90905_64 Obverse.jpg",https://www.kaggle.com/datasets/sergiosaharovskiy/uscoins,CC0: Public Domain
img_003695,USA,Nickel,Jefferson Nickel,,,Reverse,"coins/Jefferson Nickels, 1938-Date/Jefferson Nickel 86528_24 Reverse.jpg",https://www.kaggle.com/datasets/sergiosaharovskiy/uscoins,CC0: Public Domain
img_003696,USA,Nickel,Jefferson Nickel,,,Reverse,"coins/Jefferson Nickels, 1938-Date/Jefferson Nickel 26505_17 Reverse.jpg",https://www.kaggle.com/datasets/sergiosaharovskiy/uscoins,CC0: Public Domain
img_003697,USA,Nickel,Jefferson Nickel,,,Obverse,"coins/Jefferson Nickels, 1938-Date/Jefferson Nickel 26382_266 Obverse.jpg",https://www.kaggle.com/datasets/sergiosaharovskiy/uscoins,CC0: Public Domain
img_003698,USA,Nickel,Jefferson Nickel,,,Reverse,"coins/Jefferson Nickels, 1938-Date/Jefferson Nickel 86528_33 Reverse.jpg",https://www.kaggle.com/datasets/sergiosaharovskiy/uscoins,CC0: Public Domain
img_003699,USA,Nickel,Jefferson Nickel,,,Reverse,"coins/Jefferson Nickels, 1938-Date/Jefferson Nickel 177303_80 Reverse.jpg",https://www.kaggle.com/datasets/sergiosaharovskiy/uscoins,CC0: Public Domain
img_003700,USA,Nickel,Jefferson Nickel,,,Reverse,"coins/Jefferson Nickels, 1938-Date/Jefferson Nickel 177303_181 Reverse.jpg",https://www.kaggle.com/datasets/sergiosaharovskiy/uscoins,CC0: Public Domain
img_003701,USA,Nickel,Jefferson Nickel,,,Obverse,"coins/Jefferson Nickels, 1938-Date/Jefferson Nickel 177303_146 Obverse.jpg",https://www.kaggle.com/datasets/sergiosaharovskiy/uscoins,CC0: Public Domain
img_003702,USA,Nickel,Jefferson Nickel,,,Reverse,"coins/Jefferson Nickels, 1938-Date/Jefferson Nickel 90905_87 Reverse.jpg",https://www.kaggle.com/datasets/sergiosaharovskiy/uscoins,CC0: Public Domain
img_003703,USA,Nickel,Jefferson Nickel,,,Obverse,"coins/Jefferson Nickels, 1938-Date/Jefferson Nickel 90905_15 Obverse.jpg",https://www.kaggle.com/datasets/sergiosaharovskiy/uscoins,CC0: Public Domain
img_003704,USA,Nickel,Jefferson Nickel,,,Obverse,"coins/Jefferson Nickels, 1938-Date/Jefferson Nickel 86528_142 Obverse.jpg",https://www.kaggle.com/datasets/sergiosaharovskiy/uscoins,CC0: Public Domain
img_003705,USA,Nickel,Jefferson Nickel,,,Reverse,"coins/Jefferson Nickels, 1938-Date/Jefferson Nickel 90905_27 Reverse.jpg",https://www.kaggle.com/datasets/sergiosaharovskiy/uscoins,CC0: Public Domain
img_003706,USA,Nickel,Jefferson Nickel,,,Obverse,"coins/Jefferson Nickels, 1938-Date/Jefferson Nickel 26382_263 Obverse.jpg",https://www.kaggle.com/datasets/sergiosaharovskiy/uscoins,CC0: Public Domain
img_003707,USA,Nickel,Jefferson Nickel,,,Obverse,"coins/Jefferson Nickels, 1938-Date/Jefferson Nickel 26382_74 Obverse.jpg",https://www.kaggle.com/datasets/sergiosaharovskiy/uscoins,CC0: Public Domain
img_003708,USA,Nickel,Jefferson Nickel,,,Reverse,"coins/Jefferson Nickels, 1938-Date/Jefferson Nickel 177303_50 Reverse.jpg",https://www.kaggle.com/datasets/sergiosaharovskiy/uscoins,CC0: Public Domain
img_003709,USA,Nickel,Jefferson Nickel,,,Reverse,"coins/Jefferson Nickels, 1938-Date/Jefferson Nickel 26382_174 Reverse.jpg",https://www.kaggle.com/datasets/sergiosaharovskiy/uscoins,CC0: Public Domain
img_003710,USA,Nickel,Jefferson Nickel,,,Reverse,"coins/Jefferson Nickels, 1938-Date/Jefferson Nickel 86528_20 Reverse.jpg",https://www.kaggle.com/datasets/sergiosaharovskiy/uscoins,CC0: Public Domain
img_003711,USA,Nickel,Jefferson Nickel,,,Reverse,"coins/Jefferson Nickels, 1938-Date/Jefferson Nickel 86528_144 Reverse.jpg",https://www.kaggle.com/datasets/sergiosaharovskiy/uscoins,CC0: Public Domain
img_003712,USA,Nickel,Jefferson Nickel,,,Reverse,"coins/Jefferson Nickels, 1938-Date/Jefferson Nickel 26505_160 Reverse.jpg",https://www.kaggle.com/datasets/sergiosaharovskiy/uscoins,CC0: Public Domain
img_003713,USA,Nickel,Jefferson Nickel,,,Reverse,"coins/Jefferson Nickels, 1938-Date/Jefferson Nickel 26324_9 Reverse.jpg",https://www.kaggle.com/datasets/sergiosaharovskiy/uscoins,CC0: Public Domain
img_003714,USA,Nickel,Jefferson Nickel,,,Obverse,"coins/Jefferson Nickels, 1938-Date/Jefferson Nickel 90905_143 Obverse.jpg",https://www.kaggle.com/datasets/sergiosaharovskiy/uscoins,CC0: Public Domain
img_003715,USA,Nickel,Jefferson Nickel,,,Obverse,"coins/Jefferson Nickels, 1938-Date/Jefferson Nickel 86528_46 Obverse.jpg",https://www.kaggle.com/datasets/sergiosaharovskiy/uscoins,CC0: Public Domain
img_003716,USA,Nickel,Jefferson Nickel,,,Obverse,"coins/Jefferson Nickels, 1938-Date/Jefferson Nickel 26382_228 Obverse.jpg",https://www.kaggle.com/datasets/sergiosaharovskiy/uscoins,CC0: Public Domain
img_003717,USA,Nickel,Jefferson Nickel,,,Obverse,"coins/Jefferson Nickels, 1938-Date/Jefferson Nickel 177303_186 Obverse.jpg",https://www.kaggle.com/datasets/sergiosaharovskiy/uscoins,CC0: Public Domain
img_003718,USA,Nickel,Jefferson Nickel,,,Obverse,"coins/Jefferson Nickels, 1938-Date/Jefferson Nickel 26382_254 Obverse.jpg",https://www.kaggle.com/datasets/sergiosaharovskiy/uscoins,CC0: Public Domain
img_003719,USA,Nickel,Jefferson Nickel,,,Reverse,"coins/Jefferson Nickels, 1938-Date/Jefferson Nickel 30916_73 Reverse.jpg",https://www.kaggle.com/datasets/sergiosaharovskiy/uscoins,CC0: Public Domain
img_003720,USA,Nickel,Jefferson Nickel,,,Reverse,"coins/Jefferson Nickels, 1938-Date/Jefferson Nickel 30916_92 Reverse.jpg",https://www.kaggle.com/datasets/sergiosaharovskiy/uscoins,CC0: Public Domain
img_003721,USA,Nickel,Jefferson Nickel,,,Reverse,"coins/Jefferson Nickels, 1938-Date/Jefferson Nickel 177303_74 Reverse.jpg",https://www.kaggle.com/datasets/sergiosaharovskiy/uscoins,CC0: Public Domain
img_003722,USA,Nickel,Jefferson Nickel,,,Reverse,"coins/Jefferson Nickels, 1938-Date/Jefferson Nickel 30916_130 Reverse.jpg",https://www.kaggle.com/datasets/sergiosaharovskiy/uscoins,CC0: Public Domain
img_003723,USA,Nickel,Jefferson Nickel,,,Reverse,"coins/Jefferson Nickels, 1938-Date/Jefferson Nickel 26505_68 Reverse.jpg",https://www.kaggle.com/datasets/sergiosaharovskiy/uscoins,CC0: Public Domain
img_003724,USA,Nickel,Jefferson Nickel,,,Reverse,"coins/Jefferson Nickels, 1938-Date/Jefferson Nickel 26382_30 Reverse.jpg",https://www.kaggle.com/datasets/sergiosaharovskiy/uscoins,CC0: Public Domain
img_003725,USA,Nickel,Jefferson Nickel,,,Obverse,"coins/Jefferson Nickels, 1938-Date/Jefferson Nickel 177303_29 Obverse.jpg",https://www.kaggle.com/datasets/sergiosaharovskiy/uscoins,CC0: Public Domain
img_003726,USA,Nickel,Jefferson Nickel,,,Reverse,"coins/Jefferson Nickels, 1938-Date/Jefferson Nickel 90905_51 Reverse.jpg",https://www.kaggle.com/datasets/sergiosaharovskiy/uscoins,CC0: Public Domain
img_003727,USA,Nickel,Jefferson Nickel,,,Obverse,"coins/Jefferson Nickels, 1938-Date/Jefferson Nickel 90905_179 Obverse.jpg",https://www.kaggle.com/datasets/sergiosaharovskiy/uscoins,CC0: Public Domain
img_003728,USA,Nickel,Jefferson Nickel,,,Obverse,"coins/Jefferson Nickels, 1938-Date/Jefferson Nickel 90905_98 Obverse.jpg",https://www.kaggle.com/datasets/sergiosaharovskiy/uscoins,CC0: Public Domain
img_003729,USA,Nickel,Jefferson Nickel,,,Obverse,"coins/Jefferson Nickels, 1938-Date/Jefferson Nickel 26324_13 Obverse.jpg",https://www.kaggle.com/datasets/sergiosaharovskiy/uscoins,CC0: Public Domain
img_003730,USA,Nickel,Jefferson Nickel,,,Obverse,"coins/Jefferson Nickels, 1938-Date/Jefferson Nickel 90905_8 Obverse.jpg",https://www.kaggle.com/datasets/sergiosaharovskiy/uscoins,CC0: Public Domain
img_003731,USA,Nickel,Jefferson Nickel,,,Obverse,"coins/Jefferson Nickels, 1938-Date/Jefferson Nickel 90905_215 Obverse.jpg",https://www.kaggle.com/datasets/sergiosaharovskiy/uscoins,CC0: Public Domain
img_003732,USA,Nickel,Jefferson Nickel,,,Reverse,"coins/Jefferson Nickels, 1938-Date/Jefferson Nickel 26382_138 Reverse.jpg",https://www.kaggle.com/datasets/sergiosaharovskiy/uscoins,CC0: Public Domain
img_003733,USA,Nickel,Jefferson Nickel,,,Reverse,"coins/Jefferson Nickels, 1938-Date/Jefferson Nickel 26505_108 Reverse.jpg",https://www.kaggle.com/datasets/sergiosaharovskiy/uscoins,CC0: Public Domain
img_003734,USA,Nickel,Jefferson Nickel,,,Reverse,"coins/Jefferson Nickels, 1938-Date/Jefferson Nickel 177303_125 Reverse.jpg",https://www.kaggle.com/datasets/sergiosaharovskiy/uscoins,CC0: Public Domain
img_003735,USA,Nickel,Jefferson Nickel,,,Reverse,"coins/Jefferson Nickels, 1938-Date/Jefferson Nickel 90905_124 Reverse.jpg",https://www.kaggle.com/datasets/sergiosaharovskiy/uscoins,CC0: Public Domain
img_003736,USA,Nickel,Jefferson Nickel,,,Obverse,"coins/Jefferson Nickels, 1938-Date/Jefferson Nickel 90905_222 Obverse.jpg",https://www.kaggle.com/datasets/sergiosaharovskiy/uscoins,CC0: Public Domain
img_003737,USA,Nickel,Jefferson Nickel,,,Reverse,"coins/Jefferson Nickels, 1938-Date/Jefferson Nickel 30916_97 Reverse.jpg",https://www.kaggle.com/datasets/sergiosaharovskiy/uscoins,CC0: Public Domain
img_003738,USA,Nickel,Jefferson Nickel,,,Reverse,"coins/Jefferson Nickels, 1938-Date/Jefferson Nickel 26382_234 Reverse.jpg",https://www.kaggle.com/datasets/sergiosaharovskiy/uscoins,CC0: Public Domain
img_003739,USA,Nickel,Jefferson Nickel,,,Obverse,"coins/Jefferson Nickels, 1938-Date/Jefferson Nickel 86528_157 Obverse.jpg",https://www.kaggle.com/datasets/sergiosaharovskiy/uscoins,CC0: Public Domain
img_003740,USA,Nickel,Jefferson Nickel,,,Obverse,"coins/Jefferson Nickels, 1938-Date/Jefferson Nickel 90905_25 Obverse.jpg",https://www.kaggle.com/datasets/sergiosaharovskiy/uscoins,CC0: Public Domain
img_003741,USA,Nickel,Jefferson Nickel,,,Obverse,"coins/Jefferson Nickels, 1938-Date/Jefferson Nickel 86528_127 Obverse.jpg",https://www.kaggle.com/datasets/sergiosaharovskiy/uscoins,CC0: Public Domain
img_003742,USA,Nickel,Jefferson Nickel,,,Obverse,"coins/Jefferson Nickels, 1938-Date/Jefferson Nickel 177303_57 Obverse.jpg",https://www.kaggle.com/datasets/sergiosaharovskiy/uscoins,CC0: Public Domain
img_003743,USA,Nickel,Jefferson Nickel,,,Reverse,"coins/Jefferson Nickels, 1938-Date/Jefferson Nickel 90905_24 Reverse.jpg",https://www.kaggle.com/datasets/sergiosaharovskiy/uscoins,CC0: Public Domain
img_003744,USA,Nickel,Jefferson Nickel,,,Reverse,"coins/Jefferson Nickels, 1938-Date/Jefferson Nickel 90905_218 Reverse.jpg",https://www.kaggle.com/datasets/sergiosaharovskiy/uscoins,CC0: Public Domain
img_003745,USA,Nickel,Jefferson Nickel,,,Obverse,"coins/Jefferson Nickels, 1938-Date/Jefferson Nickel 26324_41 Obverse.jpg",https://www.kaggle.com/datasets/sergiosaharovskiy/uscoins,CC0: Public Domain
img_003746,USA,Nickel,Jefferson Nickel,,,Reverse,"coins/Jefferson Nickels, 1938-Date/Jefferson Nickel 26382_15 Reverse.jpg",https://www.kaggle.com/datasets/sergiosaharovskiy/uscoins,CC0: Public Domain
img_003747,USA,Nickel,Jefferson Nickel,,,Reverse,"coins/Jefferson Nickels, 1938-Date/Jefferson Nickel 86528_125 Reverse.jpg",https://www.kaggle.com/datasets/sergiosaharovskiy/uscoins,CC0: Public Domain
img_003748,USA,Nickel,Jefferson Nickel,,,Reverse,"coins/Jefferson Nickels, 1938-Date/Jefferson Nickel 26324_87 Reverse.jpg",https://www.kaggle.com/datasets/sergiosaharovskiy/uscoins,CC0: Public Domain
img_003749,USA,Nickel,Jefferson Nickel,,,Obverse,"coins/Jefferson Nickels, 1938-Date/Jefferson Nickel 90905_130 Obverse.jpg",https://www.kaggle.com/datasets/sergiosaharovskiy/uscoins,CC0: Public Domain
